date,strategy,benchmark,strategy_return,benchmark_return
2018-01-02,1.0007777392516388,0.9977127644435925,0.0007777392516388204,-0.0022872355564075297
2018-01-03,0.99657834006565,1.0014540141242971,-0.004196135686560187,0.0037498264170159334
2018-01-04,0.995019492895028,1.0080915824879166,-0.001564199328794702,0.006627931257955577
2018-01-05,1.0106611462937714,1.0166194755947324,0.015719946704997323,0.008459442827376318
2018-01-08,1.0214730300265342,1.016097031284886,0.010697832574658062,-0.000513903503118307
2018-01-09,1.0188295228593858,1.0210445211704786,-0.0025879363325723714,0.004869111643143187
2018-01-10,1.0134990020711945,1.0202397115865403,-0.0052320046372733575,-0.0007882218328890689
2018-01-11,1.027858758313759,1.0282451603835092,0.014168495689900862,0.007846635164318272
2018-01-12,1.0368984878417766,1.0374974759249314,0.008794719561321385,0.008998161039699193
2018-01-16,1.0301728275994477,1.0370950350525536,-0.0064863246703424915,-0.0003878957604392941
2018-01-17,1.0505274533701143,1.0502494467341617,0.01975845724653591,0.012683901896166638
2018-01-18,1.0481745929416304,1.0465483184673072,-0.0022396943753691945,-0.0035240468617845355
2018-01-19,1.061428632997786,1.0486575069662716,0.012644878196254483,0.0020153761290766514
2018-01-22,1.0653497352912846,1.0544536802121,0.003694174221044122,0.005527231920168685
2018-01-23,1.0664952468534705,1.0540106849609747,0.0010752446114539183,-0.00042011826544741115
2018-01-24,1.0646484957538642,1.0568284926757805,-0.001731607435715099,0.002673414752821124
2018-01-25,1.0714460791805687,1.0615778289598767,0.006384814756997592,0.004493951778373528
2018-01-26,1.0938335235168908,1.070271258979232,0.02089460661748266,0.00818915936467235
2018-01-29,1.0869724899193212,1.0632279303456857,-0.006272466010650346,-0.006580881785299808
2018-01-30,1.0767845483453211,1.048979921493398,-0.009372768555307442,-0.013400709712032666
2018-01-31,1.0845524199936534,1.052280340747465,0.007213951630592241,0.003146313086115571
2018-02-01,1.0811172286903892,1.0530044745388063,-0.0031673815298703945,0.0006881567233565367
2018-02-02,1.062309761366927,1.0260778102666255,-0.017396325601289897,-0.025571272414558477
2018-02-05,1.0092049021305531,0.9791468688277295,-0.04998999460198994,-0.04573818960835052
2018-02-06,1.0366611567769708,1.0020485470896043,0.02720582766537727,0.02338942092445606
2018-02-07,1.0474799912426342,1.0012438096664815,0.010436230194347917,-0.0008030922508296401
2018-02-08,1.0023964426329937,0.9606319909089744,-0.043040009342954266,-0.04056136813573419
2018-02-09,1.0196676987656421,0.9741558659699213,0.017229965508738232,0.014078101904716034
2018-02-12,1.0338502302150412,0.9908190251821889,0.01390897393981172,0.01710522904430367
2018-02-13,1.0389441798671903,0.9924292937974132,0.004927164015903651,0.0016251894385337362
2018-02-14,1.0536376490910393,1.0034175820960143,0.014142693619716207,0.011072112005637846
2018-02-15,1.0759533582962584,1.0162973497108714,0.021179680912570387,0.012835899873264056
2018-02-16,1.0814067179874616,1.0167210780240505,0.005068397853080109,0.00041693340369297616
2018-02-20,1.0544342615000488,1.0061891347275864,-0.02494200936499591,-0.010358734095424094
2018-02-21,1.0393081682574934,0.9996110268765785,-0.0143452216936093,-0.006537645482316612
2018-02-22,1.0449395265930428,1.0067537209541388,0.005418372055124854,0.0071454734746960735
2018-02-23,1.05757103782096,1.0205548378712224,0.012088270092625697,0.013708533308427917
2018-02-26,1.074194557338608,1.036735529865861,0.015718584306071204,0.015854799168254274
2018-02-27,1.0610730194116378,1.0247915437164856,-0.012215234044268275,-0.01152076475175945
2018-02-28,1.049051661988286,1.009618866164422,-0.011329434641564662,-0.014805623294898207
2018-03-01,1.0213805034413295,0.9925901402568948,-0.026377307762432634,-0.016866489403293272
2018-03-02,1.0136809584182709,0.9900478425386351,-0.00753837085896647,-0.0025612764172751046
2018-03-05,1.0328959615425484,1.004130747443281,0.018955671372440808,0.014224469060540645
2018-03-06,1.0332154053593026,1.004130747443281,0.0003092700800932935,0.0
2018-03-07,1.0268104669269575,1.0011849264403994,-0.00619903497288421,-0.0029337026182918446
2018-03-08,1.031815702953748,1.0053416059404114,0.004874547141859864,0.004151759969849511
2018-03-09,1.0567191937011269,1.0231768732914683,0.024135599677431063,0.017740504566478688
2018-03-12,1.041787110572999,1.0167210780240505,-0.014130606519816014,-0.006309559408482435
2018-03-13,1.0309986404132832,1.0096991811529388,-0.01035573395967826,-0.006906414180729348
2018-03-14,1.0218774589044226,1.0002571548255241,-0.008846938445238206,-0.009351326121343484
2018-03-15,1.0247357967070798,1.0047766589097777,0.002797143412598402,0.0045183421707610805
2018-03-16,1.0250330351475174,1.0070163863253874,0.00029006348894289324,0.00222907986142884
2018-03-19,1.0130158279506503,0.9941203103660515,-0.011723726733487871,-0.01280622255452446
2018-03-20,1.0196287328685325,0.9989306225399017,0.006527938394862209,0.004838762596127699
2018-03-21,1.0213490606756335,0.9969905068334747,0.0016872100124729617,-0.0019421926434631809
2018-03-22,0.980004892816247,0.9676411153156053,-0.040479958763595336,-0.029437984932359607
2018-03-23,0.9661239611130705,0.9505404450742496,-0.014164145306751252,-0.01767253372215183
2018-03-26,0.9978394102725707,0.977586030371655,0.03282751534591988,0.028452850625722448
2018-03-27,0.9778150539468231,0.9633151465406072,-0.02006771442338373,-0.014598084861771499
2018-03-28,0.9682946863268895,0.9632752416092061,-0.009736368428268527,-4.142458627842682e-05
2018-03-29,0.9873548338055522,0.9758878698822052,0.01968424256355794,0.01309348328306359
2018-04-02,0.9524193099279314,0.9546643635636716,-0.035382947124458886,-0.021747894377553312
2018-04-03,0.9725929391455346,0.9708344479183171,0.021181457586291197,0.016937978384658825
2018-04-04,0.9829630641391857,0.9801732842784555,0.010662348631444551,0.009619391215631934
2018-04-05,0.9963252106957159,0.9900778614382064,0.013593742271722054,0.010104924627732492
2018-04-06,0.9682794137965675,0.9667111067154255,-0.02814923942310421,-0.023600926384555132
2018-04-09,0.9710862339281008,0.9691367203937652,0.0028987708419081493,0.002509140177959779
2018-04-10,0.9953469139813387,0.986438935794983,0.024983033643780628,0.017853224459586814
2018-04-11,0.9871025137936856,0.977828707196795,-0.008282941426598578,-0.008728597671632699
2018-04-12,1.0101229570572692,0.9896731114197079,0.023321228486299805,0.012112964301148388
2018-04-13,0.9976951034551207,0.9847006538916829,-0.01230330774617161,-0.005024343362114658
2018-04-16,1.004443292049914,0.9929478414231806,0.006763778404267562,0.008375324520100147
2018-04-17,1.0232218518331977,1.0017609140759236,0.018695490260042025,0.008875665251571796
2018-04-18,1.0231621077657098,1.00006282574729,-5.838818569092741e-05,-0.0016951033972012475
2018-04-19,1.0152273937335812,0.9967881679046335,-0.007755089806302351,-0.0032744521227550116
2018-04-20,1.0078948436144546,0.9888685904790341,-0.007222569213937935,-0.007945095739095076
2018-04-23,1.0102188496563538,0.9883426824500064,0.0023058020949535685,-0.0005318280245637519
2018-04-24,0.9987024930542003,0.9711119062569029,-0.011399863114879505,-0.017434009983652743
2018-04-25,1.0039757971793064,0.9735794453694995,0.005280155163105205,0.0025409420857660514
2018-04-26,1.0209364833610242,0.9833674106501467,0.01689352096870178,0.01005358661504241
2018-04-27,1.0287715730298477,0.9826800788751069,0.007674414419033715,-0.0006989572438498293
2018-04-30,1.0097149729838253,0.9769769209214597,-0.01852364562319564,-0.005803677184720857
2018-05-01,1.0211138961535722,0.9738219778730071,0.011289248426277876,-0.003229291276888091
2018-05-02,1.0081721432839228,0.967147896136351,-0.01267415213758194,-0.006853492618058787
2018-05-03,1.009164348410354,0.9671079190441335,0.0009841624102004953,-4.133503508318981e-05
2018-05-04,1.0236852503651839,0.9809410032028278,0.01438903581731088,0.014303557944563838
2018-05-07,1.0355028321172113,0.9845811555799281,0.011544155537858591,0.0037108779888035404
2018-05-08,1.0341134194313224,0.9845811555799281,-0.0013417758433823535,0.0
2018-05-09,1.0408222591671974,0.9925897794528135,0.006487527973057627,0.008134041391609115
2018-05-10,1.046774892234402,1.0009224775515995,0.005719163877190292,0.00839490620523975
2018-05-11,1.0462220198359187,1.0052903717608546,-0.0005281674241376377,0.004363868638397994
2018-05-14,1.047026807643145,1.008243120202099,0.0007692323349803853,0.002937209510991634
2018-05-15,1.0424291507922896,1.0003150278001787,-0.004391154856106083,-0.007863274485157001
2018-05-16,1.0494326635272468,1.0029851944848815,0.006718454419309294,0.0026693257728767072
2018-05-17,1.037841642607821,1.0020542477940901,-0.011045035400811032,-0.0009281759051982252
2018-05-18,1.033082007543899,1.001880051583597,-0.004586089889361489,-0.0001738391019014962
2018-05-21,1.0427860786604013,1.0138056367248218,0.009393321193903459,0.011903206498996344
2018-05-22,1.042493123456572,1.006666550688076,-0.0002809350928482113,-0.0070418685575759365
2018-05-23,1.0500640503315806,1.0084917142141734,0.007262327879828945,0.001813076559313176
2018-05-24,1.0495011090683057,1.0055717989443353,-0.0005361018340710455,-0.0028953289637221324
2018-05-25,1.0501305162086247,1.003381140883794,0.000599720319379049,-0.002178519786295796
2018-05-29,1.0411187591470041,0.987480721499576,-0.008581559075301004,-0.015846838989033274
2018-05-30,1.0493962582428782,1.000663781025246,0.007950581067865725,0.013350194326477771
2018-05-31,1.045493267602586,0.9904416241130595,-0.0037192724956226497,-0.010215376139339427
2018-06-01,1.0545146108865233,0.9992842105396599,0.008628791369096112,0.008927922869274463
2018-06-04,1.0573684344528345,1.0067473708023065,0.0027062911569446513,0.007468506140626552
2018-06-05,1.0548496536030185,1.0065451040342814,-0.0023821222269788667,-0.0002009111460244961
2018-06-06,1.067606790352204,1.0202140223359455,0.012093796215992825,0.01358003555615972
2018-06-07,1.0677001745000647,1.0243109526800798,8.747054505886531e-05,0.004015755767357243
2018-06-08,1.0690603634803857,1.027312914798025,0.001273942828526664,0.002930713676438268
2018-06-11,1.0654534046227453,1.0277992065389165,-0.003373952473457842,0.00047336282245336037
2018-06-12,1.06593416901417,1.0274344336126358,0.0004512298607697307,-0.0003549067988767307
2018-06-13,1.064162904298308,1.022891405102276,-0.0016617017892390784,-0.004421721096484754
2018-06-14,1.0651327060676254,1.022120438941171,0.0009113282988912896,-0.0007537126201854205
2018-06-15,1.0580342038088981,1.0185705597452335,-0.006664429904640112,-0.0034730537231160152
2018-06-18,1.0526337856787533,1.0144672792492668,-0.005104199949967025,-0.004028469561296766
2018-06-19,1.0489142175102104,1.0028900143682116,-0.003533582352332032,-0.011412161947325417
2018-06-20,1.0513569532362204,1.0011836997065227,0.0023288231632594414,-0.0017013975981841067
2018-06-21,1.03819055642151,0.993221836042585,-0.012523241297051846,-0.007952450350791285
2018-06-22,1.0502126398979499,0.9980562499290717,0.01157984283528668,0.00486740596214541
2018-06-25,1.0266776440071963,0.9843250568429607,-0.022409743509695823,-0.01375793507338574
2018-06-26,1.0289815391027761,0.9857879009105305,0.0022440296708785556,0.0014861392152929476
2018-06-27,1.0259723018642242,0.9794913645646364,-0.002924481270262458,-0.006387313477958401
2018-06-28,1.0321480921404784,0.9833912958803344,0.0060194512707922865,0.003981588257729429
2018-06-29,1.0380782560517714,0.9860314436654661,0.005745458385719493,0.0026847378009058342
2018-07-02,1.0266146602673079,0.9860314436654661,-0.011043094022664679,0.0
2018-07-03,1.0236120689550523,0.9816851977010941,-0.002924750082444527,-0.004407816801678566
2018-07-05,1.0272640863893532,0.9893628920705325,0.003567774887637931,0.007820933215065384
2018-07-06,1.0293721941295928,0.993628534403123,0.002052157539790267,0.004311504268836419
2018-07-09,1.0370284972665291,1.0067898013622771,0.007437837529126412,0.013245661234014605
2018-07-10,1.0449049177944392,1.0124360244318815,0.007595182339416251,0.005608144879859278
2018-07-11,1.0329158586641438,1.0037024008378599,-0.011473827834595274,-0.008626346142634023
2018-07-12,1.0380555568689047,1.0127205545304625,0.004975911795378929,0.008984888035611593
2018-07-13,1.040846846992208,1.0163765101263273,0.002688960243826255,0.003610033961994441
2018-07-16,1.0371947658802432,1.0182859574858365,-0.003508759355440705,0.0018786811191373598
2018-07-17,1.0364044323952972,1.0207641763992423,-0.0007619913934633349,0.0024337160845511185
2018-07-18,1.0345042310612742,1.0238106617408302,-0.0018334554297798622,0.002984514358972179
2018-07-19,1.0354506644856514,1.0187735481214213,0.0009148666539586792,-0.00491996597382971
2018-07-20,1.0347720915350065,1.0186431535264084,-0.000655340687797934,-0.00012799173599797875
2018-07-23,1.0326023778557292,1.0179110098844604,-0.0020968034381935174,-0.0007187439874439816
2018-07-24,1.0402409478535097,1.0258425660055621,0.0073973972572507485,0.00779199364589056
2018-07-25,1.0502810769726787,1.0332044846429715,0.009651734187051897,0.007176460483673708
2018-07-26,1.0496161742716446,1.0376787438954191,-0.0006330711993314253,0.004330468284788447
2018-07-27,1.0396338053944607,1.0341807483263852,-0.009510494523496504,-0.003370981230571002
2018-07-30,1.0444380944607428,1.0285271648535204,0.004621135866642145,-0.005466726664573929
2018-07-31,1.0476439751647217,1.0338146765054113,0.003069478910221246,0.005140857560766543
2018-08-01,1.0431938125145697,1.0295031398936687,-0.004247781455959165,-0.004170512094408219
2018-08-02,1.0427392826359487,1.0294627298365535,-0.0004357099066043535,-3.925199987186989e-05
2018-08-03,1.0526520000752262,1.0347094706272475,0.009506419873450023,0.0050965815843833084
2018-08-06,1.0601741187175573,1.0365805284324976,0.007145874079746761,0.0018082929154170646
2018-08-07,1.0625518592512526,1.0417464491089614,0.0022427830407438787,0.004983617321343781
2018-08-08,1.0607860706532428,1.0397123078589252,-0.0016618375683367104,-0.0019526260461708578
2018-08-09,1.0535732705879428,1.0378414665361242,-0.006799486027242341,-0.0017993836455140189
2018-08-10,1.0490277814249893,1.0302761987184457,-0.004314355052322916,-0.007289425275064598
2018-08-13,1.0482346062081935,1.0251511932248107,-0.0007561050630311428,-0.004974399583344669
2018-08-14,1.0478629295201685,1.0299100547366553,-0.00035457395302906924,0.004642106982165828
2018-08-15,1.0548357949429443,1.0240122069006925,0.006654367881845813,-0.005726565935382455
2018-08-16,1.0673366136492615,1.041014088984565,0.011850961795426551,0.016603202549050566
2018-08-17,1.0733084195571956,1.0455304901537181,0.005595053923538096,0.004338463059187392
2018-08-20,1.078157732451009,1.0492803991323758,0.004518098251585556,0.0035866089166909365
2018-08-21,1.0768026788212373,1.0518888683191618,-0.0012568231799360285,0.0024859600817310756
2018-08-22,1.0695068058394517,1.0482611276024614,-0.006775496685959448,-0.003448787059128544
2018-08-23,1.0687303742941487,1.0454487319488763,-0.0007259715796699151,-0.0026829151434980547
2018-08-24,1.0713452872785623,1.0509919815336533,0.002446747137827554,0.005302268217824091
2018-08-27,1.0708960334929583,1.0621193237252202,-0.0004193361290132369,0.010587466305241877
2018-08-28,1.0685551321834048,1.0623639488923997,-0.0021859277057157955,0.00023031797060379944
2018-08-29,1.0675435288669106,1.0651764167068012,-0.0009467020334525955,0.002647367521585897
2018-08-30,1.063908290255151,1.0597962505668104,-0.003405236895227981,-0.005050962503117207
2018-08-31,1.0617802734899888,1.0591440611092977,-0.0020001881596880544,-0.0006153913614658224
2018-09-04,1.0559320787729223,1.0586545942924899,-0.005507914267274927,-0.0004621343165491787
2018-09-05,1.0637892978632884,1.0594291684944086,0.00744102698300142,0.0007316590378907417
2018-09-06,1.0597781589572108,1.0609371852329683,-0.0037706140813168476,0.0014234238431463098
2018-09-07,1.0558379576512638,1.0578800200905707,-0.0037179491506261764,-0.0028815703558606742
2018-09-10,1.0564158690354644,1.0554350673134691,0.0005473485585669735,-0.0023111815429619487
2018-09-11,1.0636548881407666,1.0598772150026732,0.006852433134984626,0.004208830866792468
2018-09-12,1.0639196683049696,1.0607744625922635,0.0002489342804279371,0.0008465580511494153
2018-09-13,1.0699895357599918,1.067011033299831,0.005705193386162932,0.005879261735173058
2018-09-14,1.0658671530491883,1.0674595849338098,-0.003852731800667031,0.0004203814393479721
2018-09-17,1.0633425642180403,1.0637498695298182,-0.002368577382205417,-0.003475274807918427
2018-09-18,1.0657086316411477,1.0716165530770865,0.0022251224607445774,0.007395238084255018
2018-09-19,1.0606155806568287,1.0777712934189962,-0.004779027618905474,0.005743416639316434
2018-09-20,1.071050133456952,1.0884498674941356,0.009838204331923173,0.009908014938182275
2018-09-21,1.0738056916387988,1.091007174662181,0.0025727630255298894,0.002349494675333963
2018-09-24,1.066421164784774,1.0840639330808115,-0.006876967510532461,-0.006364065922407347
2018-09-25,1.062513803913304,1.0812455480794751,-0.003663994114612823,-0.0025998328284262406
2018-09-26,1.0599001177991911,1.0773652445058048,-0.00245990791318329,-0.0035887348443307543
2018-09-27,1.064956810869565,1.079285083022858,0.0047709147168262245,0.0017819755434320683
2018-09-28,1.0662293056829912,1.0798977283530506,0.0011948792668756703,0.0005676399496570284
2018-10-01,1.0744131921963087,1.089414368964496,0.007675540776920453,0.008812538781759471
2018-10-02,1.0770905962408124,1.0928453271352085,0.0024919686987745493,0.003149360122699507
2018-10-03,1.0792237934347932,1.0943974341325136,0.0019805178890486275,0.0014202439803385758
2018-10-04,1.0704745817392411,1.0874536152646135,-0.008106948483508125,-0.0063448786074724595
2018-10-05,1.0658372050202365,1.0795709120161319,-0.004332075509415723,-0.0072487719364136005
2018-10-08,1.066503081906709,1.0816537618171551,0.0006247453957659577,0.001929331160964276
2018-10-09,1.075311458697755,1.0792031804963835,0.008259119866112608,-0.0022655875727318753
2018-10-10,1.0414776396054328,1.0458349366375914,-0.03146420399285643,-0.030919334247554997
2018-10-11,1.018699367801014,1.0221861774447998,-0.02187110979458795,-0.022612324721933197
2018-10-12,1.0417850392456607,1.0345615409538795,0.022661908090195304,0.0121067607664338
2018-10-15,1.0295288296018295,1.0306403221973799,-0.011764624353509334,-0.0037902228154395035
2018-10-16,1.053613339787927,1.053431377927902,0.02339372098536785,0.02211349123419737
2018-10-17,1.0615675768205188,1.0495507857109663,0.007549483982608685,-0.003683763649198424
2018-10-18,1.0510710569370527,1.0361136479511845,-0.009887754781381042,-0.01280275137012965
2018-10-19,1.056606548882787,1.0393626165432464,0.005266524950144902,0.003135726084186219
2018-10-22,1.0591283821423796,1.0341317511321328,0.002386728780224834,-0.005032762702694149
2018-10-23,1.0558911792425647,1.0285323604322922,-0.00305647828383826,-0.005414581549894937
2018-10-24,1.0231484798881592,1.0038887200654876,-0.031009539617418924,-0.0239600048718418
2018-10-25,1.0430195940168456,1.0207678566008724,0.019421535113709698,0.016813752558434647
2018-10-26,1.0323143562120063,1.0075262024923852,-0.010263697696810903,-0.012972248315676338
2018-10-29,1.029827258487434,0.9991075608614132,-0.002409244538358002,-0.008355754530399606
2018-10-30,1.038164651181325,1.0163947668128455,0.008095913780857389,0.01730264751127253
2018-10-31,1.0509909517088993,1.0265711737675123,0.012354784487200066,0.010012258314333389
2018-11-01,1.0469584128908969,1.0369510020632646,-0.003836892041216511,0.010111162831173637
2018-11-02,1.0510220651696933,1.03176105183498,0.0038813884379378383,-0.005005010090118001
2018-11-05,1.0665094679680367,1.0400165378603496,0.014735563896884463,0.008001354587563902
2018-11-06,1.0714293316685308,1.0471686128440254,0.004613052062132805,0.006876885821825329
2018-11-07,1.0814901295177068,1.0698504170987038,0.009390071329770766,0.021660126150149228
2018-11-08,1.0877252236785098,1.0711580432504617,0.005765280690618546,0.001222251382865247
2018-11-09,1.0911235852919363,1.062943616729554,0.0031242831732207765,-0.007668734387673237
2018-11-12,1.086861724359883,1.0389541141623013,-0.003905937869460474,-0.022568932340045644
2018-11-13,1.085850974203329,1.0342132206937098,-0.0009299712501599222,-0.004563140377392028
2018-11-14,1.0822937392328689,1.0254267032213569,-0.0032759881926431866,-0.008495847177876215
2018-11-15,1.0812209703200513,1.0348672863324457,-0.0009911994072681063,0.009206492362088259
2018-11-16,1.0897479598745383,1.0407294867251677,0.007886444851289642,0.005664688091066683
2018-11-19,1.0878826517422981,1.0235650263222231,-0.0017116876570751893,-0.0164927203676678
2018-11-20,1.067218352341017,1.001607428019702,-0.018994970981646042,-0.02145207948479544
2018-11-21,1.0633489954427096,1.0022220216919344,-0.003625646888305245,0.0006136073425968558
2018-11-23,1.0624121412299519,0.9946843193060736,-0.0008810411415000052,-0.007520990581643572
2018-11-26,1.0699464301315873,1.009349778480525,0.007091681852311016,0.014743832681189284
2018-11-27,1.0804680272849108,1.01389735312231,0.009833760697747662,0.004505449685272778
2018-11-28,1.0904357156341016,1.0398688246694303,0.009225343182285961,0.025615484118920673
2018-11-29,1.0909927883273651,1.0388450070080903,0.0005108716499986343,-0.0009845642421921763
2018-11-30,1.1034527367693017,1.046710247339033,0.011420743175616366,0.007571139369091151
2018-12-03,1.091034063504375,1.0599013888761262,-0.011254377148301131,0.012602476731863321
2018-12-04,1.0833069074218924,1.0271286882340693,-0.007082415060133962,-0.03092051863127343
2018-12-06,1.0831452438672446,1.0229914921544523,-0.0001492315368250008,-0.004027923790864141
2018-12-07,1.0667915393445717,1.0008290292945208,-0.015098348642776593,-0.021664366741952712
2018-12-10,1.0749976610718894,1.0024673684672767,0.007692338591623438,0.001636982066667958
2018-12-11,1.0744178327322238,1.0005013470278061,-0.0005393763732355339,-0.001961182479661705
2018-12-12,1.0763595820019038,1.0072603620452203,0.0018072571122003112,0.006755628103343625
2018-12-13,1.0913520666428964,1.0088580025175962,0.013928881102269086,0.001586124633289332
2018-12-14,1.0782757017861604,0.9889899649720123,-0.011981802441589862,-0.019693591661069543
2018-12-17,1.055129711293342,0.9685481767762087,-0.021465744293854616,-0.02066935855752794
2018-12-18,1.04729033692041,0.9723579070715601,-0.007429773125545602,0.0039334442898153466
2018-12-19,1.039491725265467,0.9562175529732203,-0.007446465779370359,-0.01659919046367353
2018-12-20,1.0287989911103725,0.9376603166553109,-0.010286502427293231,-0.019406918708204324
2018-12-21,1.0277182539765335,0.9204737750425853,-0.0010504842473383347,-0.018329176683120174
2018-12-24,0.9962547832268481,0.8958691736773865,-0.030614879737655976,-0.026730366505075653
2018-12-26,1.0270514100191213,0.9394511316328606,0.03091240043287269,0.04864768119721963
2018-12-27,1.0430917399830806,0.9499252019546706,0.015617845229052962,0.011149138011686599
2018-12-28,1.040000394627657,0.9467215503552309,-0.0029636370770932396,-0.0033725303769681636
2018-12-31,1.0509115456938236,0.9578945703435015,0.01049148742878403,0.011801801685065838
2019-01-02,1.0430304985241043,0.9585513780932557,-0.007499248820714177,0.0006856785392559406
2019-01-03,1.027693512160144,0.9312768986866191,-0.014704254943323614,-0.028453852375540767
2019-01-04,1.0497394490925318,0.9623302235592406,0.021451859597759526,0.03334488906190636
2019-01-07,1.0507846624198784,0.9667668870264077,0.0009956883379491632,0.0046103337072360695
2019-01-08,1.0616239365638114,0.9772820168526795,0.010315409552106525,0.010876592865746826
2019-01-09,1.0568806357869347,0.981389915640888,-0.004467967058306432,0.004203391362339826
2019-01-10,1.0563857858867884,0.9858257853390762,-0.00046821739692282094,0.00451998703827261
2019-01-11,1.05980551957288,0.9853329991247194,0.0032372015335484505,-0.0004998715003049492
2019-01-14,1.0526115647722827,0.9814716016849138,-0.006787995219629139,-0.003918875591536808
2019-01-15,1.0617563176882245,0.9884543152327873,0.00868768045306445,0.007114534476480028
2019-01-16,1.053970070361705,0.9934659560840503,-0.007333365666683855,0.005070179546014408
2019-01-17,1.0592298402414015,1.001434747186351,0.004990435713123631,0.008021201988351212
2019-01-18,1.0673116697789606,1.015509353597125,0.007629911120816901,0.014054441839888465
2019-01-22,1.0624030178027901,1.0029719168946867,-0.004599080207927542,-0.012345958860967898
2019-01-23,1.0731645777602028,1.010042450155969,0.010129451608363427,0.007049582487985928
2019-01-24,1.0617803393108338,1.0090148079713666,-0.010608101203944842,-0.0010174247472903852
2019-01-25,1.0568676486466073,1.0169069642867805,-0.004626842749240523,0.007821645681574507
2019-01-28,1.049204171430776,1.007493802285877,-0.007251122906113072,-0.009256659981186632
2019-01-29,1.0475034719454641,1.010001318490691,-0.0016209423595721084,0.00248886514152713
2019-01-30,1.0546418970362845,1.028374761209543,0.006814703036317926,0.018191503696558087
2019-01-31,1.063771702359632,1.0281282598611403,0.008656782315403788,-0.00023969992039951649
2019-02-01,1.0646966771526176,1.0296082782029843,0.0008695237812152978,0.0014395269536155997
2019-02-04,1.0684253588629935,1.0371717420002562,0.0035021070229577234,0.007345962496021041
2019-02-05,1.072294895547179,1.0439129332960502,0.0036217192451359903,0.006499590205565342
2019-02-06,1.0740795768414386,1.0435431091126297,0.0016643567937055792,-0.00035426726849030477
2019-02-07,1.0676416432674314,1.0354455831140907,-0.005993907446727009,-0.007759646849112567
2019-02-08,1.0678861535190556,1.0330613175834777,0.0002290190282161486,-0.002302646869613678
2019-02-11,1.067031953124102,1.0314993245543431,-0.0007998983713186636,-0.001512004178792048
2019-02-12,1.0790033625728874,1.0462562114830174,0.011219354222462785,0.01430624972541783
2019-02-13,1.0806655778704957,1.0514761806108728,0.0015405098401590767,0.0049891881840837815
2019-02-14,1.082646321741521,1.0488457745359385,0.0018328925354764714,-0.002501631633163637
2019-02-15,1.0990335371774536,1.066108301488204,0.015136259281399056,0.016458594172154006
2019-02-19,1.1016553566812144,1.066767851348977,0.0023855682425253377,0.00061865183851606
2019-02-20,1.1003321372920658,1.0696117812792754,-0.0012011191895211493,0.002665931417695333
2019-02-21,1.098889727012153,1.0656132782885428,-0.0013108862597276394,-0.0037382750084804517
2019-02-22,1.1093734430426614,1.0723734478790177,0.009540280314580318,0.006343923943339158
2019-02-25,1.109141383708968,1.0753412057700473,-0.0002091805380313172,0.0027674667783872398
2019-02-26,1.1104228070895505,1.0738979894445044,0.0011553291576744673,-0.0013421008306934157
2019-02-27,1.1072940285150386,1.071136467166395,-0.002817646174534727,-0.002571494038775435
2019-02-28,1.10919289360813,1.0687050084619367,0.0017148698034954446,-0.002269980323693521
2019-03-01,1.1109341135690622,1.0734036878530062,0.0015698080748320908,0.004396610246855559
2019-03-04,1.1029647382421013,1.0645826775104728,-0.007173580529774126,-0.008217793959863329
2019-03-05,1.1027573344238908,1.0642122038797062,-0.0001880421114287545,-0.00034799892821191225
2019-03-06,1.0956505845813693,1.058771566975675,-0.0064445273866478026,-0.005112360940982219
2019-03-07,1.0911310486440622,1.050280331563528,-0.004124979259728101,-0.008019893692840396
2019-03-08,1.08747773615626,1.0498677881768719,-0.0033481885538333422,-0.0003927935944892935
2019-03-11,1.0951459836376993,1.0583181805670057,0.007051406411815897,0.008049006251356738
2019-03-12,1.0910910094284216,1.0546080321981168,-0.0037026791586346475,-0.003505702195251925
2019-03-13,1.098611525306848,1.0607497835930966,0.006892656811796183,0.005823729013497481
2019-03-14,1.096564609973932,1.0615328727713358,-0.0018631839242214676,0.0007382411859531146
2019-03-15,1.1062851932289064,1.0670882453732475,0.008864578672847623,0.005233349568731116
2019-03-18,1.1047604407871305,1.06977334934692,-0.0013782634451841025,0.002516290461744619
2019-03-19,1.1056540832098174,1.0693180867570273,0.0008089015407268807,-0.0004255692013364065
2019-03-20,1.1040045913724426,1.0627513081541755,-0.0014918697108106116,-0.0061410899938737495
2019-03-21,1.1130674953529731,1.0722104365950476,0.008209118015771955,0.008900603902620485
2019-03-22,1.096639591275946,1.0531270757656612,-0.014759126598892891,-0.017798148738402686
2019-03-25,1.098237600842074,1.0535816167473908,0.0014571875562769954,0.0004316107639708022
2019-03-26,1.107666822993316,1.0593234528985627,0.008585776105290988,0.005449825680233555
2019-03-27,1.1047047381066684,1.0578772779795524,-0.002674165936145889,-0.0013651872948278188
2019-03-28,1.1057669657744322,1.0618837186600754,0.0009615489380305764,0.0037872452352647468
2019-03-29,1.1129424807591326,1.0703517182893807,0.006489174669524367,0.007974507453594404
2019-04-01,1.1196898664432653,1.0838172874107763,0.006062654450507132,0.012580508716252714
2019-04-02,1.118252235560517,1.0809259478241837,-0.0012839545358350746,-0.0026677370993961613
2019-04-03,1.1210968987418506,1.0822059363833076,0.0025438475246220005,0.0011841593419978924
2019-04-04,1.1227804319964925,1.0895586905970502,0.0015016839815820138,0.006794228313249828
2019-04-05,1.1215164099399266,1.0911284048335268,-0.0011257963004558391,0.0014406880969546343
2019-04-08,1.1176144886569186,1.0872455756312867,-0.003479147739993471,-0.0035585447001835746
2019-04-09,1.1126437635238684,1.080182041969183,-0.004447620519866136,-0.006496723298232254
2019-04-10,1.115410276401916,1.080554175298724,0.0024864318380626305,0.0003445098280494552
2019-04-11,1.1153767133431258,1.0797280782739833,-3.0090325954801322e-05,-0.0007645123619205441
2019-04-12,1.1255773918474694,1.0907564879864344,0.009145500692558928,0.010214062164689341
2019-04-15,1.1241463420554842,1.0896822299145166,-0.0012713917340115843,-0.0009848743360683088
2019-04-16,1.1280119382278018,1.0926567709222765,0.003438694792396335,0.0027297325092594527
2019-04-17,1.121709010360138,1.0926567709222765,-0.005587642873324805,0.0
2019-04-18,1.1279624020692904,1.0975665207009566,0.0055748787353904206,0.004493405348630963
2019-04-22,1.126110286181155,1.0955412552313224,-0.001642001439709051,-0.0018452325498602429
2019-04-23,1.1269392970329077,1.1013688905930477,0.0007361719912568621,0.005319412056732364
2019-04-24,1.1300595352045408,1.0990542602501423,0.0027687721777458485,-0.002101594082305147
2019-04-25,1.131878573001331,1.0933094655055031,0.0016096831539595957,-0.005227034690108656
2019-04-26,1.1268707355565195,1.0966573665766808,-0.004424359259255661,0.003062171486487353
2019-04-29,1.1252617064038517,1.0970710645363977,-0.0014278737586287393,0.0003772353811914986
2019-04-30,1.1325441199453683,1.0985173116162241,0.006471750971416279,0.0013182802159106277
2019-05-01,1.118344031557025,1.0917394626257615,-0.01253822092955481,-0.006169997430892082
2019-05-02,1.107889718346432,1.0864899075632322,-0.009348029689967507,-0.004808432086812697
2019-05-03,1.1198852420142982,1.095127918075687,0.01082736256977812,0.007950382651807697
2019-05-06,1.1126584951464367,1.0922346301470551,-0.0064531137626772095,-0.002641963446348594
2019-05-07,1.093730098539596,1.0726036408829418,-0.017011865446054597,-0.017973234616696088
2019-05-08,1.0930955287617923,1.0731817933429542,-0.0005801886394558586,0.0005390178048774175
2019-05-09,1.0831863388093308,1.0681393398231402,-0.009065255224020685,-0.004698601440215167
2019-05-10,1.0907121446459942,1.0742563400581369,0.0069478404287630635,0.005726781148243765
2019-05-13,1.064358024063032,1.0475984748265885,-0.024162305987264765,-0.024815180732473685
2019-05-14,1.077516772798481,1.057269395263234,0.012363085012707886,0.009231514429463239
2019-05-15,1.0859827006012255,1.0618571634796854,0.007856887258244072,0.004339261343424328
2019-05-16,1.1012226205131725,1.0711150354039607,0.014033298968307628,0.00871856615247335
2019-05-17,1.0944043211516636,1.066656940174359,-0.006191572198482098,-0.004162106853369152
2019-05-20,1.0854981320449146,1.063466710486747,-0.008137933060586633,-0.0029908676046214167
2019-05-21,1.093055593038851,1.0721677895526278,0.006962205434383639,0.008181806708268624
2019-05-22,1.089658124366179,1.0673201702367623,-0.003108230445284743,-0.004521325265598786
2019-05-23,1.077238747455909,1.05555290592645,-0.011397498566345088,-0.011025055684745544
2019-05-24,1.0799353518527532,1.0611879440695313,0.0025032560360576106,0.005338470588677424
2019-05-28,1.0701796986617704,1.0502082429080672,-0.00903355295689312,-0.010346613173306651
2019-05-29,1.0628455629213256,1.0410928885959394,-0.0068531815260707285,-0.008679568431958828
2019-05-30,1.0676520314825058,1.0435786122342379,0.004522264314647195,0.0023876098526143252
2019-05-31,1.0516308866169506,1.0284554370021408,-0.015005961111982047,-0.01449164926801183
2019-06-03,1.0489956510342637,1.0296157829278771,-0.0025058560149030518,0.0011282413257678314
2019-06-04,1.0665038210461235,1.0509535919793938,0.01669041239074498,0.02072405008287581
2019-06-05,1.0835247301659219,1.0595721912322698,0.015959538806999074,0.008200741991512217
2019-06-06,1.091098965016184,1.067817141778463,0.006990366384256097,0.0077813957504910825
2019-06-07,1.1042141394120146,1.0782997992374097,0.012020151073680152,0.009816903146439238
2019-06-10,1.1054934563908148,1.0813658401602093,0.0011585768857129697,0.0028434030359347773
2019-06-11,1.1051854719196075,1.0809103610878679,-0.00027859456736434307,-0.00042120719503579984
2019-06-12,1.1057840856933119,1.0791284218907202,0.0005416410086034329,-0.0016485540904189744
2019-06-13,1.1135425084813815,1.083727952320225,0.007016218526246121,0.004262264190434406
2019-06-14,1.1139597018439364,1.0835202734909795,0.0003746541864162456,-0.00019163372948061141
2019-06-17,1.1170464069263069,1.0842246352186604,0.0027709306514958065,0.0006500678805128057
2019-06-18,1.1247293084921213,1.0993479547723903,0.006877871427879878,0.013948511279380682
2019-06-19,1.1279257354891707,1.1003007661905133,0.002841952257236713,0.000866705954185587
2019-06-20,1.1410651164932315,1.1107417868584686,0.011649154364194336,0.009489242386065522
2019-06-21,1.1360220368987681,1.1093174766667906,-0.00441962471866808,-0.0012823054003454626
2019-06-24,1.1364484599395284,1.1096081404347549,0.00037536511344815615,0.00026202036304123766
2019-06-25,1.1281480572257034,1.1016752854189602,-0.00730380919717788,-0.00714924010262441
2019-06-26,1.1260886905064318,1.1015093877023392,-0.001825440114957888,-0.00015058676437307295
2019-06-27,1.1219542537256637,1.1012184352911099,-0.0036715019124370363,-0.0002641397472210594
2019-06-28,1.123322592532033,1.1041257224180994,0.0012196030291122817,0.0026400639816939186
2019-07-01,1.1284218960816137,1.1087777137610375,0.004539482766109604,0.004213280470225733
2019-07-02,1.1351395139032165,1.1116433640970351,0.005953108358610848,0.0025845129284545187
2019-07-03,1.1444363324999347,1.1195337885528585,0.008190022885161241,0.007097981880396009
2019-07-05,1.1443115345309713,1.1183294245291933,-0.00010904754193774568,-0.0010757728225621044
2019-07-08,1.1355960666607887,1.1133046504093675,-0.007616341885214761,-0.004493107316693501
2019-07-09,1.1380105252899648,1.1124741515748338,0.0021261597323736225,-0.000745976255671299
2019-07-10,1.1452840691608077,1.1159217067332903,0.006391455710824445,0.00309899798892066
2019-07-11,1.150200722151409,1.1251826815726655,0.004292955017006328,0.008298946766154058
2019-07-12,1.1596347361839416,1.135441351857888,0.008202058867504913,0.009117337525035518
2019-07-15,1.1616009287423958,1.1363129101968834,0.0016955274769747675,0.0007675943258269591
2019-07-16,1.1590205322950642,1.1355656127835174,-0.0022214138982527,-0.0006576510806662883
2019-07-17,1.148569913784138,1.1308305643410441,-0.009016767364968148,-0.004169770895815272
2019-07-18,1.1596584970753936,1.1307895048365828,0.00965425191638758,-3.630915696484216e-05
2019-07-19,1.1503917432845712,1.1283081108472606,-0.007990933377535536,-0.0021943907143715524
2019-07-22,1.1583628315727206,1.1291392591291407,0.006929020774602002,0.0007366323736306413
2019-07-23,1.166013053474215,1.1362053184198142,0.006604339929577652,0.006257916579858636
2019-07-24,1.16902699529531,1.1331295357868176,0.0025848268268651164,-0.0027070658648863377
2019-07-25,1.1668479800025475,1.1280581457796768,-0.00186395635133485,-0.004475560690084257
2019-07-26,1.1726136903454936,1.1300120442020127,0.004941269507046986,0.0017320901672008837
2019-07-29,1.1735396601782917,1.13113457786002,0.0007896631605293081,0.0009933820296579299
2019-07-30,1.1670943916727894,1.1302199395137071,-0.005492160788603484,-0.0008086025873624836
2019-07-31,1.1540015415256089,1.1161295298841685,-0.011218330103030194,-0.012466962523773217
2019-08-01,1.1475942156542729,1.1046567538650829,-0.005552268034984875,-0.010279072197181494
2019-08-02,1.1390421848097347,1.1007082583200307,-0.007452138332417757,-0.003574409454553895
2019-08-05,1.1005337197625624,1.0686607017207426,-0.033807760204776605,-0.029115395798157362
2019-08-06,1.1204409888178901,1.081920396033299,0.018088740669956582,0.012407768238511974
2019-08-07,1.1214153477836049,1.0817125728824208,0.0008696209576755098,-0.00019208728446207246
2019-08-08,1.1409763128107067,1.0978818634680878,0.01744310443562469,0.014947862298189785
2019-08-09,1.1362333527684185,1.0939326463148724,-0.004156931207979442,-0.003597123957162607
2019-08-12,1.1198514731356557,1.0782207831435866,-0.014417707060656704,-0.014362733596272381
2019-08-13,1.1395616711956178,1.093890937363064,0.01760072521472189,0.01453334462148903
2019-08-14,1.1081595849125583,1.0602645021036325,-0.02755628508469643,-0.030740208288489446
2019-08-15,1.1106438431398071,1.0655845582836647,0.0022417874294204942,0.0050176688642096234
2019-08-16,1.1256027324339837,1.0788959197406753,0.013468664492739313,0.01249207428310628
2019-08-19,1.1384628969102724,1.0891483120348822,0.011425136156590687,0.009502670374980315
2019-08-20,1.1340104372601814,1.0822723243342827,-0.003910939620583753,-0.006313178494261162
2019-08-21,1.1433581205651193,1.0920237762418934,0.008243031102537657,0.009010164713958657
2019-08-22,1.1417208576672615,1.0942326188281366,-0.001431977320499156,0.002022705580499995
2019-08-23,1.110999599449744,1.0681021770027574,-0.02690785406188212,-0.0238801525158
2019-08-26,1.1263242220116187,1.0798127229114765,0.013793544632657584,0.010963881696768318
2019-08-27,1.1255744177719238,1.074395393951103,-0.0006657090605365346,-0.005016915290428137
2019-08-28,1.132014427123462,1.0851888480457557,0.005721531379760947,0.0100460725682745
2019-08-29,1.1456538717645197,1.0998171443998241,0.012048825804911845,0.01347995455391171
2019-08-30,1.1428946419945232,1.1007759451656984,-0.002408432283082851,0.0008717819782646519
2019-09-03,1.1367389626605824,1.0894816228452664,-0.0053860426917377024,-0.010260328062248747
2019-09-04,1.1503622009753887,1.099942126933616,0.011984491393627117,0.009601358911434543
2019-09-05,1.1588019063683959,1.1155705722012856,0.007336563550029096,0.01420842504799591
2019-09-06,1.1614900346309833,1.1182374916492561,0.0023197478773675506,0.002390632663165304
2019-09-09,1.1541640355011455,1.120238294602172,-0.006307414537710887,0.001789246888838525
2019-09-10,1.1398921816398604,1.1226973187384481,-0.012365533340404467,0.002195090230466823
2019-09-11,1.1450744671338526,1.1322822956429077,0.004546294445617605,0.008537454169063041
2019-09-12,1.1551752832964688,1.1349082999080489,0.008821099808380861,0.0023192133933791492
2019-09-13,1.1488808362195309,1.1360745630207199,-0.005448910799905393,0.001027627617813165
2019-09-16,1.1386387901826014,1.130115450651738,-0.008914802748935746,-0.005245353221479787
2019-09-17,1.1450525446279083,1.1317409451991969,0.005632826231291688,0.0014383437962215417
2019-09-18,1.1476813637429242,1.133449352524558,0.0022958065351228463,0.0015095392038328992
2019-09-19,1.1463762807410585,1.131157524999596,-0.0011371475072222692,-0.0020219937660710396
2019-09-20,1.1372671776211618,1.124795177989257,-0.007945997551526585,-0.005624633943306145
2019-09-23,1.1424242996096992,1.125253976459147,0.004534661766397496,0.0004078951251462737
2019-09-24,1.141182318459994,1.11944770069904,-0.0010871452490369693,-0.005159969110598128
2019-09-25,1.147102209297636,1.126173088776069,0.005187506625260907,0.006007773362551427
2019-09-26,1.1486662150058635,1.1232489160180708,0.0013634405858089504,-0.0025965571253139252
2019-09-27,1.14492185395093,1.119530757798575,-0.0032597468316019063,-0.0033101818897602886
2019-09-30,1.1506415866895863,1.124502421557621,0.004995740730180387,0.004440846063776149
2019-10-01,1.1399325933053739,1.109129064775491,-0.009306975784720506,-0.013671252713564841
2019-10-02,1.1196993198914358,1.089160507212833,-0.017749534957386626,-0.01800381776732185
2019-10-03,1.1269344409162496,1.0945495491332258,0.006461664213134766,0.00494788590359696
2019-10-04,1.1437324848163266,1.1097975625774823,0.01490596372795161,0.013930857178947598
2019-10-07,1.1395119368331923,1.1059542053417457,-0.0036901531076229954,-0.0034631155855221474
2019-10-08,1.128058647670434,1.0927536107377203,-0.010051047990412565,-0.011935932374294245
2019-10-09,1.1388865315511705,1.100481601196104,0.009598688776596198,0.007072033789178311
2019-10-10,1.1443059655320047,1.1070818624177086,0.004758537247299799,0.005997611604256381
2019-10-11,1.1505598785939009,1.1202406759091095,0.005465245528968765,0.01188603475326011
2019-10-14,1.14893791566086,1.1189873868520082,-0.0014097162287834974,-0.0011187676756017062
2019-10-15,1.1519387073276586,1.1288467913407694,0.002611796186630988,0.008811005918930137
2019-10-16,1.1521845248808458,1.1282622165681084,0.00021339464645420136,-0.0005178512949189917
2019-10-17,1.1554110949468641,1.1295155056252097,0.0028003935101905686,0.0011108136377318
2019-10-18,1.1573415921622145,1.1187850479231671,0.001670831467512679,-0.009500053473018188
2019-10-21,1.1638536299695303,1.1211670764684754,0.005626720625454773,0.002129120825962172
2019-10-22,1.1606222716662113,1.11953725227204,-0.0027764301456048024,-0.001453685387880932
2019-10-23,1.1591062674791142,1.1212925641279814,-0.0013061994622253215,0.001567890530108862
2019-10-24,1.1589168535768042,1.1202060387172965,-0.00016341375042505657,-0.0009689936823311651
2019-10-25,1.158101045099905,1.126978403485722,-0.0007039404719858533,0.006045642082219249
2019-10-28,1.161938658306057,1.1320361550985865,0.0033137118927484277,0.004487886899359417
2019-10-29,1.1518568460694296,1.1322870582567819,-0.00867671642092116,0.00022163882051406958
2019-10-30,1.1604985997387385,1.1359239633971496,0.007502454579141338,0.0032119992133152753
2019-10-31,1.159890854714823,1.1306569454170814,-0.0005236930264734818,-0.004636769845330568
2019-11-01,1.16414756491381,1.142611900010531,0.0036699230636090263,0.0105734587682913
2019-11-04,1.1574322756480604,1.1476702289099256,-0.0057684175684779015,0.00442698776316619
2019-11-05,1.151880799649378,1.1487565378381617,-0.004796372207241273,0.0009465340311805015
2019-11-06,1.1568388245267567,1.148714973207986,0.004304286414781533,-3.618227954016451e-05
2019-11-07,1.16108680111318,1.1581197645542014,0.003672055688622944,0.008187227959561616
2019-11-08,1.163861979998186,1.1582044813525108,0.002390156259071352,7.315029144838725e-05
2019-11-11,1.1617040746254936,1.1585804392053147,-0.001854090441802847,0.00032460403914602587
2019-11-12,1.1642370478318513,1.159123954473514,0.00218039452704355,0.00046912173709068306
2019-11-13,1.1703608140135178,1.1623006900884827,0.005259896335604974,0.0027406349447860467
2019-11-14,1.1718997830283464,1.1630526057940902,0.0013149526166644776,0.0006469201231829036
2019-11-15,1.1806576305223255,1.1723669796375105,0.0074732051501431584,0.008008557649944681
2019-11-18,1.186873651127803,1.1737485706259525,0.005264879881162088,0.0011784628980844314
2019-11-19,1.1829501964821878,1.1698124145804836,-0.0033057054067103797,-0.003353491662502983
2019-11-20,1.1789754096770324,1.1650803968922943,-0.003360062678019249,-0.004045108112386009
2019-11-21,1.1757213720087862,1.1630697800683643,-0.0027600555885534117,-0.0017257322578708711
2019-11-22,1.1736286045087403,1.167843867512443,-0.001779985930229655,0.004104730022129965
2019-11-25,1.183964993109039,1.1759683816562698,0.008807205755372083,0.006956849601079229
2019-11-26,1.1909823250997205,1.1783132473811953,0.005926975908514098,0.0019939870505896184
2019-11-27,1.193590749836543,1.1806176308881893,0.002190145631761675,0.001955662903829314
2019-11-29,1.1897903899379862,1.176596758044411,-0.003183972311344707,-0.0034057367420079476
2019-12-02,1.1782516305045232,1.1650803968922943,-0.00969814475814057,-0.009787857287026469
2019-12-03,1.1625720739956156,1.1538145780942914,-0.013307477030346848,-0.00966956342931613
2019-12-04,1.173058636692284,1.1602632294408977,0.00902013985303074,0.005588984113250817
2019-12-05,1.1814482339134889,1.1615621962947023,0.007151899281745422,0.0011195449625949205
2019-12-06,1.1960176538576466,1.1755496324394135,0.012331830990086834,0.012041917505003275
2019-12-09,1.1899198449365083,1.1716134763939448,-0.005098427185811549,-0.003348353771589152
2019-12-10,1.190761158056964,1.1703570844217432,0.0007070334392991207,-0.001072360464876576
2019-12-11,1.1960095693863204,1.1714453416920187,0.004407610454745248,0.0009298506282919838
2019-12-12,1.210492539586672,1.1807848274995036,0.01210940996716503,0.007972617650256808
2019-12-13,1.2124198084570965,1.181454407713739,0.0015921360994779477,0.0005670637008889923
2019-12-16,1.2215939765407489,1.1854754970399661,0.007566824642470271,0.00340350782897203
2019-12-17,1.2231103410849917,1.1868568715459593,0.0012412999518356393,0.0011652493108817996
2019-12-18,1.222603530322335,1.1860614428681364,-0.0004143622579522166,-0.0006701976429447365
2019-12-19,1.2259238561186403,1.1912963492849613,0.002715782928771615,0.004413689061644188
2019-12-20,1.2291497027851854,1.194934336837573,0.0026313597295988256,0.003053805675468979
2019-12-23,1.2335424075063688,1.1985883440913987,0.003573775196975326,0.003057914682990992
2019-12-24,1.2339579982962925,1.1972447096923182,0.00033690839276756535,-0.0011210140710145033
2019-12-26,1.2430477883339253,1.2016555395872581,0.007366369074298218,0.0036841506663023438
2019-12-27,1.2453271108925292,1.2027898354583184,0.0018336564209320283,0.0009439442782828156
2019-12-30,1.2387588903656408,1.1952286086463515,-0.005274293371948624,-0.006286407308293995
2019-12-31,1.242181335463142,1.197622904530427,0.0027628016429339652,0.0020032116590542604
2020-01-02,1.245562807777956,1.2124095217154072,0.0027222050583728397,0.012346638603056626
2020-01-03,1.2277936769186422,1.2027474048983475,-0.014265945280602321,-0.007969350820825727
2020-01-06,1.230177187934441,1.2055206893895105,0.001941296050473662,0.0023057912907302747
2020-01-07,1.2199218168032597,1.2003113279016477,-0.008336499190332747,-0.004321254320820422
2020-01-08,1.2356406287387918,1.2072842997393236,0.012885097814483215,0.005809302699713692
2020-01-09,1.2374746871576767,1.2163585945469895,0.001484297599340767,0.007516286602604838
2020-01-10,1.2312943659736697,1.210813324459357,-0.004994301094111586,-0.004558910597986632
2020-01-13,1.2360183327755756,1.214089714161604,0.0038365860613438496,0.002705941234756315
2020-01-14,1.2365837557442105,1.2149295217414375,0.00045745516360207183,0.0006917178936924895
2020-01-15,1.2369288934031455,1.2196768375226774,0.00027910576807421705,0.003907482447570443
2020-01-16,1.2496166841600387,1.2305140932328105,0.010257494043966808,0.00888535009990421
2020-01-17,1.2577907500960384,1.2325231946795985,0.006541258643240733,0.0016327333899197605
2020-01-21,1.248696535306251,1.2264714999833328,-0.00723030821231041,-0.004910004714222649
2020-01-22,1.2361903973260175,1.2263873604715536,-0.010015354112571595,-6.860290824561854e-05
2020-01-23,1.2336746870880304,1.225252415153147,-0.002035050784594983,-0.0009254378795703344
2020-01-24,1.2092653852312747,1.2179397823532545,-0.01978584963461605,-0.005968266382872955
2020-01-27,1.1782690314724353,1.1992800776762311,-0.025632383211656395,-0.015320712031402617
2020-01-28,1.1930368562811147,1.2073915307123115,0.012533491430411825,0.006763601920076523
2020-01-29,1.205454455529561,1.2073915307123115,0.010408395334201126,0.0
2020-01-30,1.2003081538984175,1.2126449102981034,-0.004269179650493449,0.004351015765940103
2020-01-31,1.1570942518338456,1.1869236203010158,-0.03600233983599943,-0.02121090005710291
2020-02-03,1.165590495792062,1.1934798634246913,0.007342741479141379,0.005523727905939468
2020-02-04,1.1902188069598227,1.2105425770766853,0.021129471505363373,0.01429660790675813
2020-02-05,1.2014588951192415,1.2307997057436355,0.009443715805608432,0.01673392497756554
2020-02-06,1.2092108506518733,1.2344982362211039,0.006452118806663298,0.003004981606843815
2020-02-07,1.199473078369356,1.2237819220390513,-0.008052997768972947,-0.008680704327983513
2020-02-10,1.2121889753927086,1.2311779727425602,0.010601235869870163,0.0060436018626470744
2020-02-11,1.2064451581978233,1.2311364081123846,-0.004738384287833131,-3.376005020871986e-05
2020-02-12,1.215418116491902,1.2428196772325506,0.007437518591796088,0.009489825045527756
2020-02-13,1.2109730143382003,1.2390372958865683,-0.0036572617220251846,-0.0030433870780068872
2020-02-14,1.216049776914801,1.2378607859379858,0.004192300337406918,-0.0009495355406075046
2020-02-18,1.209523939554815,1.2311779727425602,-0.0053664228914565015,-0.005398679133664985
2020-02-19,1.2194250038720913,1.2360114485384353,0.008185918437398243,0.003925895283123149
2020-02-20,1.204001583317125,1.2304640136263143,-0.012648109154717813,-0.004488174376281684
2020-02-21,1.1859225214083484,1.221040532628683,-0.015015812403640805,-0.007658477528212471
2020-02-24,1.138485486245871,1.1781398449396814,-0.040000113250352354,-0.035134532018068376
2020-02-25,1.1056778356525314,1.1408012408085049,-0.02881692475634634,-0.03169284554083496
2020-02-26,1.108834894085778,1.13675568896556,0.002855314931209829,-0.0035462372394317043
2020-02-27,1.048805913301054,1.0851729726661747,-0.054136987485604915,-0.0453771349464942
2020-02-28,1.0475789104373023,1.0727827440289415,-0.0011699046012143555,-0.011417745326619766
2020-03-02,1.0964200643422015,1.125335157377459,0.04662288770638856,0.048987004723017646
2020-03-03,1.0752552583726926,1.092758229029962,-0.019303555870447076,-0.02894864532928665
2020-03-04,1.101410569445054,1.1416015042610186,0.024324746025371935,0.04469723854142438
2020-03-05,1.078930615290848,1.1018615324857717,-0.020410149292041546,-0.03481072127788709
2020-03-06,1.0705351652269919,1.0908623479039128,-0.007781269661713108,-0.009982365531034598
2020-03-09,1.026000675088433,1.0060287933938186,-0.041600212291126426,-0.07776742379375501
2020-03-10,1.0680130645639279,1.0555463392921685,0.040947721083978594,0.04922080384131289
2020-03-11,1.0383904905240404,0.9938918492217182,-0.0277361532576218,-0.05841002689829289
2020-03-12,0.9791948757664686,0.893887276858335,-0.05700708480843064,-0.1006191694213946
2020-03-13,1.034787284727602,0.9781725534863556,0.056773590566043586,0.09429072189532706
2020-03-16,0.9467597956322549,0.8533460313791469,-0.08506819748806593,-0.12761196545773856
2020-03-17,0.9676293641381468,0.8996191548168605,0.022043150334615902,0.054225509624658
2020-03-18,0.9436732914338044,0.8402823258435991,-0.024757488344392842,-0.06595772072610095
2020-03-19,0.9586275685483254,0.848373357368673,0.015846879688413917,0.009628944077755053
2020-03-20,0.938890521707157,0.8111428501402799,-0.020588857955604944,-0.043884578534936325
2020-03-23,0.920937489689941,0.7867536488116683,-0.019121539308515456,-0.03006770179185292
2020-03-24,0.9811428854045086,0.8734476534870197,0.06537403069000614,0.11019205923772457
2020-03-25,0.979419471916235,0.8963570529562361,-0.001756536702157252,0.026228703434895584
2020-03-26,1.0058053333954364,0.9513492956638998,0.026940307228707105,0.06135082278462156
2020-03-27,0.9858067903403389,0.9144907774434154,-0.019883114943908375,-0.03874341252837388
2020-03-30,1.0092311252298847,0.9430222261087834,0.02376158809117035,0.031199274360241835
2020-03-31,1.0025381941938747,0.9266641628277358,-0.006631712864073047,-0.01734642389983354
2020-04-01,0.9834505304144194,0.8850291758562352,-0.01903933824167503,-0.044929963455639155
2020-04-02,0.9875047132415646,0.9043884796470651,0.004122406467600204,0.021874198409448375
2020-04-03,0.9856642598784102,0.8901860042698481,-0.001863741345712655,-0.015703954325866243
2020-04-06,1.0003881774001189,0.9575205608327368,0.014938065750223162,0.07564099664554735
2020-04-07,0.9980972062293539,0.9578164201794732,-0.0022900822126056264,0.00030898484987007535
2020-04-08,1.0002079329120996,0.9904906934681279,0.002114750617046246,0.03411329415560882
2020-04-09,1.0002208238284949,1.0023681473448953,1.2888236506691797e-05,0.011991484579405132
2020-04-13,1.0006970611939372,0.9889264634536884,0.00047613222410181066,-0.013409927207694738
2020-04-14,1.011238011274465,1.0131043057514244,0.010533607511499454,0.024448574480753882
2020-04-15,1.0088955802297166,0.9936607181271825,-0.0023163993230399527,-0.019192088626867054
2020-04-16,1.01553672710505,0.994759438715818,0.006582590909776087,0.0011057301235639638
2020-04-17,1.0175445755564674,1.025294721088386,0.001977130317227571,0.03069614741428084
2020-04-20,1.0129884358060477,1.0008074532104538,-0.004477582466525409,-0.023883150253556473
2020-04-21,1.0036701299843984,0.9736557193523045,-0.009198827441928903,-0.027129827791599892
2020-04-22,1.0110063484291012,0.9928988442289286,0.007309392025860895,0.019763787645005637
2020-04-23,1.0083035321999119,0.9941677921831618,-0.0026733919459447364,0.0012780233974576394
2020-04-24,1.0123320162275444,1.005840092859254,0.003995308851932,0.0117407753176757
2020-04-27,1.0116884875654364,1.0206001548638444,-0.0006356893309629186,0.014674362365724392
2020-04-28,1.0062313329581154,1.0196274270604286,-0.005394105670267435,-0.0009530939210424805
2020-04-29,1.016038704786644,1.0422960980465446,0.009746637286375037,0.022232307982798627
2020-04-30,1.0183296759574088,1.0286360555252825,0.0022548069871470844,-0.013105721634057321
2020-05-01,1.008439473743121,1.003513916785744,-0.009712181082211058,-0.024422767026875736
2020-05-04,1.0166567894782956,1.0041059962832979,0.008148546292692904,0.0005900062646368998
2020-05-05,1.030882103789702,1.0099428682295066,0.0139922483758812,0.005813003774316705
2020-05-06,1.0256253337077017,1.001737606132266,-0.005099293180738651,-0.008124481448762433
2020-05-07,1.0157513128350977,1.0104078003687802,-0.009627317645234834,0.00865515498613445
2020-05-08,1.0230694259458222,1.030327577219635,0.00720463071841726,0.019714591320043606
2020-05-11,1.0331670241408208,1.0258448029908664,0.009869905149069824,-0.004350824269758413
2020-05-12,1.0211118588216943,1.0068976817826114,-0.011668166944402425,-0.018469773549580237
2020-05-13,1.009308610680949,0.9846515845366146,-0.01155921169534313,-0.022093701920747666
2020-05-14,1.0239759084593147,1.0012726018321763,0.014532024816938938,0.016880100084725624
2020-05-15,1.0344017253600497,1.0039080591642497,0.010181701360944873,0.002632107706983078
2020-05-18,1.0427706161861958,1.042130921938086,0.008090561549704667,0.03807406706711447
2020-05-19,1.0295874294055725,1.0264093170566027,-0.012642460936269195,-0.01508601707379087
2020-05-20,1.0305307805591375,1.0412831766684623,0.0009162419107133779,0.014491158025058404
2020-05-21,1.0231099212684367,1.0382745035946033,-0.007201006928366005,-0.0028893898809401186
2020-05-22,1.023709538355284,1.037681269523989,0.0005860729862769976,-0.0005713653456388412
2020-05-26,1.0243628123841386,1.0604366056504537,0.0006381439308498216,0.021929022711283164
2020-05-27,1.0285847525597462,1.0838276785683199,0.004121528158349763,0.022057964420719278
2020-05-28,1.0372780757509397,1.0778108375463162,0.008451732508730103,-0.005551473856020728
2020-05-29,1.043135732210116,1.077556182025674,0.005647141876526929,-0.00023627107073997955
2020-06-01,1.02418202959887,1.0817088205199745,-0.01816992940227291,0.0038537559002205235
2020-06-02,1.0319609433765315,1.0926416171508582,0.007595245330274336,0.010106968181722298
2020-06-03,1.0318988462357264,1.1151851612815495,-6.017392538326671e-05,0.020632148525950633
2020-06-04,1.0217345197158685,1.1158631843112896,-0.009850119085738296,0.0006079914379069074
2020-06-05,1.0401004486186343,1.150652996250741,0.017975245573452092,0.03117748880739679
2020-06-08,1.0439980514233282,1.1707393202655632,0.0037473330675612537,0.01745645653404715
2020-06-09,1.048243003311504,1.158450549736016,0.00406605345899691,-0.010496589904197995
2020-06-10,1.0468925127372104,1.1460763407999963,-0.001288337313034571,-0.010681689381423776
2020-06-11,0.9880017413634353,1.0679795036150865,-0.05625293013109722,-0.0681427880540626
2020-06-12,0.9956004048093107,1.087938102985098,0.007690941349343339,0.018688185777397504
2020-06-15,0.9985905342767296,1.0947606916816526,0.0030033429606646234,0.006271118437560563
2020-06-16,1.0167079267249364,1.1179392509955828,0.018142964334554756,0.02117226119831339
2020-06-17,1.014671854867082,1.1094645404103634,-0.0020026123573297916,-0.0075806539377450965
2020-06-18,1.0089631813323858,1.1078966301942939,-0.005626127804090775,-0.001413213454744211
2020-06-19,1.0102592279069211,1.0998348959606281,0.0012845330716864112,-0.007276612288505624
2020-06-22,1.0176718646859788,1.1062948765553902,0.007337361119101438,0.00587359122581721
2020-06-23,1.024313048922265,1.1113096924825696,0.006525860119298343,0.004532983053120443
2020-06-24,1.0067072384599811,1.0821135705384728,-0.01718791972903977,-0.026271814366052415
2020-06-25,1.0163570764510215,1.0940556083458088,0.009585545451925359,0.011035845157540747
2020-06-26,1.0036344130610273,1.0640520068675707,-0.012517907027734698,-0.02742420152080105
2020-06-29,1.014822711621633,1.0875532693518923,0.011147782912785953,0.02208657314928275
2020-06-30,1.0239432425327293,1.0958826480531296,0.008987314539425473,0.007658823651186308
2020-07-01,1.0311301565674416,1.0935030008147584,0.007018859772867314,-0.002171443486762681
2020-07-02,1.0370870164138037,1.0982202976964273,0.005777020299932101,0.004313931354696043
2020-07-06,1.0626825992403908,1.1176837295451452,0.024680265417935,0.017722702712327898
2020-07-07,1.0455548726164543,1.1008549612595218,-0.016117443379781937,-0.015056824968251115
2020-07-08,1.0528370054927407,1.1079944081003492,0.006964850020796387,0.006485365549571576
2020-07-09,1.0440374549384404,1.093205337447615,-0.008357941930605017,-0.01334760405342661
2020-07-10,1.0612910713404964,1.1084195074690377,0.016525859604408,0.013917028668140707
2020-07-13,1.0590547929136709,1.1093544951655407,-0.0021071301617574534,0.0008435323360900249
2020-07-14,1.0821006417685681,1.132940907413069,0.021760771028185966,0.021261384300794273
2020-07-15,1.0908163989217639,1.1428002397410142,0.00805447923859548,0.008702424163020028
2020-07-16,1.0843564167562552,1.136680425234183,-0.005922153509879569,-0.005355104325335258
2020-07-17,1.0805640701097192,1.134473242346714,-0.0034973248536495083,-0.0019417796228997641
2020-07-20,1.0872174667046044,1.1348134805954608,0.006157336505006716,0.00029990857082085043
2020-07-21,1.087182122668676,1.1412780073216482,-3.250870870896705e-05,0.005696554400107523
2020-07-22,1.0934613855401194,1.148252855340547,0.005775723073913275,0.0061114364547052435
2020-07-23,1.0621545473932714,1.1342605844211455,-0.0286309498998758,-0.012185705312486972
2020-07-24,1.058940277546245,1.1257539065943152,-0.003026179057383671,-0.007499756179195516
2020-07-27,1.076900393947918,1.1311134347408507,0.016960462060513715,0.004760834597278274
2020-07-28,1.0612964981123902,1.1225216793116295,-0.014489637039061587,-0.007595838901152896
2020-07-29,1.072461017587382,1.1291991526066507,0.010519698778662656,0.005948636376551741
2020-07-30,1.0640253486312758,1.119757270600869,-0.007865711496985894,-0.008361573761356489
2020-07-31,1.0822349326925988,1.1243080924793865,0.017113863015338016,0.004064114605905278
2020-08-03,1.0889889825917596,1.1343875874577933,0.006240835233766395,0.008965064865964933
2020-08-04,1.0954625945483878,1.1415760314928727,0.005944607392832646,0.006336850045396636
2020-08-05,1.1090057809899205,1.1568446107697683,0.012362983920154669,0.01337499987357682
2020-08-06,1.115120942238008,1.1649247460115844,0.0055140932111543695,0.006984633170776133
2020-08-07,1.122632507383365,1.1679872510543858,0.006736099073058055,0.00262892951092919
2020-08-10,1.155088835553677,1.1829587442506684,0.028910910700387094,0.012818199156512389
2020-08-11,1.1492308924832688,1.1789182436648629,-0.005071422119321434,-0.00341558875611081
2020-08-12,1.1589347394174314,1.1910396011006472,0.008443774873815313,0.010281762540295558
2020-08-13,1.1614922334244142,1.188402628391432,0.0022067627451294314,-0.0022140092628141206
2020-08-14,1.1602525688350294,1.190018309067877,-0.0010673033824168954,0.0013595398039736306
2020-08-17,1.1565769629659914,1.1864036294589226,-0.0031679359889101866,-0.003037499155610246
2020-08-18,1.1547257683058088,1.1832133997713106,-0.0016005806093831731,-0.002688991847628608
2020-08-19,1.148999638095638,1.1799380203204912,-0.004958865877369378,-0.0027682068606156296
2020-08-20,1.1451926635925382,1.1818098718947203,-0.0033132947799787704,0.0015863982192223514
2020-08-21,1.1593421871747909,1.190436986123917,0.012355583503185219,0.007299917215419338
2020-08-24,1.189941930005694,1.2070170160758331,0.026394056189287696,0.013927683821300718
2020-08-25,1.1850261271073532,1.2046306578815482,-0.0041311283974312385,-0.0019770708801134518
2020-08-26,1.1943549845345935,1.2080834086187766,0.007872279955558392,0.0028662318318382063
2020-08-27,1.197141442897038,1.2149459744075486,0.0023330235972767177,0.0056805397208608
2020-08-28,1.1959527073403597,1.2220211981218894,-0.0009929783683718663,0.0058234883388876835
2020-08-31,1.1965935114947364,1.2117065310432353,0.0005358106139512486,-0.008440661335913369
2020-09-01,1.2187806051958725,1.222404372056321,0.018541880336139238,0.008828739252461748
2020-09-02,1.2238780111506657,1.2412444066132207,0.004182381909477506,0.015412276810829129
2020-09-03,1.1711923404230271,1.2076993687545499,-0.043048138987401674,-0.027025328517048197
2020-09-04,1.1608666737869047,1.2010075354570895,-0.00881637138473168,-0.005540976066221948
2020-09-08,1.1190754474322104,1.1739419616135751,-0.036000022481794236,-0.022535723585792145
2020-09-09,1.1553380356812235,1.1928237051222832,0.03240406027334419,0.01608405196007756
2020-09-10,1.1325170015293995,1.1755181703235167,-0.019752690075998447,-0.014508040647123521
2020-09-11,1.1334652682141482,1.1810596880487032,0.0008373090059292654,0.004714106395872664
2020-09-14,1.1444294940166018,1.1957223329513196,0.009673190798098696,0.012414821241457652
2020-09-15,1.1444869622040124,1.1959360732891322,5.021557702855617e-05,0.00017875415715029597
2020-09-16,1.1360481943890444,1.197853386177616,-0.007373406682341654,0.0016031901130055815
2020-09-17,1.1295358352334885,1.1916305260251407,-0.005732467326404311,-0.0051950098603741335
2020-09-18,1.1162382304894527,1.1814488513308856,-0.011772627595553087,-0.008544321811071454
2020-09-21,1.1132914087184778,1.15974468181513,-0.002639957753178601,-0.01837080758198395
2020-09-22,1.129253881637082,1.1655979342666336,0.014338090452866048,0.0050470181439785655
2020-09-23,1.0955751788331602,1.1432523272549906,-0.029823853919454968,-0.019170939098911766
2020-09-24,1.1040428924671337,1.1454739423057148,0.007729011935987851,0.001943241223097525
2020-09-25,1.1233862499642984,1.1608550924560026,0.01752047644991328,0.013427760843976344
2020-09-28,1.1370825569223455,1.178800621534331,0.012191983797631867,0.015458888189361586
2020-09-29,1.1321283306426368,1.172476447595803,-0.004356962693296329,-0.0053649224669533035
2020-09-30,1.1478568331101182,1.1856365599818968,0.013892861826497516,0.011224201913035525
2020-10-01,1.147054640474324,1.1883707333106375,-0.0006988612278594486,0.0023060804811740887
2020-10-02,1.1427205231777167,1.1826449168606792,-0.0037784750121538924,-0.004818207222258786
2020-10-05,1.1642693697489819,1.2027692696256793,0.01885749501666556,0.017016394758978093
2020-10-06,1.150859281069399,1.1865763824530902,-0.011518029270558006,-0.013463003737723245
2020-10-07,1.1755029410170412,1.2087938318550249,0.0214132695048026,0.018723994283455392
2020-10-08,1.1770796161364703,1.2146460740551008,0.0013412770520717654,0.0048413898597539085
2020-10-09,1.191091189914271,1.2216536109237734,0.01190367549120519,0.00576920060777697
2020-10-12,1.210958599144591,1.232463156880456,0.016680006869792985,0.008848290431940686
2020-10-13,1.2043126774942925,1.22511415502916,-0.005488149351260407,-0.005962857234529828
2020-10-14,1.1997097939947825,1.2182357860216233,-0.0038220003704410033,-0.0056144719080263306
2020-10-15,1.2017543406797146,1.2178514575141313,0.0017042010452579248,-0.00031547957456345976
2020-10-16,1.202821802729135,1.2223261497314764,0.000888253125690186,0.0036742512313272524
2020-10-19,1.1871648990254708,1.205485114107086,-0.013016810693104786,-0.013777857593973653
2020-10-20,1.1967440183938927,1.209417734272557,0.008068903802904925,0.003262271860058563
2020-10-21,1.1939151666485281,1.2052291596917508,-0.002363790168895985,-0.0034632984634754838
2020-10-22,1.1931036035364129,1.2124100990019375,-0.0006797493949201039,0.005958152648765314
2020-10-23,1.1919074675506587,1.2110850820934567,-0.0010025415917015446,-0.001092878481935844
2020-10-26,1.1681699828298309,1.183985592666292,-0.01991554325069189,-0.022376206121142994
2020-10-27,1.1685622635949293,1.1739838148870159,0.00033580794821319593,-0.008447550241513113
2020-10-28,1.1172338226958878,1.1347459380714255,-0.043924438173398084,-0.03342284307332344
2020-10-29,1.1313002100645577,1.139489934455117,0.012590370147161911,0.004180668310436175
2020-10-30,1.1107565893985551,1.132950504801634,-0.018159300673010748,-0.005738909538161141
2020-11-02,1.1401419071128922,1.1506465017772762,0.02645522700004732,0.015619391050750941
2020-11-03,1.1667490854761755,1.173940879201331,0.023336725189462504,0.020244599351820547
2020-11-04,1.155744305591199,1.1904400168782006,-0.009432002151932517,0.014054487725220444
2020-11-05,1.1982755311260311,1.2135213755726053,0.03679985731193036,0.019388930451895492
2020-11-06,1.191918817649225,1.210572235172175,-0.005304884654393827,-0.0024302335828561006
2020-11-09,1.2404185917402062,1.246904412398734,0.04069050120933193,0.030012399236458265
2020-11-10,1.242262312524876,1.2588288429668983,0.0014863698407512338,0.00956322750131644
2020-11-11,1.234748365905566,1.2571192089076604,-0.006048599030616941,-0.0013581147816795758
2020-11-12,1.2206828536228118,1.2440400609574296,-0.01139139979540571,-0.010404063399520824
2020-11-13,1.237676149408246,1.2615644595119646,0.01392113908620951,0.014086683463431227
2020-11-16,1.262415859066547,1.2822095247272207,0.019988839301888106,0.016364653474181257
2020-11-17,1.2687890325038058,1.2750719540676168,0.00504839462486717,-0.005566618030795278
2020-11-18,1.2681950749627942,1.2598976889775952,-0.00046812947290342244,-0.011900712772807798
2020-11-19,1.2784348936364707,1.2623342711000092,0.00807432458604751,0.001933952370681169
2020-11-20,1.2692131767682662,1.253132179486716,-0.007213286272227393,-0.007289742363783214
2020-11-23,1.2838619031261178,1.267525953187884,0.01154158074150402,0.011486237395215149
2020-11-24,1.3040703818589638,1.2869744477476326,0.01574038351293061,0.01534366575361612
2020-11-25,1.2824155820778222,1.279734408728915,-0.01660554528527247,-0.0056256276349452294
2020-11-27,1.2821410472215056,1.2818761417560205,-0.00021407635726933272,0.0016735761830712903
2020-11-30,1.2600344570643252,1.2706536916086002,-0.01724193309705435,-0.00875470709053594
2020-12-01,1.2638529945585877,1.2784495132342844,0.0030305024381309664,0.006135284284906062
2020-12-02,1.2785779223152736,1.2816192492500738,0.011650823173330105,0.0024793595546612757
2020-12-03,1.3003032967491495,1.285389363257289,0.01699182666515564,0.0029416802294608413
2020-12-04,1.319222275619552,1.2962273405755844,0.01454966615688913,0.008431668744193654
2020-12-07,1.3129825511683635,1.2898444277326069,-0.004729850735925467,-0.004924223277178563
2020-12-08,1.3194363170068302,1.294556529035504,0.004915347757457944,0.0036532322825786334
2020-12-09,1.3159631599462658,1.2889028734018229,-0.002632303670739744,-0.004367252805787647
2020-12-10,1.3133320176572705,1.2874455135562897,-0.001999404215162648,-0.0011306979568497244
2020-12-11,1.310033946088265,1.2891163250963706,-0.0025112245225609175,0.0012977726222103136
2020-12-14,1.2962458159399721,1.2812772069809202,-0.01052501745429113,-0.00608100135173173
2020-12-15,1.3163623733657275,1.2963556425069254,0.015519091501304372,0.011768285148484381
2020-12-16,1.300653187368226,1.2943422114111607,-0.011933785343116066,-0.0015531471686820453
2020-12-17,1.300716540247268,1.300083181632537,4.870851019878053e-05,0.004435434594315835
2020-12-18,1.3017504022402786,1.2957822526607874,0.0007948403522368697,-0.0033081952235924916
2020-12-21,1.3107368317598094,1.2968118431874296,0.006903342994221795,0.0007945706344780756
2020-12-22,1.29668344914199,1.2879278364522861,-0.010721742364522613,-0.006850652067849294
2020-12-23,1.3020511151402572,1.2931203844699564,0.004139534596372618,0.004031707267057483
2020-12-24,1.3000067098704933,1.2962969036024758,-0.0015701420981031333,0.002456475955888271
2020-12-28,1.2967302294207552,1.3047952829354341,-0.002520356568055271,0.00655588955689157
2020-12-29,1.2919970031931052,1.3024770445517149,-0.0036501240738132656,-0.001776706594542432
2020-12-30,1.3050327990286301,1.3053536633317866,0.010089648662735096,0.002208575415670211
2020-12-31,1.3068965919356892,1.3124783893660934,0.001428157904112659,0.005458081004745985
2021-01-04,1.280369016085571,1.2975849741730228,-0.02029814448504097,-0.011347550796827921
2021-01-05,1.2959150957000631,1.3041081676428432,0.01214187427154445,0.0050271801844636865
2021-01-06,1.312554275134561,1.3228647842961268,0.012839714183211282,0.014382715420903969
2021-01-07,1.3244904118592842,1.3326945306893982,0.009093823357132935,0.0074306508949073535
2021-01-08,1.3269383843857299,1.3350111815351595,0.0018482372575345796,0.0017383209673433875
2021-01-11,1.3169020845204282,1.331277725222613,-0.007563501051292332,-0.002796573065592889
2021-01-12,1.3294455037707773,1.3337236882511427,0.00952494448736263,0.0018373048554694016
2021-01-13,1.3272897626527465,1.3332519008343229,-0.0016215340244608578,-0.0003537370003816598
2021-01-14,1.322715460665219,1.330763218602557,-0.0034463476749683197,-0.0018666256768195
2021-01-15,1.2981962731992132,1.3230257029164247,-0.018537008294795765,-0.005814344413769934
2021-01-19,1.3065645451698433,1.328177119268817,0.006446076100655951,0.003893663094403088
2021-01-20,1.3265531436888756,1.3386978776387584,0.015298592475149198,0.007921201334753603
2021-01-21,1.3260924745702076,1.3391270901739747,-0.0003472677448767003,0.00032061941860495047
2021-01-22,1.3303254328582965,1.3309677223558865,0.003192053623153779,-0.006093049627595937
2021-01-25,1.329702238541484,1.3295946463437651,-0.000468452531553476,-0.0010316373485683705
2021-01-26,1.3224138685132225,1.328478895802488,-0.005481204601306855,-0.0008391659400444063
2021-01-27,1.3006935984343007,1.3021566505274444,-0.01642471437730897,-0.019813822679616733
2021-01-28,1.302512784049405,1.314223093582042,0.0013986273302908359,0.009266506491143023
2021-01-29,1.2684314463015927,1.2873429008755437,-0.026165837422229665,-0.020453295059085996
2021-02-01,1.279561372521524,1.2968321925376196,0.008774558729510495,0.007371223048359576
2021-02-02,1.3141821919192946,1.3174429092043278,0.027056786912492026,0.01589312540613097
2021-02-03,1.306834439367997,1.3193326566609933,-0.0055911216850128564,0.0014344055772457232
2021-02-04,1.3251009541471266,1.3339743749268895,0.013977680897331979,0.011097821456911294
2021-02-05,1.3390545005185703,1.3377105733504546,0.010530176080376208,0.0028008022446233127
2021-02-08,1.3567491803199412,1.3478008202904865,0.013214308898195082,0.007542922318958478
2021-02-09,1.3466417296454487,1.34792926654346,-0.0074497562416872,9.530061937912393e-05
2021-02-10,1.3496405714773128,1.3504199692780814,0.0022269039833286985,0.001847799284756535
2021-02-11,1.3540037038249897,1.351192667298777,0.0032328106014929414,0.0005721909022928795
2021-02-12,1.3482186501091995,1.352738784948331,-0.004272553833824633,0.0011442614269399076
2021-02-16,1.3471596748927814,1.3550573119753153,-0.0007854625185108599,0.001713950285733068
2021-02-17,1.3449920273445257,1.35943761784497,-0.0016090502029229015,0.003232561332235706
2021-02-18,1.3385629461453927,1.3549707189957827,-0.004780014355792228,-0.0032858431976220404
2021-02-19,1.3478588813048706,1.3548044604750802,0.006944712750526216,-0.00012270266683378495
2021-02-22,1.3537834750432773,1.3560513993803491,0.004395559372410762,0.0009203829346942083
2021-02-23,1.3652597345216737,1.356825251974105,0.008477175035711992,0.0005706661223237042
2021-02-24,1.3749356539510653,1.374636273290893,0.007087237091029985,0.013126982484202632
2021-02-25,1.3487322383558964,1.3507598467227468,-0.019057921379716847,-0.017369268534567106
2021-02-26,1.3340445780661003,1.3312716637140456,-0.01088997494988353,-0.014427570567769
2021-03-01,1.374047780796115,1.357685986190659,0.029986406292363377,0.019841421699701378
2021-03-02,1.3654592145897886,1.3516633001425364,-0.006250558624205982,-0.004435993380929482
2021-03-03,1.359064056766299,1.3465007710244377,-0.004683521671799418,-0.0038193898713935193
2021-03-04,1.3359605199779452,1.3318307657185608,-0.016999593708132865,-0.010894910438644323
2021-03-05,1.3431737509703539,1.3561798456333225,0.005399284548115002,0.018282412857180574
2021-03-08,1.360512345423728,1.369128959792622,0.012908675769496059,0.009548227840867396
2021-03-09,1.358313568322899,1.370677963874827,-0.0016161390289657351,0.0011313792401554945
2021-03-10,1.3754159973281217,1.3909838732535806,0.01259092848961152,0.014814500498242511
2021-03-11,1.3878937769745945,1.3995878960215686,0.009072004157805402,0.006185566154597311
2021-03-12,1.3938564101962903,1.4124084196062623,0.004296174044885026,0.009160213246439897
2021-03-15,1.4050156994558876,1.4200656924646944,0.008006053692450221,0.005421429631923935
2021-03-16,1.3973840150395371,1.414774139807092,-0.005431743160810187,-0.003726273147559911
2021-03-17,1.4029089987844805,1.4229913805998347,0.003953804885042267,0.005808164399911275
2021-03-18,1.3933959105057356,1.4169249650970484,-0.006780973168599824,-0.004263142831005151
2021-03-19,1.3715824550965394,1.4053759150951577,-0.01565488691672634,-0.008150784470862704
2021-03-22,1.3713801037780966,1.4106790134833644,-0.00014753128234534785,0.0037734376484228616
2021-03-23,1.3524178164549645,1.3969709118584621,-0.013827156505254679,-0.00971737829362973
2021-03-24,1.3330480438180077,1.3970562059433014,-0.014322328796089079,6.10564501488664e-05
2021-03-25,1.3332657436862898,1.4061523654782997,0.0001633098441513603,0.006510947445279358
2021-03-26,1.3438781553854517,1.4252065733379102,0.007959712269978603,0.013550599726886103
2021-03-29,1.3380276533559763,1.4297326440564446,-0.004353446780893222,0.0031757296122583156
2021-03-30,1.343130575826172,1.4261111813307603,0.003813764579077894,-0.002532964985264341
2021-03-31,1.338273333892607,1.423352329002853,-0.003616358692882349,-0.0019345282219391802
2021-04-01,1.357941594268888,1.4288274587770644,0.014696743840118431,0.00384664405477686
2021-04-05,1.3563927902054207,1.4449927805178358,-0.0011405527822432315,0.011313697564720115
2021-04-06,1.3556356568030226,1.4414147586035504,-0.0005581962746081803,-0.0024761521043745738
2021-04-07,1.3535072688488172,1.4414147586035504,-0.0015700294865543807,0.0
2021-04-08,1.354022707400561,1.4446911483057974,0.0003808169808960926,0.0022730374326269676
2021-04-09,1.3567392719350437,1.4564594228675378,0.002006291711087904,0.0081458757295918
2021-04-12,1.3579281779431125,1.455123437514983,0.0008762965977782144,-0.0009172829201958832
2021-04-13,1.3458746844052012,1.4518474807776336,-0.008876385168005707,-0.0022513256627521017
2021-04-14,1.3576078737201358,1.4550375661436132,0.008717891383862364,0.002197259290811271
2021-04-15,1.3610800123017412,1.4675824354101281,0.0025575415764871323,0.008621680675752863
2021-04-16,1.3695635488597335,1.4741880365321374,0.006232944780113048,0.004501008572076026
2021-04-19,1.367624645492958,1.4694014652668423,-0.0014157089449334803,-0.00324692043801611
2021-04-20,1.3313967392583363,1.4580599497725648,-0.026489655881832497,-0.007718459360742447
2021-04-21,1.3523758402028272,1.4717733912978717,0.015757212201208626,0.009405265899695037
2021-04-22,1.3220676185266136,1.4580599497725648,-0.022411093702818574,-0.009317631101628865
2021-04-23,1.3420925957578005,1.4680214618163583,0.015146711825151371,0.0068320318690238135
2021-04-26,1.3489128819017544,1.4656068165820928,0.005081829797371595,-0.00164482965479118
2021-04-27,1.3548865238825418,1.4654343522311903,0.004428486124593567,-0.00011767436460530245
2021-04-28,1.3611171231301762,1.4591380323677452,0.004598613343484992,-0.004296555389095902
2021-04-29,1.3707247284673802,1.4686258808134953,0.007058617641301446,0.006502365256256137
2021-04-30,1.3597074479289544,1.4615958297701444,-0.008037558752401308,-0.004786822250100187
2021-05-03,1.3698804107562346,1.4709536444249636,0.007481729134289239,0.006402463980956341
2021-05-04,1.3793228250736356,1.4725925608842498,0.006892874913211111,0.0011141863412880149
2021-05-05,1.3954678577949917,1.4759995616639585,0.011705042813667799,0.0023136072191365376
2021-05-06,1.4087032305657137,1.4899280424217713,0.00948454147244604,0.009436642882272084
2021-05-07,1.4274470330759388,1.5001480345094693,0.01330571415151649,0.006859386357401576
2021-05-10,1.4234559116184993,1.4995441927988624,-0.002795985675797197,-0.000402521415697743
2021-05-11,1.3956269201588944,1.4787164163967927,-0.01955030094888055,-0.013889404861883503
2021-05-12,1.379313768311262,1.4489184732449445,-0.011688762671456021,-0.020151222250211598
2021-05-13,1.3935585312725163,1.4681077661526258,0.010327427513969312,0.013243873455975441
2021-05-14,1.4225273563241339,1.484537052159339,0.020787662951741837,0.011190790203207124
2021-05-17,1.430075003286575,1.4819073676925676,0.005305800924591431,-0.0017713835184823834
2021-05-18,1.406693840669465,1.4709536444249636,-0.016349605834222625,-0.007391638307770676
2021-05-19,1.3849650681734749,1.4637524279254028,-0.015446696265940196,-0.0048956107671060956
2021-05-20,1.388064361983397,1.472722306031916,0.0022378137045793167,0.006128002205418204
2021-05-21,1.4089285812250314,1.478007219894421,0.015031161243720392,0.0035885338606329586
2021-05-24,1.4212390994278463,1.4863031159769058,0.008737503353158704,0.005612892799723657
2021-05-25,1.4123038228825289,1.482932051283703,-0.006286962235217519,-0.0022680869446923824
2021-05-26,1.416574634287998,1.4833214310483345,0.0030240032890034296,0.0002625742455930613
2021-05-27,1.4363429752808674,1.4890686070999106,0.01395502962878159,0.0038745317982187277
2021-05-28,1.4351752583291342,1.4935627827376508,-0.0008129791921771545,0.0030181118696022136
2021-06-01,1.4683598799905317,1.4945573031075823,0.02312234792845569,0.0006658711514682114
2021-06-02,1.4747743927075476,1.4966742128138883,0.0043684881372931805,0.0014164125402915673
2021-06-03,1.472298732582521,1.4952047299512206,-0.0016786704036009237,-0.0009818321516377182
2021-06-04,1.4776573855732134,1.5033288832909657,0.0036396506171629817,0.0054334722041777805
2021-06-07,1.476617537869429,1.4976672899674943,-0.0007037136713399228,-0.003766037748890616
2021-06-08,1.47667373032006,1.4965879084776208,3.805484439256546e-05,-0.0007207084624896165
2021-06-09,1.4591987717575439,1.4898903744756746,-0.011834001109187864,-0.0044752025350512925
2021-06-10,1.4466519256854844,1.4907105543134804,-0.00859844889873862,0.0005504967693308327
2021-06-11,1.451111653975034,1.4913159835620458,0.0030827929029551004,0.0004061346763886142
2021-06-14,1.4388261923889685,1.4877727431612058,-0.008466241417338094,-0.002375915258667649
2021-06-15,1.4458461486780607,1.483926715975267,0.004878946690174191,-0.0025850905009637826
2021-06-16,1.4380202144880534,1.4724758046835134,-0.005412701895815553,-0.007716628569644612
2021-06-17,1.4074993794051898,1.463357708260367,-0.02122420448291773,-0.006192357384850911
2021-06-18,1.370558282400714,1.4408679239378022,-0.026245906424546384,-0.015368617116385486
2021-06-21,1.4112302539833663,1.4660543579646437,0.02967547758086564,0.01748004352682697
2021-06-22,1.4093604795271595,1.4689533465977613,-0.0013249251501866732,0.0019774086938648683
2021-06-23,1.4157961956633616,1.4660543579646437,0.0045664088284647075,-0.0019735062654181457
2021-06-24,1.4385666184920474,1.4799021629298585,0.01608312191997152,0.00944562859486342
2021-06-25,1.4414304411103127,1.4905912003233581,0.001990747304610352,0.00722280003452247
2021-06-28,1.4146549645266557,1.4834505989094702,-0.018575628639445285,-0.00479044919380911
2021-06-29,1.4109148160880745,1.4837096562399055,-0.0026438591263366895,0.0001746315857269476
2021-06-30,1.427544890954824,1.492754870238612,0.011786732038762127,0.006096350428580033
2021-07-01,1.4300967229776147,1.4988560672548437,0.0017875669192328747,0.004087206237187724
2021-07-02,1.4333212649645908,1.5056935932403674,0.0022547719571457403,0.004561829607860002
2021-07-06,1.4144351062643585,1.49651950002379,-0.013176500734257135,-0.006092935015306833
2021-07-07,1.4185451208706155,1.501280237716858,0.002905763995855404,0.0031812065883485285
2021-07-08,1.3938707030648947,1.4902876919300967,-0.017394171988394103,-0.0073221144930800675
2021-07-09,1.4346266606563989,1.5091122840723132,0.029239410443083758,0.01263151554169828
2021-07-12,1.4503787561614045,1.5147379413092787,0.010979926650602323,0.0037277923560363746
2021-07-13,1.4341453234335784,1.5102807120094726,-0.011192547228690675,-0.0029425745392985814
2021-07-14,1.4254418316825443,1.5120547135168296,-0.006068765562890377,0.0011746170716810944
2021-07-15,1.4237143016536287,1.5143482729013822,-0.0012119260081462357,0.001516849465862391
2021-07-16,1.392722981141594,1.501388334619641,-0.021767935094870183,-0.008558096254113856
2021-07-19,1.348588056028938,1.471685210780381,-0.03168966528898609,-0.019783771562861485
2021-07-20,1.381900460022677,1.4942006843535405,0.024701689922889347,0.015299109760857244
2021-07-21,1.4092621766734592,1.5068014060918542,0.019800063349232344,0.008433085240999949
2021-07-22,1.4035884119863324,1.5079696897073809,-0.004026053335596913,0.0007753401415764305
2021-07-23,1.4068517111498486,1.51797276638135,0.002324968727048793,0.006633473300057036
2021-07-26,1.4196089479175273,1.5216096715217178,0.009067932793891842,0.002395896172127987
2021-07-27,1.4172529181707278,1.5181885272220188,-0.0016596329223309558,-0.0022483718155377197
2021-07-28,1.4138608469116987,1.5127333138330998,-0.0023934127885990586,-0.0035932384490487967
2021-07-29,1.4268648324175353,1.5190553229471395,0.009197500259124691,0.004179196065974278
2021-07-30,1.4104987242652138,1.513252294423765,-0.011469977940792297,-0.0038201561429086484
2021-08-02,1.4063978128604624,1.5083602240450729,-0.0029074194355530603,-0.003232818741936816
2021-08-03,1.4180826123356918,1.5202244724924618,0.00830831743933369,0.007865659845876838
2021-08-04,1.3997224777279753,1.5068014060918542,-0.012947154452078058,-0.00882966077937164
2021-08-05,1.4169262077925227,1.5181455193755173,0.012290815028185076,0.007528605453777759
2021-08-06,1.4416771576308003,1.5245544101123552,0.0174680584649769,0.004221525970365514
2021-08-09,1.4379211309286062,1.520483818466162,-0.00260531748201287,-0.0026700205772867136
2021-08-10,1.4575836746506885,1.5273258184222949,0.013674285257484486,0.004499883440413743
2021-08-11,1.479981950970609,1.5368944869822756,0.01536671733462458,0.006264981868678854
2021-08-12,1.4759212175473069,1.538150662472028,-0.002743772260627164,0.0008173466040723998
2021-08-13,1.4611883624278124,1.5388431176650235,-0.009982141962819435,0.0004501868444295454
2021-08-16,1.4528083881052478,1.5439534023521377,-0.0057350404219213,0.003320861385056828
2021-08-17,1.4385393616281559,1.532088432296586,-0.009821685085189769,-0.007684798024005124
2021-08-18,1.41457678440707,1.5160238470553373,-0.016657574940434516,-0.010485416443728357
2021-08-19,1.38903794048255,1.513252294423765,-0.018054052778213037,-0.0018281721867078327
2021-08-20,1.3934716245244103,1.5231902820414522,0.0031919099634674097,0.006567303849006612
2021-08-23,1.4150500307802136,1.5331235070452651,0.015485357488472795,0.006521329029554934
2021-08-24,1.431253857184698,1.5343812700729755,0.011451062543385904,0.0008203925006240453
2021-08-25,1.4537991321816972,1.536290212306771,0.015752114751569124,0.0012441120541732964
2021-08-26,1.4452903347553478,1.5275275800646055,-0.00585280128320087,-0.0057037610289844
2021-08-27,1.4645281101054926,1.5379812288754093,0.013310664914535142,0.006843509045094676
2021-08-30,1.4452530868906555,1.5358559485144152,-0.013161251792871864,-0.0013818636541800267
2021-08-31,1.4432555929530084,1.5351626273916243,-0.0013821066744402755,-0.0004514232753803915
2021-09-01,1.4396972656594182,1.5335570492294581,-0.0024654865783749758,-0.0010458684529691675
2021-09-02,1.4413820061736005,1.5392825770361513,0.0011702047050916597,0.003733495150747723
2021-09-03,1.4325930050607603,1.5361161604179105,-0.0060976209465609665,-0.0020570729932756215
2021-09-07,1.427731054471372,1.524404892901029,-0.003393811481846587,-0.007623946559936923
2021-09-08,1.4142394731050791,1.5213250692623208,-0.00944966583450002,-0.0020203448919972056
2021-09-09,1.4183722205556488,1.5151658549498022,0.0029222402069544184,-0.004048585300382435
2021-09-10,1.4070203758035968,1.5038448331273473,-0.008003431389543736,-0.007471803687676082
2021-09-13,1.4170734104745104,1.5151229914249336,0.007144910510035851,0.007499549188284549
2021-09-14,1.4059363014332218,1.5028469933598672,-0.007859232245109538,-0.008102311254297057
2021-09-15,1.4084064859397207,1.5130410075537055,0.001756967583795177,0.00678313510216233
2021-09-16,1.4048245959699361,1.5102638263784636,-0.002543221722949296,-0.001835496302728834
2021-09-17,1.4013136989912833,1.50242283208179,-0.0024991710628676778,-0.005191804345520135
2021-09-20,1.372519312639809,1.4752985914946424,-0.020548137345835937,-0.018053666390016043
2021-09-21,1.373620541811859,1.474038230677546,0.0008023414766615833,-0.0008543089679354798
2021-09-22,1.3906396388019588,1.4887736136829697,0.012389955211102865,0.009996608431689369
2021-09-23,1.4142816635840234,1.5107692407356688,0.01700082762090127,0.014774326231028256
2021-09-24,1.399727704899022,1.5121161945322978,-0.01029070733203119,0.0008915681894430261
2021-09-27,1.4013432025352022,1.515332257792137,0.001154151361386857,0.002126862519870043
2021-09-28,1.3750090231590162,1.4906001482645765,-0.018792098415680192,-0.016321245324504408
2021-09-29,1.3713227092644513,1.4942944934147009,-0.0026809379665710953,0.002478428003932054
2021-09-30,1.3463399606690494,1.4704737749967205,-0.01821799378557809,-0.01594111369810791
2021-10-01,1.3638480473951795,1.4917291763960487,0.013004209365834907,0.014454798011868997
2021-10-04,1.3445421515390281,1.477949924206297,-0.014155459541863036,-0.009237100411913723
2021-10-05,1.3600336367792838,1.491513126912115,0.011521754987393606,0.009177038060407705
2021-10-06,1.3652283265733498,1.495815932065088,0.0038195303804158254,0.002884859057111333
2021-10-07,1.384630180373154,1.5110730377721955,0.014211435129317662,0.010199855062410057
2021-10-08,1.3828509623655627,1.5106381966933093,-0.0012849770522204151,-0.0002877697292033021
2021-10-11,1.3825454334787948,1.4995538623482436,-0.00022094129814631547,-0.007337517593113074
2021-10-12,1.3827146025111579,1.4943379342260996,0.0001223605592022281,-0.003478319954427045
2021-10-13,1.3936690467500006,1.4948156388298544,0.007922418855596192,0.0003196764217874293
2021-10-14,1.4268472132813328,1.5175930561660997,0.02380634527881842,0.015237609739001456
2021-10-15,1.4384223895672963,1.5342773584975364,0.008112414684781744,0.010993923742367517
2021-10-18,1.4425137841862716,1.5327554868822515,0.0028443624408587276,-0.0009919142760310695
2021-10-19,1.4490685529914997,1.5412784008927443,0.0045439904124906505,0.00556051769733279
2021-10-20,1.455912101083814,1.5481048141125613,0.0047227221087549065,0.0044290591601510165
2021-10-21,1.466506124974194,1.5478001511462394,0.007276554595908369,-0.00019679737673095055
2021-10-22,1.470689105337858,1.55119199815453,0.0028523442844383684,0.0021913985508907885
2021-10-25,1.4757642776049686,1.5547140232753842,0.003450880440121873,0.002270528164820762
2021-10-26,1.4840268465235242,1.5544966748967575,0.005598840576331643,-0.00013979958717347252
2021-10-27,1.5001605120171264,1.5435393435883396,0.010871545573044594,-0.0070487968777068755
2021-10-28,1.505530186838136,1.5536267040957203,0.0035794001895101957,0.0065352143755079695
2021-10-29,1.516044893942362,1.5576708848831562,0.006984055979846193,0.0026030582357876586
2021-11-01,1.5157052241800024,1.5615841659498653,-0.00022404993659286276,0.002512264371560491
2021-11-02,1.5248929280290011,1.5678458486214975,0.006061669315660767,0.004009827205069927
2021-11-03,1.5233208742783408,1.572150529955694,-0.001030927301034934,0.0027456024059899775
2021-11-04,1.522368211551991,1.571237984273053,-0.0006253854604343356,-0.0005804442165385781
2021-11-05,1.5288368128638319,1.5797160142558213,0.004249038611523925,0.005395764402100323
2021-11-08,1.5374594692064694,1.5841518839540094,0.005640010935166639,0.002808017174072752
2021-11-09,1.5345045752754385,1.579629998562819,-0.001921932896582934,-0.002854451922819301
2021-11-10,1.5119155343749622,1.5700200540159277,-0.014720738709053105,-0.006083668046083401
2021-11-11,1.5188241025393179,1.5630190116207199,0.004569414102363778,-0.004459205713519321
2021-11-12,1.5336656984443848,1.5709334656283636,0.009771767435250212,0.005063568612282632
2021-11-15,1.534005971225589,1.5707589807746056,0.00022186893894104998,-0.00011107081081129788
2021-11-16,1.5357135568391251,1.5737592831937763,0.001113154476297007,0.0019100972560992524
2021-11-17,1.5312660561651013,1.5647153680897627,-0.002896048325039202,-0.005746695317761619
2021-11-18,1.5310691997384729,1.5625413070169654,-0.00012855795100774614,-0.001389429104573514
2021-11-19,1.5288551019967649,1.5506079285075827,-0.0014461121300631818,-0.007637160346285254
2021-11-22,1.5242387262887207,1.5518710314356976,-0.003019498513636143,0.0008145856247043781
2021-11-23,1.5249263667300303,1.5598002062498617,0.00045113697050847,0.005109428975440311
2021-11-24,1.520072975936557,1.5598437913828933,-0.003182705014066145,2.794276655238015e-05
2021-11-26,1.4642293819601464,1.5205898948660894,-0.036737442780998,-0.025165274070170218
2021-11-29,1.4899467710937442,1.5300438277281896,0.017563770711369164,0.006217279816220778
2021-11-30,1.4691680119288226,1.5026396031738862,-0.013945974156961527,-0.01791074481506405
2021-12-01,1.4298738627614982,1.4832968963708002,-0.02674585129017093,-0.01287248569931887
2021-12-02,1.4519207646760537,1.5100897744896031,0.015418773983305378,0.018063058167489876
2021-12-03,1.438201921887374,1.5084784234621347,-0.009448754451652497,-0.001067056445709036
2021-12-06,1.4445217398368666,1.53714502933639,0.004394249411931561,0.019003656551124015
2021-12-07,1.4691038918197268,1.5585802554898807,0.017017502267315354,0.013944830022151189
2021-12-08,1.468099240559568,1.559670028137298,-0.000683853106477228,0.0006992085544383908
2021-12-09,1.4585797075469402,1.5601924724471445,-0.00648425716029899,0.00033497105183877274
2021-12-10,1.4652884470696514,1.5694284796440876,0.004599501479418011,0.005919787051950287
2021-12-13,1.4565946967296506,1.5555311723589065,-0.005933132385904649,-0.008855011531543444
2021-12-14,1.4404479250668845,1.5517405646798685,-0.01108528796584174,-0.0024368574197646264
2021-12-15,1.4552543821093544,1.5675987699865646,0.01027906443878046,0.010219624122520532
2021-12-16,1.44529822082492,1.565986408707668,-0.006841526407227239,-0.0010285548252314536
2021-12-17,1.4289604778381086,1.5435169737352936,-0.011304063584528956,-0.014348422724126508
2021-12-20,1.406779877629301,1.5244873005532174,-0.015522192917725053,-0.012328774808368137
2021-12-21,1.438989825926443,1.5491042414179994,0.022896224782104513,0.016147685097703812
2021-12-22,1.4463847532537797,1.5599287968244677,0.005138971238087597,0.006987622341386057
2021-12-23,1.4488476827191525,1.5685270467271537,0.0017028176353715008,0.005511950237850227
2021-12-27,1.470180164395168,1.5840657239393745,0.014723757321390307,0.009906540817796738
2021-12-28,1.4646420782477356,1.5887368378986262,-0.003766943862768435,0.0029488132270389933
2021-12-29,1.4678137518731094,1.5924463368201687,0.002165493995071044,0.0023348731099159803
2021-12-30,1.4643582828786104,1.5890853746412448,-0.0023541603899605024,-0.0021105654245373584
2021-12-31,1.4547541957219352,1.5858118713716487,-0.006558563753807256,-0.002059992069548211
2022-01-03,1.4619640217425383,1.5961129722168426,0.004956044149455163,0.006495789968001597
2022-01-04,1.4592555725342278,1.605671971227442,-0.001852610028721613,0.005988923827442427
2022-01-05,1.4438338373821848,1.5891729778722052,-0.010568220839657694,-0.010275444580766013
2022-01-06,1.4350322740710586,1.581752392491162,-0.006095966920323992,-0.004669463604257129
2022-01-07,1.4250558951637162,1.5814032784620133,-0.006952024067751639,-0.00022071345098384487
2022-01-10,1.4177198407375458,1.574769245978391,-0.005147906444278538,-0.004195028917654775
2022-01-11,1.4231358370224154,1.5824077570245911,0.0038202161874605345,0.004850558941068339
2022-01-12,1.4274433902211396,1.5841972009466314,0.0030268039681558,0.0011308361666559907
2022-01-13,1.4122841578280205,1.576558834222064,-0.010619848392566134,-0.004821600947156779
2022-01-14,1.4121898048556054,1.56756687490577,-6.680877349796166e-05,-0.0057035355237667895
2022-01-18,1.3931167359225378,1.5444770012350446,-0.01350602367152609,-0.014729753505485
2022-01-19,1.388666869287239,1.52920084507244,-0.003194180731991625,-0.009890827866254503
2022-01-20,1.3775843586960044,1.5160189401198303,-0.007980683370751862,-0.00862012664659828
2022-01-21,1.368358208138242,1.4953929253600715,-0.006697339803201419,-0.0136053806544979
2022-01-24,1.3738913244964521,1.5017704983026448,0.004043616887231982,0.004264814173196463
2022-01-25,1.3665745194950083,1.498057824305186,-0.005325606815463013,-0.0024721979834168017
2022-01-26,1.364696416477498,1.4915051892223243,-0.001374314382946662,-0.0043740868853984205
2022-01-27,1.368950777015046,1.4918991872791976,0.0031174409826100202,0.00026416137182772026
2022-01-28,1.3922424252228487,1.5161847656756353,0.017014233527511857,0.01627829722243357
2022-01-31,1.4042393506219217,1.5335263087217241,0.00861698019089796,0.011437618579659858
2022-02-01,1.416671364286284,1.5460187892356219,0.008853201314189318,0.008146244666849434
2022-02-02,1.4290790740625146,1.5551481427461076,0.008758354329044815,0.005905072806391631
2022-02-03,1.4209266966573584,1.5330894471399823,-0.005704637030322646,-0.014184305018796195
2022-02-04,1.4122460040042046,1.5326085674603114,-0.006109176971320518,-0.00031366707309088415
2022-02-07,1.412951889872778,1.5327396115026708,0.0004998320877325213,8.550392131545514e-05
2022-02-08,1.4281738078469528,1.5486399587260726,0.010773132534289909,0.010373808508682858
2022-02-09,1.4305043677483291,1.5623109696914086,0.0016318461300517395,0.008827752950777423
2022-02-10,1.407171981592878,1.5399468895107986,-0.01631060112887117,-0.01431474310458658
2022-02-11,1.4002366339160623,1.516971318573056,-0.0049285714664139,-0.014919716448819398
2022-02-14,1.392598492732531,1.5108561223584664,-0.005454893122007309,-0.004031187761903032
2022-02-15,1.4004345418432789,1.5297693279830713,0.005626926319137526,0.012518204311262382
2022-02-16,1.4003601821721088,1.5273676716957356,-5.309757003868487e-05,-0.0015699466863426936
2022-02-17,1.3892102756738973,1.5012031699650739,-0.0079621704759677,-0.017130454058656985
2022-02-18,1.3833540022286563,1.4916622111585436,-0.004215541410676704,-0.006355541340052118
2022-02-22,1.3752424559225573,1.469919291284447,-0.00586368080262234,-0.014576302671909458
2022-02-23,1.3630034025134565,1.4502776943803408,-0.00889956047851248,-0.013362364192759824
2022-02-24,1.350936882708076,1.4538648085574772,-0.008852890449964401,0.0024733981574949215
2022-02-25,1.3908222715446374,1.4897371049019021,0.029524243025038643,0.024673749672789347
2022-02-28,1.382829611478011,1.4844874055177402,-0.005746715615755793,-0.0035239099347718073
2022-03-01,1.3606565734308103,1.4574516340913486,-0.01603454096090806,-0.01821219319604961
2022-03-02,1.3826372656458241,1.4829998824510036,0.016154474717739342,0.017529397039362626
2022-03-03,1.38892444661422,1.4791936880356498,0.004547238183587599,-0.0025665507195207216
2022-03-04,1.384531747657295,1.4719318564504162,-0.0031626622798909265,-0.0049093175856348426
2022-03-07,1.3571566486655262,1.4369353037723307,-0.019772099150553224,-0.02377593264574096
2022-03-08,1.3467744495319172,1.4284480372050792,-0.00764996372660276,-0.005906505703471954
2022-03-09,1.368449486585662,1.4585020069330785,0.016094036429988856,0.021039596082755185
2022-03-10,1.3600556579609548,1.4528585981353088,-0.006133824234645369,-0.0038693185000386876
2022-03-11,1.3536199311179715,1.4437155340697305,-0.004731958435165828,-0.006293154803442724
2022-03-14,1.36045428074749,1.4439350472728456,0.005048942817998947,0.0001520474068019695
2022-03-15,1.3779766828750764,1.4707072873981932,0.012879816966696378,0.018541166499083328
2022-03-16,1.388315896625465,1.4933237861141408,0.007503184835331522,0.015377974196318922
2022-03-17,1.406676127715317,1.5112162048316893,0.013224822343733011,0.011981606992350402
2022-03-18,1.417242738115466,1.5222298215768035,0.007511757818276843,0.007287915991041727
2022-03-21,1.4218244162930704,1.5145569619820556,0.0032328111863864084,-0.005040539533511468
2022-03-22,1.4288204185166495,1.5263949438923199,0.0049204403465084035,0.00781613515200652
2022-03-23,1.4198980177433838,1.5056569355456988,-0.006244592152825357,-0.013586266404774006
2022-03-24,1.4365959103486095,1.521660039771479,0.011759923879437029,0.01062865241608324
2022-03-25,1.4507384979113063,1.5281485960494867,0.009844513311516367,0.004264130034578706
2022-03-28,1.4519781713263584,1.5323132854001054,0.0008545119722382921,0.002725317002145733
2022-03-29,1.4584858470614668,1.5475724116100686,0.00448193772029204,0.00995822874822827
2022-03-30,1.4594401437944529,1.543845449770987,0.0006543064746968863,-0.0024082632974854468
2022-03-31,1.4407593176682982,1.5206520974897202,-0.012799994714127627,-0.01502310499066295
2022-04-01,1.4475376409567937,1.525825017765363,0.004704688149763658,0.003401777621707236
2022-04-04,1.444497749356013,1.5312178842090185,-0.002100043214607883,0.0035343937744274356
2022-04-05,1.4386835252333214,1.5185030040593546,-0.004025083545670882,-0.008303769359533142
2022-04-06,1.4496478318146142,1.5115322692069832,0.007621069115610224,-0.0045905308278855195
2022-04-07,1.4556669757080396,1.516880684587812,0.004152142169516315,0.0035384063508183683
2022-04-08,1.4668538176842187,1.5230192609068753,0.007685028349796674,0.0040468419048604876
2022-04-11,1.4514057158377558,1.5047361635300025,-0.010531452868869695,-0.012004508311986961
2022-04-12,1.4542299492344897,1.5004395642072292,0.0019458607375704151,-0.002855383838648362
2022-04-13,1.4695753494515402,1.515959768250483,0.010552251537061519,0.010343771527681733
2022-04-14,1.4818427241411456,1.5100650954904364,0.008347564277111585,-0.003888409760932854
2022-04-18,1.4823929915206104,1.5092322153489655,0.0003713399340565804,-0.0005515524754252654
2022-04-19,1.4875611814441867,1.5312499236114452,0.0034863831339857487,0.014588681608143972
2022-04-20,1.5003701361206538,1.541820184301353,0.008610707805665863,0.006903027733694778
2022-04-21,1.492922160997269,1.5250655973348624,-0.00496409182246349,-0.010866758093508011
2022-04-22,1.4586381075530164,1.4836617414578974,-0.022964394487486772,-0.02714890162713035
2022-04-25,1.466536955506845,1.4937056611538795,0.005415221166187534,0.006769683018254868
2022-04-26,1.4466085612594952,1.4581345640565953,-0.013588743312958229,-0.023813993628306718
2022-04-27,1.4461000060097449,1.4606790987601597,-0.0003515500069400934,0.0017450616467697966
2022-04-28,1.4603990374636355,1.4881351347805496,0.009887996261991772,0.01879676107072048
2022-04-29,1.4314482466190526,1.446029442804473,-0.019823890664063648,-0.028294266422441372
2022-05-02,1.4248017765891032,1.4506350347425452,-0.004643178714737073,0.0031849918139563727
2022-05-03,1.4309892853831563,1.4528714427606062,0.004342715524166207,0.001541675172941126
2022-05-04,1.4648723308627762,1.4938369938395037,0.023678056730206398,0.028196266973944173
2022-05-05,1.441005063884971,1.4484419232142505,-0.01629306969280253,-0.030388235672606734
2022-05-06,1.44328814402897,1.4433095573173553,0.0015843664961481263,-0.0035433701653054817
2022-05-09,1.4233858020289751,1.4149326049596367,-0.013789583239031566,-0.01966102989746854
2022-05-10,1.419812631350244,1.4115554787578666,-0.002510331825452905,-0.002386775306422728
2022-05-11,1.4252140738901198,1.396774057151658,0.003804334755593164,-0.010471725574127455
2022-05-12,1.4313032420258065,1.3931778507116708,0.004272458606212393,-0.002574651513302606
2022-05-13,1.4384556854074602,1.4133094195582987,0.004997154461503506,0.014450106880714575
2022-05-16,1.454785345549795,1.4157214670031784,0.011352216344231225,0.0017066662200790894
2022-05-17,1.4538941533624627,1.4346693098195962,-0.0006125935967518092,0.013383877590361637
2022-05-18,1.4120490431638468,1.3840114065416187,-0.02878140069676982,-0.0353098117672479
2022-05-19,1.4011032592076968,1.3736157750271019,-0.0077517023995319345,-0.007511232541423607
2022-05-20,1.4043714748192426,1.3735495313977595,0.002332601533875378,-4.8225734260443076e-05
2022-05-23,1.4275820478715504,1.401774657398031,0.01652737432259177,0.02054904126504198
2022-05-24,1.4402392929933294,1.4041939209245382,0.008866212026587439,0.0017258576574625817
2022-05-25,1.442912017071987,1.4125028059539528,0.0018557500074189992,0.005917191995777893
2022-05-26,1.4504289945408748,1.435232741473088,0.005209588235422391,0.016091957781127597
2022-05-27,1.4698936534458023,1.4599411822529094,0.013419932294644221,0.01721563344106891
2022-05-31,1.4566852092794111,1.451719467489558,-0.008985986255146572,-0.005631538354623378
2022-06-01,1.4478222679847574,1.4436300956632584,-0.006084321607849663,-0.005572269303716348
2022-06-02,1.4506684681131312,1.463018408102232,0.0019658491178862203,0.013430249547454753
2022-06-03,1.4468753269759729,1.4479831247443604,-0.0026147539706933287,-0.010276892809144234
2022-06-06,1.449155581456134,1.4484224397938557,0.0015759854616685942,0.0003033979070528048
2022-06-07,1.4616342085291094,1.4603806416240375,0.008610964366184026,0.008256018066030268
2022-06-08,1.4524594883025148,1.4481148903948824,-0.006277028939974949,-0.00839900973729335
2022-06-09,1.4252827985113934,1.4200648265348992,-0.018710807433866994,-0.019370054162162753
2022-06-10,1.395367032147518,1.382123246622911,-0.020989354810933114,-0.026718202720765527
2022-06-13,1.3664341551042927,1.3434782430738534,-0.020734958169892126,-0.027960606004915234
2022-06-14,1.3625928730924293,1.3378507096556647,-0.0028111724209427535,-0.004188778975172003
2022-06-15,1.3606909471882649,1.3507328585774592,-0.0013958137766036938,0.00962898836829873
2022-06-16,1.3285854527891006,1.31850583802809,-0.023594993753362714,-0.0238589150657883
2022-06-17,1.3203584374888486,1.316355590024664,-0.0061923117425235485,-0.0016308217539954262
2022-06-21,1.3460331800581558,1.3453073754448464,0.01944528231147391,0.021993894081188126
2022-06-22,1.3337885911248633,1.342310825388122,-0.009096795766032617,-0.0022274092236604925
2022-06-23,1.3264384190484058,1.3516969270829218,-0.005510747449308018,0.0069924949700721495
2022-06-24,1.3587186944840062,1.3881843222252928,0.024336052825398857,0.026993769395565526
2022-06-27,1.3617070274494987,1.3852759526860592,0.002199375763080491,-0.0020950888816921864
2022-06-28,1.3500039162653468,1.363154044204875,-0.008594441350627369,-0.01596931531099599
2022-06-29,1.3440681076315113,1.3662827928770191,-0.0043968825292420854,0.002295227516981857
2022-06-30,1.3385807128029852,1.3564560772380314,-0.0040826761660135436,-0.007192299932501811
2022-07-01,1.3428297607885311,1.3698088590035853,0.003174293447459231,0.00984387330310188
2022-07-05,1.338151196956156,1.364784734331106,-0.00348410794055376,-0.0036677560080418115
2022-07-06,1.338766936005152,1.3678690319404232,0.0004601416120963986,0.0022599150853110928
2022-07-07,1.341332722658625,1.3834687572032145,0.0019165297442504947,0.011404399762352968
2022-07-08,1.3417244024319799,1.3813097055802026,0.00029200791626005085,-0.0015606074309740814
2022-07-11,1.343644648640367,1.3735541496900012,0.0014311778222908522,-0.005614639395401744
2022-07-12,1.3398763291682507,1.3659302151286892,-0.0028045506495556483,-0.005550516201369038
2022-07-13,1.3376802441454634,1.356147950552528,-0.0016390206879396407,-0.007161613725075622
2022-07-14,1.3383759177366468,1.3501990128586405,0.000520059703526421,-0.00438664357488705
2022-07-15,1.3431551892851994,1.3783606373405886,0.0035709485543007347,0.020857387847087905
2022-07-18,1.3331538682801398,1.369499722066654,-0.007446139571096078,-0.0064285899015738
2022-07-19,1.3300849452904506,1.4023870140849588,-0.0023020020889623627,0.02401409177993541
2022-07-20,1.3219425296584504,1.4051633293304053,-0.00612172603022898,0.0019797068979978683
2022-07-21,1.3199712832576715,1.4125263303800593,-0.001491174053752653,0.0052399610037949795
2022-07-22,1.3215511692290642,1.4065747948967862,0.0011969093505530548,-0.004213397906481342
2022-07-25,1.3252349896016826,1.4105424852189683,0.002787497342813694,0.002820817162782596
2022-07-26,1.3294028651805103,1.3998743744621889,0.003145008705271568,-0.0075631261508039005
2022-07-27,1.330196413239067,1.4195794728846192,0.0005969206772009628,0.014076333406703556
2022-07-28,1.3295434126046217,1.4337750929842898,-0.000490905424150978,0.009999876985277156
2022-07-29,1.3291332511924945,1.4488961033918988,-0.0003084979461661641,0.010546291731247548
2022-08-01,1.3273309014562589,1.4461622187064231,-0.001356033892477293,-0.0018868742065600852
2022-08-02,1.314012930702655,1.428528712997677,-0.010033647780664512,-0.012193311013559138
2022-08-03,1.3209013817699948,1.4466917347762647,0.005242300822455581,0.012714495419888117
2022-08-04,1.313746925056694,1.443164947041536,-0.0054163443327721605,-0.002437829462870411
2022-08-05,1.3157336694535409,1.4458543806641848,0.0015122732993351207,0.0018635663429618088
2022-08-08,1.3187191134431657,1.4478377928603783,0.002269033664590081,0.0013717925004883558
2022-08-09,1.3243099288914686,1.4455899834333454,0.004239580204237203,-0.0015525284932589312
2022-08-10,1.3369634419832503,1.4689110603594229,0.009554797419946581,0.016132566767437684
2022-08-11,1.33763004366063,1.4711591584297208,0.0004985937957966424,0.001530452136256466
2022-08-12,1.3492582844972525,1.4893221802083085,0.008693166613393366,0.012346061725894142
2022-08-15,1.3516113726586554,1.4961107811603964,0.0017439864468051791,0.004558181595830657
2022-08-16,1.3550964021323562,1.506558945749163,0.0025784256807825923,0.006983550095577051
2022-08-17,1.3514635335832226,1.4997697675105448,-0.00268089306666075,-0.004506413942696574
2022-08-18,1.3558923607791462,1.5014447643779698,0.003277060080327354,0.0011168359995716859
2022-08-19,1.3489399291601394,1.4887065041238319,-0.0051275689871220775,-0.008484001913593664
2022-08-22,1.3335521100922545,1.4609683193117984,-0.011407341969234652,-0.018632406545680102
2022-08-23,1.3314489995025052,1.4536799325461751,-0.001577074171930093,-0.004988737037813773
2022-08-24,1.336194721508849,1.456992691299826,0.003564328793755678,0.0022788776810369615
2022-08-25,1.348810935125484,1.4715244364817157,0.009441897512054709,0.009973794150556436
2022-08-26,1.3246716967722743,1.4263825059999624,-0.01789668049433779,-0.030676983244453337
2022-08-29,1.3212650917876132,1.4182993400038626,-0.002571659825571615,-0.005666899279890614
2022-08-30,1.3100578083981298,1.4047837634367877,-0.008482236804062127,-0.009529424562122468
2022-08-31,1.3036476824650414,1.3942272133019729,-0.004893009981694174,-0.007514715367287761
2022-09-01,1.3042544862430367,1.4004544031034245,0.00046546608117914445,0.0044664095938162784
2022-09-02,1.29424297554609,1.3858787841452382,-0.0076760408360069254,-0.010407778308159532
2022-09-06,1.2900193392280832,1.3789888694070973,-0.0032634029295964817,-0.004971513249905524
2022-09-07,1.305167272098382,1.3972306907970597,0.011742407582325809,0.013228403647525866
2022-09-08,1.3099065957077953,1.4056667231847546,0.0036312001616418677,0.006037680422609659
2022-09-09,1.3169996011734637,1.423511948728458,0.005414894076348764,0.012695203812801648
2022-09-12,1.328771814873217,1.4336264417027589,0.008938661552565508,0.007105309501149959
2022-09-13,1.2902238612633188,1.376912225436274,-0.029010213174619603,-0.03955996807587048
2022-09-14,1.292832596260748,1.3783703068899698,0.0020219243154246946,0.0010589501834321613
2022-09-15,1.29124396526649,1.3708611080265385,-0.0012287986850368915,-0.005447882057452613
2022-09-16,1.280281206891274,1.3642751346465567,-0.008490075206627257,-0.004804260140885308
2022-09-19,1.2887700017040125,1.3735760865781494,0.006630414292615239,0.006817504545373332
2022-09-20,1.2858796190189197,1.3597139937713114,-0.0022427451611002347,-0.010091973020126765
2022-09-21,1.2727583814125922,1.3366401398017995,-0.010204094856358648,-0.01696963778795424
2022-09-22,1.260783056320106,1.330926735012241,-0.009408954022518623,-0.004274452501782378
2022-09-23,1.2400836380086697,1.3102891745218777,-0.01641790648095509,-0.015506158188469676
2022-09-26,1.2314231634418609,1.2963830636171108,-0.006983782626723389,-0.01061300907858087
2022-09-27,1.2244782872743638,1.2900939598352932,-0.00563971539083763,-0.004851269627258126
2022-09-28,1.2392301436153774,1.3141424177894443,0.012047462575960122,0.018640857722658666
2022-09-29,1.2189151787544563,1.2941241414243714,-0.016393213936560236,-0.015232958082843306
2022-09-30,1.2017035323914766,1.2723794896906842,-0.014120462738487993,-0.016802601108850457
2022-10-03,1.2096177642039263,1.3055505180385907,0.0065858438451118495,0.026070074703868684
2022-10-04,1.2112124403863251,1.3425303385912368,0.0013183306574935383,0.028325078226925537
2022-10-05,1.2099793654023892,1.3409804685792368,-0.0010180501312739842,-0.0011544394695961468
2022-10-06,1.208829681262383,1.3252146291173754,-0.0009501683854118426,-0.011756949360019586
2022-10-07,1.2059370495514306,1.2974901548604345,-0.0023929191645358783,-0.020920742684078286
2022-10-10,1.2066416638279656,1.2930164728945173,0.0005842877758810427,-0.0034479506061442233
2022-10-11,1.2097475252931613,1.294478162389027,0.0025739716755202036,0.00113044924419059
2022-10-12,1.2083568737431853,1.2939028963616657,-0.0011495386606713565,-0.0004443999474657012
2022-10-13,1.209385979681183,1.3311043949419152,0.0008516572879746498,0.028751383650857276
2022-10-14,1.2076708031178536,1.3145406011736613,-0.0014182209750617236,-0.01244364741878623
2022-10-17,1.2085422991379207,1.3377478083316536,0.0007216337579887266,0.01765423383444542
2022-10-18,1.2111104391874106,1.3528496239621326,0.002124989792514409,0.011288985514626093
2022-10-19,1.210758154283737,1.3478894337728748,-0.00029087760477897184,-0.003666475638830158
2022-10-20,1.2110640800594026,1.3432835531915377,0.00025267290134145526,-0.0034171056363613284
2022-10-21,1.2135766002725796,1.3776358541019011,0.0020746385385765898,0.025573380116763245
2022-10-24,1.2159964466989281,1.3961143629692525,0.001993979140505031,0.013413202634304122
2022-10-25,1.2166083204848532,1.4113589126943278,0.0005031871495893014,0.010919270032186512
2022-10-26,1.2176003502377413,1.4108713942195594,0.0008154060236023053,-0.00034542487412903
2022-10-27,1.217220227622669,1.420088206639373,-0.00031218996857063086,0.006532709116915614
2022-10-28,1.2188705458759743,1.456071486319232,0.001355809093419813,0.025338763825814015
2022-10-31,1.2187036418978485,1.4509306054460163,-0.00013693330985031782,-0.0035306514285305957
2022-11-01,1.2162412869126995,1.4464550472988758,-0.0020204706874548117,-0.0030846121312361197
2022-11-02,1.2051653727362834,1.4240766792766428,-0.009106675045155832,-0.015471181122443056
2022-11-03,1.2071404242869899,1.4174736759440194,0.0016388220201035697,-0.004636690866939408
2022-11-04,1.2272347899708835,1.4363962624747406,0.016646253641752207,0.013349515304486248
2022-11-07,1.2403981109455025,1.455362722781758,0.01072600050307515,0.013204197756920166
2022-11-08,1.2533984001843004,1.469941661137493,0.010480739307872966,0.010017391628575512
2022-11-09,1.2360745750003626,1.4417137930262027,-0.013821483401758372,-0.019203393479878983
2022-11-10,1.2643582421822381,1.4945362321492293,0.02288184528176007,0.036638644492781536
2022-11-11,1.2648402149042104,1.496884778075785,0.00038119949385584384,0.0015714212048096865
2022-11-14,1.263747495023744,1.4879330844949736,-0.0008639193058462835,-0.0059802155195395335
2022-11-15,1.2684347742948519,1.4898827254291493,0.003709031503180027,0.0013103014876756358
2022-11-16,1.2678249267311,1.4892627196956958,-0.0004807874840004889,-0.00041614398426892407
2022-11-17,1.2725577906731917,1.4893953512760136,0.003733057965893405,8.905855129781592e-05
2022-11-18,1.280106380265398,1.4980592675215116,0.005931824587874335,0.005817069482642934
2022-11-21,1.2828104547066068,1.4966378437624845,0.002112382597958984,-0.0009488434735821505
2022-11-22,1.2979867368233529,1.513999880480396,0.011830494568441097,0.011600693374332893
2022-11-23,1.2981408330115656,1.5183954844431016,0.00011871938583118968,0.002903305356477759
2022-11-25,1.300739984978774,1.5253673738685334,0.002002211086125749,0.004591616279726374
2022-11-28,1.285483571640232,1.503031869371169,-0.011729026181040325,-0.014642705016509217
2022-11-29,1.2925932907355175,1.5029879955948726,0.005530773984310011,-2.919018364844206e-05
2022-11-30,1.306789222703971,1.53704559173156,0.010982520232930781,0.02265992558590435
2022-12-01,1.3018131600999716,1.5293194774543992,-0.003807854026912638,-0.005026600589288277
2022-12-02,1.2997130266197296,1.5307841977031929,-0.0016132372483319557,0.0009577594939362832
2022-12-05,1.2814806646390748,1.5098706942513858,-0.014027990492696096,-0.013661954103776353
2022-12-06,1.2691513466736042,1.4940186947748897,-0.009621150209818574,-0.010498911951102974
2022-12-07,1.270277858558051,1.493929215362706,0.0008876103605761632,-5.989176206211422e-05
2022-12-08,1.274579446435796,1.5028985161826889,0.003386336185240646,0.0060038325295119765
2022-12-09,1.2566044880753091,1.4891780028973869,-0.014102658261712642,-0.00912936777670903
2022-12-12,1.270670949657851,1.5124902762038783,0.011194024624316734,0.015654457197953775
2022-12-13,1.277667274786288,1.5177744684582206,0.005506008562107256,0.0034937032901822818
2022-12-14,1.2721816846823601,1.5107138212287679,-0.0042934418155504694,-0.004651973910606788
2022-12-15,1.2446436841378492,1.4777667800545855,-0.0216462796753647,-0.021808922849057
2022-12-16,1.2379956812372712,1.4640591113945807,-0.005341290029670653,-0.00927593504267199
2022-12-19,1.237443147343471,1.4569827331071796,-0.0004463132643951484,-0.004833396570074644
2022-12-20,1.2474457777283847,1.4614333236118884,0.008083305003860008,0.00305466249089803
2022-12-21,1.2645942458935429,1.484664343839252,0.013746864570246764,0.015896052082587486
2022-12-22,1.2513819111590796,1.469799792972692,-0.01044788459014978,-0.010012061600483402
2022-12-23,1.260574433257731,1.4772316354410744,0.007345896577757749,0.0050563638013252366
2022-12-27,1.2652784790982112,1.4791905129597334,0.0037316684492190166,0.0013260462825614994
2022-12-28,1.2519788122532403,1.4622786154137588,-0.010511256663789825,-0.01143321120423857
2022-12-29,1.2595293779268457,1.4778105095092495,0.00603090531541528,0.01062170637782045
2022-12-30,1.2586727025794349,1.474561396595555,-0.0006801551138259088,-0.0021985991389202875
2023-01-03,1.2600482936471709,1.4740725792260938,0.0010928902048299438,-0.0003315001807248086
2023-01-04,1.264137793328388,1.4800359490832364,0.003245510272769092,0.004045506266912247
2023-01-05,1.254850651244589,1.465171253895044,-0.007346621652174923,-0.010043469009924921
2023-01-06,1.2816572679410763,1.4965912278751696,0.021362396130487626,0.021444574411761064
2023-01-09,1.271401423970785,1.4921858100414505,-0.008002017564935238,-0.002943634675698248
2023-01-10,1.27592584398065,1.5008192744224795,0.00355860857520085,0.00578578372943328
2023-01-11,1.287005592661193,1.5120788152294662,0.008683693282656835,0.007502262929905079
2023-01-12,1.293240195475103,1.522047976319785,0.004844270179913179,0.006593016838745802
2023-01-13,1.2961264389745282,1.526676226754168,0.002231792291581991,0.0030408045648955273
2023-01-17,1.2769249403159406,1.5094084320623145,-0.014814525868154793,-0.011310711720825206
2023-01-18,1.2525529067868635,1.4818610404485177,-0.019086504429185136,-0.01825045562794325
2023-01-19,1.242431655662395,1.4714467914434015,-0.008080497893244387,-0.007027817535417591
2023-01-20,1.2473447916093583,1.4862351404879726,0.003954451679149873,0.010050209855066994
2023-01-23,1.2564263506353528,1.4973701317260646,0.007280712668289002,0.007492079102931148
2023-01-24,1.260273013094301,1.5015124512236377,0.003061590086042898,0.002766396503981472
2023-01-25,1.2611444148845925,1.5024925394303137,0.0006914389035055368,0.0006527339855737502
2023-01-26,1.2622162064253122,1.511578596451033,0.0008498563115135749,0.006047322553870638
2023-01-27,1.2576665985298656,1.5126926151327196,-0.0036044600539010263,0.0007369902460263589
2023-01-30,1.2529327614049326,1.5013340696858006,-0.0037639841357531845,-0.007508825873340008
2023-01-31,1.269808868963659,1.5181261802767554,0.01346928428928873,0.011184792865234217
2023-02-01,1.2683470260859462,1.5183048504578573,-0.001151230640644374,0.00011769125875260578
2023-02-02,1.2612943394882326,1.5163453956526682,-0.0055605338701962825,-0.0012905542682012383
2023-02-03,1.253381676329491,1.5098870025958644,-0.0062734469750749255,-0.00425918334656461
2023-02-06,1.255361048432056,1.5076595425190218,0.001579225338894208,-0.0014752495206681315
2023-02-07,1.266381380465067,1.5211999424068963,0.008778615559862368,0.008981072653346578
2023-02-08,1.255959288929887,1.5118464574010537,-0.008229820570602953,-0.006148754509576859
2023-02-09,1.2447453272962863,1.5014235490979844,-0.00892860280778307,-0.006894157969577708
2023-02-10,1.2555781631593783,1.5087731282358106,0.008702853206625116,0.0048950738399178295
2023-02-13,1.2695775968288072,1.525787782784164,0.011149790654372715,0.011277145801402488
2023-02-14,1.2663599590588301,1.519507193978667,-0.0025344159963236468,-0.004116292499102614
2023-02-15,1.270336005855817,1.5218235561811633,0.0031397445635772403,0.0015244167396346597
2023-02-16,1.25340956482578,1.502804562799896,-0.013324381070844216,-0.012497502291916929
2023-02-17,1.2566476261823125,1.5092821506338294,0.0025834024626920638,0.004310332823228125
2023-02-21,1.2280595346613115,1.477873433741043,-0.022749489137103174,-0.020810367948495334
2023-02-22,1.2210046067551439,1.4746162388159259,-0.0057447767856899645,-0.002203974204253778
2023-02-23,1.2269259755251494,1.479747594461393,0.004849587575055603,0.0034797905450894007
2023-02-24,1.2164659231497188,1.4639088725750917,-0.008525414396702624,-0.010703664561162007
2023-02-27,1.2207128355048822,1.4681025705738537,0.003491188922223998,0.002864726129697681
2023-02-28,1.2126480365171932,1.4569937015512537,-0.006606630775986999,-0.0075668207693810885
2023-03-01,1.2180220108053517,1.458912024691165,0.004431602679696667,0.0013166310450545282
2023-03-02,1.2238594462947028,1.4742600530267818,0.004792553367316765,0.010520187698682903
2023-03-03,1.2368140174508113,1.4910792960846568,0.010585015456904934,0.011408599875811332
2023-03-06,1.2357051169920228,1.493176433727303,-0.0008965781784023852,0.0014064561476729853
2023-03-07,1.2152978177618843,1.4672549696258625,-0.016514699947034583,-0.017359947234590778
2023-03-08,1.2094828913466342,1.4655591904433498,-0.004784774834829308,-0.0011557494897734832
2023-03-09,1.1839629301304058,1.441423273579871,-0.021099894342295866,-0.01646874245739427
2023-03-10,1.1739431123430042,1.4264770366692852,-0.008462948908626644,-0.010369082548158048
2023-03-13,1.156651259976829,1.422416836180636,-0.014729719169835565,-0.002846313248847987
2023-03-14,1.1728010698079852,1.4374521195385077,0.013962557591887803,0.010570237201524835
2023-03-15,1.143615041913985,1.4256287141131314,-0.024885744603540094,-0.008225251655110566
2023-03-16,1.1566637438634035,1.4421812507940461,0.011410047499532672,0.011610692543613466
2023-03-17,1.1353053620557934,1.4247712992941264,-0.0184655064368755,-0.012071958008283645
2023-03-20,1.1537090897620028,1.4417695011763687,0.01621037680372117,0.011930477467270606
2023-03-21,1.1739191847113175,1.4566213517392639,0.017517496506405994,0.010301126879696865
2023-03-22,1.1465958429007639,1.4322864153444925,-0.023275317557121977,-0.016706425706114025
2023-03-23,1.1469662755229766,1.4352390916249205,0.00032307165991074527,0.0020615124522547212
2023-03-24,1.1453157206886162,1.4418588362669198,-0.0014390613478219016,0.004612293993821348
2023-03-27,1.1571111613559568,1.4507614604926626,0.010298855114158956,0.006174407647833613
2023-03-28,1.159393155712185,1.4485250524746016,0.001972147908031685,-0.001541540824569143
2023-03-29,1.173516660105752,1.4631526272205073,0.012181807632710484,0.010098254580351629
2023-03-30,1.1795828637180603,1.469415175821935,0.005169252230097454,0.00428017452514462
2023-03-31,1.1930295083706897,1.4879349606761967,0.011399491350904567,0.012603507272137993
2023-04-03,1.2034824901859222,1.5026524477991838,0.008761712716987224,0.0098912166942422
2023-04-04,1.1904460677360378,1.4938398802721549,-0.01083224937312588,-0.005864674522665592
2023-04-05,1.1876260684662456,1.497776830086603,-0.00236885932611397,0.002635456360778665
2023-04-06,1.1820480619997722,1.4981344590920722,-0.004696769980535365,0.00023877322594745287
2023-04-10,1.1921318435883048,1.5028758576863779,0.008530771220480737,0.00316486852400355
2023-04-11,1.198909502433676,1.5070811014157444,0.005685326570063376,0.0027981311349563054
2023-04-12,1.2010106254600257,1.505783794260714,0.0017525284619770432,-0.0008608077918379475
2023-04-13,1.2142062563368277,1.5226041918916493,0.01098710585657603,0.011170526402957792
2023-04-14,1.2143104221785774,1.5157593055028653,8.578924808388955e-05,-0.0044955126389610855
2023-04-17,1.222353482748224,1.5205909051175168,0.006623562165608998,0.0031875770758000854
2023-04-18,1.227157899332436,1.5200537400011502,0.003930464184067395,-0.00035326077155850566
2023-04-19,1.2323495631591828,1.516429968129345,0.004230640433126931,-0.002383976155871048
2023-04-20,1.2238309858677994,1.5117779046255906,-0.006912468301238817,-0.0030677733898210047
2023-04-21,1.2237631435707956,1.5133179607665772,-5.543436780663935e-05,0.0010187052848666944
2023-04-24,1.223475274951794,1.5161820235646166,-0.00023523230006872176,0.0018925717346198745
2023-04-25,1.199334660755738,1.5008749825726455,-0.019731182713935258,-0.010095780555413492
2023-04-26,1.1910889575535708,1.4902228915170797,-0.006875231302805318,-0.007097254054636237
2023-04-27,1.206944785601661,1.5137209067646686,0.013312043527510475,0.015768121253101564
2023-04-28,1.2202919138440071,1.5263875834890595,0.011058607155498557,0.008367907629329041
2023-05-01,1.21792407019738,1.5233881469996842,-0.0019403911635932358,-0.0019650556135415442
2023-05-02,1.2046973241366874,1.507767639421805,-0.010860074436782385,-0.010253793564459546
2023-05-03,1.200298025369512,1.495414429283322,-0.003651787614227575,-0.008193046339169396
2023-05-04,1.1922204332553532,1.482971884054288,-0.006729655421762404,-0.008320466210157584
2023-05-05,1.2102785442284498,1.5071411392148868,0.015146620934678223,0.016297851240795413
2023-05-08,1.2099821060320144,1.504858403952776,-0.00024493386076207546,-0.001514612800828985
2023-05-09,1.2078933267039096,1.5028439626055834,-0.0017262894365890347,-0.0013386251768945368
2023-05-10,1.206961378019868,1.501591250835012,-0.0007715488308761564,-0.0008335607699414549
2023-05-11,1.195306349671794,1.4919232889918341,-0.009656504806471289,-0.006438477740065229
2023-05-12,1.1906453938958366,1.491341817134273,-0.0038993817586907564,-0.00038974648485723407
2023-05-15,1.1985907818311246,1.4938927019896697,0.006673177401115504,0.0017104629040032293
2023-05-16,1.184938467056671,1.478585516676066,-0.01139030516620243,-0.010246509199232756
2023-05-17,1.1994036108893844,1.497652424839341,0.012207506326167517,0.012895370574262266
2023-05-18,1.2114980580597432,1.5041424243336743,0.0100837174913877,0.004333448393427863
2023-05-19,1.209423886901209,1.4990109243665746,-0.0017120713852863956,-0.0034115785075159444
2023-05-22,1.201965001823236,1.4932246371525761,-0.00616730425019496,-0.0038600700768365304
2023-05-23,1.1871108905309538,1.4829528335987907,-0.01235818952278167,-0.006878940581487303
2023-05-24,1.177779343902769,1.4712907797586103,-0.007860720260102205,-0.007864076035297263
2023-05-25,1.1712886419461037,1.470124516645939,-0.005510966031342823,-0.0007926802293036772
2023-05-26,1.18644635333929,1.4839848775931863,0.012941055560823589,0.009428018368722535
2023-05-30,1.188243017646355,1.4825487330276388,0.0015143241007131714,-0.0009677622644489459
2023-05-31,1.1903765344038284,1.4780640826176474,0.0017955222339109955,-0.003024959861408938
2023-06-01,1.1909371811080287,1.4844335735487977,0.000470982658004937,0.004309346939727954
2023-06-02,1.2141165557441735,1.516414381393029,0.019463137941985398,0.021544115152135612
2023-06-05,1.1993333931341401,1.507712941523067,-0.012176065419824855,-0.005738167598996702
2023-06-06,1.2026733709309243,1.507892621955597,0.0027848618373378375,0.00011917416610396359
2023-06-07,1.2018570706833602,1.5123779939737512,-0.0006787381073650733,0.002974596435346255
2023-06-08,1.2116649735432965,1.5197343562283077,0.008160623337981177,0.004864102945076443
2023-06-09,1.2113798437173582,1.5217975782873034,-0.00023532068035647669,0.0013576201989118353
2023-06-12,1.2224501144342643,1.5303196263680008,0.009138562750833579,0.005599987936824258
2023-06-13,1.2267071567671997,1.5368237693823241,0.0034823853199976718,0.004250185975697152
2023-06-14,1.2388634111355092,1.5269559220780582,0.009909662873693215,-0.006420936154723833
2023-06-15,1.2528876808681932,1.5464679181561307,0.011320271150658812,0.012778362358697448
2023-06-16,1.25388983132041,1.5417740013789356,0.0007998725404678719,-0.0030352500185013565
2023-06-20,1.2374689576096476,1.5305802712363934,-0.01309594615140186,-0.007260292450469885
2023-06-21,1.2252317461757514,1.5259495673342574,-0.009888903764935009,-0.0030254564162096598
2023-06-22,1.2273445809311605,1.5255450337982077,0.0017244368357283157,-0.0002651028216852369
2023-06-23,1.2225089983885224,1.5157444403747122,-0.003939873624544288,-0.00642432259052661
2023-06-26,1.2217866078826787,1.5156545279976308,-0.0005909081297528207,-5.931895554844857e-05
2023-06-27,1.2367542071365947,1.525050876528342,0.012250583823188554,0.006199531857121077
2023-06-28,1.237463211878693,1.5223532165726374,0.0005732786175354221,-0.0017688983346217935
2023-06-29,1.240533239149722,1.5337266271477095,0.002480903869754636,0.007470940680033289
2023-06-30,1.2498267224192425,1.545819914025962,0.007491522980787257,0.00788490377893658
2023-07-03,1.2489457706795335,1.5468096717820192,-0.0007048591007909888,0.0006402801174163475
2023-07-05,1.2480944639568627,1.5411451920258967,-0.000681620245375103,-0.0036620405596485828
2023-07-06,1.2378215590718362,1.525050876528342,-0.008230871285542007,-0.010443088412973034
2023-07-07,1.2279504559009744,1.5169584739477586,-0.00797457686733416,-0.005306316467949546
2023-07-10,1.2358963332096096,1.5266238380015509,0.00647084519611596,0.006371541620805887
2023-07-11,1.2499175283336799,1.5403805760166243,0.01134496053375078,0.009011216563395097
2023-07-12,1.2542157990373424,1.5448308778780677,0.003438843448649642,0.0028890924299707077
2023-07-13,1.2590200333640211,1.5461348238281956,0.0038304686724295323,0.0008440703566974239
2023-07-14,1.2520485557763148,1.5517542752349613,-0.005537225304572013,0.003634515774537883
2023-07-17,1.2582523760010933,1.5548112960557259,0.004954935809923011,0.001970041822698887
2023-07-18,1.2645492304600972,1.5715800265422069,0.005004444719600709,0.01078505830837484
2023-07-19,1.2686185912441912,1.5765703799526685,0.0032180327076813953,0.00317537339885976
2023-07-20,1.262455007653212,1.5843924681154775,-0.00485850013039324,0.004961458278217812
2023-07-21,1.258792923525271,1.5842940407620754,-0.0029007640713852867,-6.212308842845626e-05
2023-07-24,1.2576908559979705,1.592976863141438,-0.0008754954899287126,0.005480562418316071
2023-07-25,1.2579248631418123,1.5941018502671986,0.0001860609407517977,0.0007062168646581046
2023-07-26,1.2638564967346808,1.5982861673598447,0.004715411680514592,0.0026248743717001144
2023-07-27,1.2559354638202704,1.5871280846605438,-0.006267351503018936,-0.00698127965264983
2023-07-28,1.2725672769160392,1.5948217265703795,0.013242569841270813,0.004847524269902426
2023-07-31,1.2712552130367856,1.599725631322941,-0.0010310369463791824,0.0030748921154386544
2023-08-01,1.2750646314108478,1.6025595308997767,0.002996580336502408,0.0017714910115504967
2023-08-02,1.2533854377164533,1.5869931439341054,-0.017002427296886613,-0.00971345317632677
2023-08-03,1.2541812274742032,1.5836190484866188,0.0006349122415207908,-0.0021260932729187942
2023-08-04,1.2456119481004158,1.5775900122866644,-0.006832568679922879,-0.003807125334666872
2023-08-07,1.2552564246320694,1.5954514018532138,0.007742761737603576,0.011321946403970884
2023-08-08,1.247524304204004,1.5882532161079368,-0.006159793550016501,-0.004511692262713751
2023-08-09,1.2352957681443593,1.5804239118635,-0.009802242744639256,-0.004929506306068032
2023-08-10,1.2391235009277661,1.5831690536363148,0.003098636684522038,0.0017369654762930953
2023-08-11,1.241503150499024,1.5881628707659579,0.0019204296984731695,0.00315431704414193
2023-08-14,1.2517068479509077,1.589107311529393,0.008218825258544449,0.000594675005202383
2023-08-15,1.2325787066666822,1.5729113936025199,-0.015281646270082327,-0.010191833999735223
2023-08-16,1.2211501595224359,1.5646325274726767,-0.009272062775733891,-0.0052634027342644
2023-08-17,1.2103821594797035,1.5524405245977568,-0.008817916419831207,-0.007792246844448125
2023-08-18,1.2139859251748861,1.5550088723706927,0.0029773783981843494,0.0016543936674169313
2023-08-21,1.2228296970926023,1.5529811534333051,0.007284904819997884,-0.001303991876455468
2023-08-22,1.2201904641685184,1.5452766874010277,-0.0021582996637707907,-0.004961081475615137
2023-08-23,1.2328203609860868,1.5537021843095462,0.010350758499145352,0.0054524196069307695
2023-08-24,1.2095455113990727,1.5365807317531026,-0.018879352031789476,-0.011019777618483717
2023-08-25,1.2240176381248256,1.54770922851773,0.011964929462648266,0.007242376879170509
2023-08-28,1.2324406362807083,1.5576671325207099,0.006881435277997117,0.006433963059402803
2023-08-29,1.2428942498034605,1.5707790414815306,0.00848204222987925,0.008417657846835569
2023-08-30,1.2495521826759959,1.5742928402693295,0.005356797550224446,0.00223697840052961
2023-08-31,1.2497399924141273,1.5671290030726004,0.0001503016366464216,-0.004550511196826368
2023-09-01,1.260201406018028,1.5724006393449104,0.008370872075312619,0.003363881506866395
2023-09-05,1.2537407372280314,1.5633894852514867,-0.0051266954307017665,-0.005730825762814473
2023-09-06,1.2523353769201038,1.5544682435351445,-0.0011209337514507256,-0.005706346243531946
2023-09-07,1.2521189221225,1.557577364465261,-0.00017284091912828092,0.0020001186534668314
2023-09-08,1.2548830217539084,1.5612719982586505,0.00220753762487913,0.0023720387042589497
2023-09-11,1.262737745804956,1.5651464568062023,0.006259327694201566,0.0024816038152692954
2023-09-12,1.2539381092491293,1.564425570251594,-0.006968696853373313,-0.0004605872833648439
2023-09-13,1.2503654159648485,1.5614518230128132,-0.0028491783270070403,-0.0019008556848776337
2023-09-14,1.2603878583189383,1.5767262473158268,0.008015610657589933,0.009782193774984238
2023-09-15,1.2462628159208458,1.5637296513394172,-0.011206901355692245,-0.008242772642704788
2023-09-18,1.2483643963889997,1.5637743910455089,0.001686306003281457,2.861089578587439e-05
2023-09-19,1.2430424593970701,1.5588954539353792,-0.004263127823353252,-0.0031199750667790793
2023-09-20,1.2317471601790704,1.5555066376813724,-0.009086816892383887,-0.0021738572945683154
2023-09-21,1.2142626843287736,1.5386111928015087,-0.01419485785358332,-0.010861698992842617
2023-09-22,1.2102187096010533,1.5340934927376624,-0.003330395292478028,-0.0029362194198135905
2023-09-25,1.2120110854322659,1.5359011211854046,0.0014810346402622798,0.0011783039666743989
2023-09-26,1.1940512492018585,1.5181012126343234,-0.014818211191527153,-0.011589228177230071
2023-09-27,1.1971036762269152,1.5153455353823322,0.0025563618203967575,-0.001815213128780413
2023-09-28,1.202938218494601,1.5207215161949788,0.00487388217374396,0.0035476930423596897
2023-09-29,1.197742460970893,1.5131769585315717,-0.004319222254165256,-0.004961169802005783
2023-10-02,1.2022577722255534,1.509291387218313,0.00376985153469489,-0.002567823473223818
2023-10-03,1.190614699335764,1.490724697833471,-0.009684339880154269,-0.012301593676394829
2023-10-04,1.196031307569177,1.4952871376034091,0.004549421602500825,0.0030605515401798122
2023-10-05,1.1911795387612845,1.496100534324485,-0.004056556694785329,0.0005439735958536751
2023-10-06,1.2024231254551472,1.5093368485325676,0.009439036121754674,0.008847209064101413
2023-10-09,1.2074002341668029,1.5183272203109035,0.0041392323602988945,0.005956504531825724
2023-10-10,1.2121554286971492,1.5244711365303714,0.003938374696131897,0.004046503373765331
2023-10-11,1.2150121993380927,1.527091007126129,0.002356769250304813,0.0017185439153151183
2023-10-12,1.2104587703933365,1.519140039745449,-0.003747640515244899,-0.0052066100471922505
2023-10-13,1.2023647318225497,1.520992696542548,-0.006686752798822471,0.0012195431287620462
2023-10-16,1.2155412987963379,1.5354935568950714,0.010958876807551698,0.009533813269114289
2023-10-17,1.214360037609301,1.5359454279265987,-0.0009717984804026303,0.00029428389946550837
2023-10-18,1.2026858982388162,1.5207669775092334,-0.009613408716468874,-0.009882154757187567
2023-10-19,1.1969479876594535,1.5094274825178116,-0.004770913658973752,-0.007456431628989013
2023-10-20,1.183674422095069,1.497028378100176,-0.011089509069095005,-0.008214441939902284
2023-10-23,1.1782485500705808,1.4885761816896355,-0.0045839226760383545,-0.005645982757699675
2023-10-24,1.1892474973562583,1.4981591380912391,0.009334997513910537,0.006437666086210214
2023-10-25,1.1765435746613844,1.4932315645909386,-0.010682320310208993,-0.003289085501676836
2023-10-26,1.1669731104065206,1.4817956627489706,-0.00813438997158955,-0.007658491899815156
2023-10-27,1.1733596412698046,1.4653878806655078,0.005472731810469256,-0.0110729046493655
2023-10-30,1.186579273372469,1.4881694833290975,0.011266479293900122,0.01554646586352515
2023-10-31,1.1889412005198083,1.4938195309219648,0.001990534640493369,0.003796642557289953
2023-11-01,1.2039867911510242,1.5037635800482192,0.012654612881308092,0.006656794157803736
2023-11-02,1.2213530305770246,1.5295733392060626,0.014423945140958017,0.017163442113032
2023-11-03,1.2269750408303552,1.5396081666391936,0.0046031000968447255,0.006560540234271883
2023-11-06,1.2331143728515506,1.5415520347080671,0.005003632361617161,0.0012625732384341504
2023-11-07,1.2374243936529346,1.5438122557954996,0.0034952319884302696,0.001466198374458827
2023-11-08,1.2356964960579206,1.5419137047192482,-0.0013963661973019903,-0.0012297810625121475
2023-11-09,1.2272507895114024,1.532828224985059,-0.006834774213135164,-0.005892339958054493
2023-11-10,1.2485581565308834,1.5504565351150332,0.01736186865926892,0.011500512479241332
2023-11-13,1.2443414853093182,1.552988369514933,-0.003377232529785612,0.0016329605780995848
2023-11-14,1.2619644074349572,1.5749109698215593,0.014162448438547637,0.014116396965338396
2023-11-15,1.273693616391855,1.5832726765684886,0.009294405521894644,0.0053093202772449555
2023-11-16,1.263945168915035,1.5821430711504865,-0.0076536832338343075,-0.0007134623332542
2023-11-17,1.2631943468740925,1.5826727315419606,-0.0005940305476913599,0.00033477401704828935
2023-11-20,1.2712002758166527,1.5921395090293582,0.006337844182387142,0.005981512980371084
2023-11-21,1.2634695985608386,1.5889689070837734,-0.006081399920124908,-0.0019914096268597303
2023-11-22,1.2667781079996692,1.5968495898293995,0.002618590461218151,0.0049596204875332894
2023-11-24,1.2703855004173148,1.6024657218386165,0.0028476908425121294,0.00351700751591566
2023-11-27,1.2692931934268321,1.600292238052349,-0.0008598232505990788,-0.0013563371475888708
2023-11-28,1.2731386106343134,1.6038702599666343,0.0030295736457071065,0.0022358553201757836
2023-11-29,1.2735819834015232,1.6063159343518993,0.00034825176418840087,0.001524857992762918
2023-11-30,1.2831179790200173,1.6305472478144967,0.007487539665899767,0.015085023403178743
2023-12-01,1.2879172607631266,1.6443621474474892,0.003740327718558367,0.008472554016149658
2023-12-04,1.2748661523712512,1.6425050166797808,-0.010133499091503961,-0.0011293927986552044
2023-12-05,1.2760301727405068,1.639198752399595,0.0009130530033214512,-0.0020129401411931314
2023-12-06,1.2683654802708781,1.6360733231249998,-0.006006670244456114,-0.001906681096493057
2023-12-07,1.2742299449362684,1.6388366494235163,0.004623639445105132,0.0016889990561292922
2023-12-08,1.2786709718246323,1.6446789334309457,0.003485263320025078,0.0035648970929986756
2023-12-11,1.2890232081465958,1.65178994891016,0.008096090824046165,0.0043236496404681635
2023-12-12,1.2948993639475201,1.6595805749570722,0.0045586113297162445,0.0047164750288331
2023-12-13,1.3082934366130414,1.683721687399323,0.010343717078282744,0.01454651422566533
2023-12-14,1.3053025939580338,1.6909227595772507,-0.0022860640979369684,0.004276877961375103
2023-12-15,1.3118758477933936,1.6915273228960208,0.005035808452220847,0.0003575345564106325
2023-12-18,1.3145356109495712,1.6931160154271783,0.002027450357174665,0.0009392059529003127
2023-12-19,1.3225952848640106,1.7045549480234299,0.006131194809258389,0.00675614222062948
2023-12-20,1.3067413838369233,1.6832201697261968,-0.011986963214311919,-0.012516333557901715
2023-12-21,1.3206456406550577,1.6972010392366268,0.010640404436651485,0.008306025415976359
2023-12-22,1.328837052022548,1.6968382146523855,0.006202580855396933,-0.00021377820060997088
2023-12-26,1.3400477048552728,1.703874327204304,0.008436439077057267,0.004146601892367263
2023-12-27,1.3457373609951673,1.709366775574422,0.004245860889339648,0.0032235055616629538
2023-12-28,1.3460927300669951,1.7115001379468393,0.00026407015375196075,0.0012480424932210799
2023-12-29,1.344223855363713,1.7107743444567236,-0.0013883699551584527,-0.0004240686132730431
2024-01-02,1.343475118767659,1.711772472867469,-0.0005570029077123229,0.0005834366256307622
2024-01-03,1.335877645251585,1.698699242104173,-0.005655090600444446,-0.007637247923140467
2024-01-04,1.340501508861333,1.700196723363556,0.003461292751011813,0.0008815458453541591
2024-01-05,1.3436148005724586,1.7006510478628367,0.0023224828100121275,0.0002672187830017325
2024-01-08,1.3597584108219039,1.7106375275490622,0.012015058365364206,0.005872150961701017
2024-01-09,1.3542291568055709,1.703102350791771,-0.0040663502959991105,-0.00440489386906362
2024-01-10,1.3603176460461488,1.7111373133625978,0.004495907660812648,0.004717838929111373
2024-01-11,1.356256152947725,1.7121355860949756,-0.0029856946355351077,0.0005833972087347927
2024-01-12,1.3565662018882556,1.7064161197968497,0.00022860647662814593,-0.0033405451907992934
2024-01-16,1.3579344717964739,1.6962024778609839,0.001008627449448296,-0.005985434512352006
2024-01-17,1.3494739231876545,1.6919353201512517,-0.006230454255739315,-0.0025157124608810033
2024-01-18,1.3551581704944864,1.701422591310472,0.004212194996258134,0.005607348606193829
2024-01-19,1.371819575451893,1.7196045192229243,0.01229480463621968,0.010686309212838419
2024-01-22,1.376054137147579,1.7262808379448848,0.0030868211618069186,0.0038824733520574917
2024-01-23,1.3866212020631707,1.7216029408689033,0.007679250859632836,-0.0027098123162569987
2024-01-24,1.3832980787308011,1.7172877240555307,-0.00239656174838887,-0.002506511060671568
2024-01-25,1.4082082991272866,1.7281434529346305,0.018007847172997637,0.006321438584247829
2024-01-26,1.3911111531728009,1.7309141396364074,-0.012141063197171453,0.0016032735575695067
2024-01-29,1.3985284493846672,1.7409976034597092,0.005331922035812342,0.005825513578287644
2024-01-30,1.4038883121502959,1.7463568429629797,0.003832501775696384,0.0030782578290864393
2024-01-31,1.3912382338431004,1.7321860461841083,-0.00901074408677116,-0.008114490939221897
2024-02-01,1.4059747227680928,1.749127385343124,0.010592354757448685,0.009780323075766706
2024-02-02,1.4057113112656352,1.7551232275675912,-0.0001873515207577725,0.00342790483684019
2024-02-05,1.4003177879886801,1.7422236157282578,-0.003836864108391458,-0.0073496901167509066
2024-02-06,1.4019079926959788,1.7490368956795124,0.0011356027331357321,0.003910680517556164
2024-02-07,1.4009291954727503,1.7562587501725282,-0.000698189345041178,0.004129046397394642
2024-02-08,1.398731685167727,1.7593473774308221,-0.0015686091146681624,0.001758640210612672
2024-02-09,1.3978785865108088,1.7564853351356384,-0.0006099087237134704,-0.001626763612404436
2024-02-12,1.4088348058719522,1.762798684951725,0.007837747474543466,0.0035943082983946884
2024-02-13,1.3798545259304356,1.7387714422775595,-0.02057038896308372,-0.01363016825419483
2024-02-14,1.388997001666204,1.745448771250948,0.006625680869948081,0.0038402568681725757
2024-02-15,1.4062854662384552,1.7634347103863917,0.012446725623966204,0.010304478384979054
2024-02-16,1.3979362928861605,1.7568480153982473,-0.005937040204665678,-0.0037351510375459585
2024-02-20,1.3937012502086739,1.7545730735042944,-0.0030294961930940056,-0.0012948996578040495
2024-02-21,1.3891490829408015,1.7562112683554179,-0.0032662432262228203,0.0009336714873047214
2024-02-22,1.4051638181541497,1.776636531724294,0.01152844961711752,0.01163029968940088
2024-02-23,1.4098224167324749,1.7800031224468873,0.003315341968059604,0.0018949237294618726
2024-02-26,1.4095118839237641,1.7774098070315196,-0.00022026377579553724,-0.0014569162169798533
2024-02-27,1.409440225864984,1.772633482602136,-5.0838917782347615e-05,-0.0026872387057212954
2024-02-28,1.413744761734577,1.7723602817517108,0.003054074795510564,-0.0001541214543822056
2024-02-29,1.4217197924290266,1.7739527266453146,0.005641068253837256,0.0008984882532065974
2024-03-01,1.4340002669032603,1.7801396507112837,0.008637760084392099,0.003487648781751451
2024-03-04,1.4400971152554287,1.7752266536958712,0.004251636832212524,-0.0027598941540621924
2024-03-05,1.4139255947177558,1.7568480153982473,-0.018173441402270174,-0.010352840443985656
2024-03-06,1.4239870728067403,1.761351138977206,0.007115988370655968,0.002563183348525344
2024-03-07,1.432773942347495,1.7671283339283532,0.006170610470104476,0.0032799791156361557
2024-03-08,1.4250461872139621,1.7650363918644791,-0.0053935620303587894,-0.001183808795156227
2024-03-11,1.4232476290633027,1.7669925272721196,-0.0012621051631847013,0.0011082691646795428
2024-03-12,1.4407144981335516,1.777773930510454,0.012272543943561365,0.006101555650027901
2024-03-13,1.4363244505921247,1.7797297772748295,-0.0030471322021915492,0.0011001661858174305
2024-03-14,1.4306267648190474,1.7744986953812674,-0.003966851480338152,-0.0029392562625839558
2024-03-15,1.4120842103497366,1.764754098751203,-0.012961140477234179,-0.005491464522024203
2024-03-18,1.421898273756606,1.7680824442411696,0.006950055340140482,0.0018860109135441228
2024-03-19,1.427289977637234,1.7825375546361732,0.003791905497137593,0.008175586179301586
2024-03-20,1.440626392064303,1.8011889608193243,0.00934387169812978,0.010463401533752137
2024-03-21,1.4478377319986158,1.813774384464587,0.005005697503555728,0.006987286686199745
2024-03-22,1.4398804235705862,1.7990911015685154,-0.005495994649238223,-0.008095429631070683
2024-03-25,1.4376191986086833,1.7918858440632435,-0.0015704255192910965,-0.004004943106544201
2024-03-26,1.4352258581778998,1.7914299320260043,-0.00166479442755052,-0.00025443140741898684
2024-03-27,1.4502954751308244,1.8129080217043638,0.01049982263562077,0.011989355148302794
2024-03-28,1.453146053340687,1.8138198457788417,0.0019655154820128473,0.0005029621269041495
2024-04-01,1.4530615489314707,1.80273911947459,-5.8152729398464054e-05,-0.006109055609926695
2024-04-02,1.4508246159225175,1.7858669103775675,-0.0015394619798438924,-0.009359207283381132
2024-04-03,1.4394526263176077,1.784179790493008,-0.00783829380898593,-0.0009447063914762577
2024-04-04,1.4181833642834145,1.7602848907558948,-0.014775937495493663,-0.013392652390996074
2024-04-05,1.4312506924868749,1.7732355924531524,0.009214131636682277,0.0073571623350674464
2024-04-08,1.4281112993702927,1.7743296947495464,-0.0021934613782630397,0.00061700898687711
2024-04-09,1.4221129643288728,1.773144092538113,-0.004200187369195141,-0.0006681972436924921
2024-04-10,1.4094261441054283,1.7533993056667303,-0.00892110580640948,-0.011135466629290991
2024-04-11,1.4110888268888555,1.7535356896094942,0.0011796877689411733,7.778259197621651e-05
2024-04-12,1.381126574275536,1.7322401667963159,-0.021233427720762088,-0.01214433383897695
2024-04-15,1.367500361620804,1.7205661342606333,-0.009866012940834001,-0.006739269045627272
2024-04-16,1.3711498588370021,1.7236215675434399,0.0026687358326347166,0.0017758301886603434
2024-04-17,1.3531478460806234,1.721204468841421,-0.013129135841977058,-0.0014023372343059393
2024-04-18,1.347229616609423,1.7229832329626524,-0.004373675417909784,0.0010334414960175842
2024-04-19,1.3541478231886261,1.7328289990571373,0.005135135461625362,0.005714371391505102
2024-04-22,1.3560951917365547,1.7445544100940096,0.0014380767849577758,0.006766629046058403
2024-04-23,1.373157710134619,1.7566450991828764,0.01258209490162332,0.0069305313832059845
2024-04-24,1.3729821025448132,1.7539989620499934,-0.00012788595840795836,-0.0015063584181652656
2024-04-25,1.353068465863664,1.7379389951009865,-0.014503930272826926,-0.009156200942238124
2024-04-26,1.3493218778132534,1.7442807762786867,-0.002768956741608153,0.003649024042602589
2024-04-29,1.3504945489832898,1.7510790467801554,0.0008690818620216145,0.003897463409516133
2024-04-30,1.326135490550432,1.7252092498231695,-0.018037139395487678,-0.014773631724138703
2024-05-01,1.325189419031331,1.728677154331816,-0.0007134048714044772,0.002010135587321882
2024-05-02,1.3368813581949086,1.7439157868699566,0.008822843735142527,0.008815198662141643
2024-05-03,1.342059512589972,1.7646296935039412,0.0038733088492273193,0.011877813590507547
2024-05-06,1.3608550297411586,1.7722946154088985,0.01400498038638709,0.00434364327721215
2024-05-07,1.3485807707594506,1.773617178849626,-0.009019519870564485,0.0007462435586209626
2024-05-08,1.354804129106773,1.7815563118564364,0.0046147464669969995,0.004476238221801543
2024-05-09,1.361660774945071,1.7976162788054435,0.00506098681793854,0.009014571609174737
2024-05-10,1.3678142784452207,1.803000052986248,0.004519116371254794,0.002994951839433879
2024-05-13,1.365516599073061,1.7997147153427826,-0.0016798182387534055,-0.0018221506083840877
2024-05-14,1.3703828296920022,1.8048248557082645,0.003563655412350375,0.002839416893087199
2024-05-15,1.3742396259173921,1.8217060127465048,0.0028143932788888826,0.009353349154544777
2024-05-16,1.370234985772008,1.8213867732952949,-0.002914077042939889,-0.00017524202531926658
2024-05-17,1.3754597426777382,1.8274821974462248,0.0038130371505487037,0.003346584174377165
2024-05-20,1.3709187837447818,1.8190289907842558,-0.0033014117331533477,-0.004625602741182178
2024-05-21,1.3736816951375654,1.8221360912115165,0.0020153720450430956,0.0017081093500994626
2024-05-22,1.3713542142168225,1.8124493675561064,-0.0016943378724354474,-0.0053161362107533305
2024-05-23,1.3511595118520343,1.7850334529495666,-0.014726102239253525,-0.01512644441124844
2024-05-24,1.3555884007557455,1.7849420973561596,0.0032778431153850374,-5.117864500303604e-05
2024-05-28,1.349787546118423,1.7756209403960095,-0.004279215309077933,-0.005222106069410648
2024-05-29,1.3400921386350921,1.7572521159693992,-0.007182913719430806,-0.010345014529122176
2024-05-30,1.314214348666835,1.7430876693423603,-0.01931045576807444,-0.008060565981578005
2024-05-31,1.332383624414723,1.770731900771601,0.013825199645947528,0.015859346558093845
2024-06-03,1.3251367657297672,1.764837372333187,-0.005439018126734307,-0.0033288655588378235
2024-06-04,1.3210125342968297,1.7706401122132964,-0.0031123062461151374,0.003287974275181016
2024-06-05,1.321608609462852,1.7753009793366366,0.00045122597291591404,0.0026323063005242453
2024-06-06,1.32592559694346,1.7789565019676037,0.0032664644053450598,0.0020591002165351036
2024-06-07,1.3319363956442878,1.7751178351849253,0.00453328506115569,-0.002157819361200075
2024-06-10,1.33634192491401,1.7787735021375248,0.0033076123485544784,0.0020593939625528357
2024-06-11,1.3211560385590115,1.7727421567914496,-0.011363773052301518,-0.0033907326249392744
2024-06-12,1.314342106178306,1.7714626011972232,-0.00515755306855159,-0.0007217945313278129
2024-06-13,1.3054991475269835,1.7677616172520014,-0.00672804942469285,-0.002089224995616923
2024-06-14,1.3050348870814987,1.7658424281822949,-0.0003556191104101547,-0.0010856605613430714
2024-06-17,1.3102802122957684,1.7755288631944397,0.004019298844952779,0.005485446978480191
2024-06-18,1.3162365947391375,1.7780882630261572,0.004545884450878557,0.0014414859058460294
2024-06-20,1.3332883539194476,1.7914759706267893,0.012954934734731083,0.007529270553671807
2024-06-21,1.3344027369723708,1.7921356648091948,0.0008358154855603317,0.00036824059782092355
2024-06-24,1.3390892972445385,1.8042257766115313,0.0035121033120788514,0.0067462034486232
2024-06-25,1.334805078119959,1.7906699343089736,-0.003199352823889501,-0.0075133846762884815
2024-06-26,1.3357762598830394,1.7916780209123653,0.0007275832097135559,0.0005629661748807191
2024-06-27,1.3429940218178622,1.7931430298044235,0.005403421330047342,0.0008176741998053849
2024-06-28,1.336136603856569,1.7911740497714856,-0.005106067376242751,-0.001098060779430754
2024-07-01,1.344653020712584,1.7926848086210638,0.0063739117927266165,0.000843446146269855
2024-07-02,1.352862379847996,1.8010655658234906,0.006105187739110285,0.004674975300802187
2024-07-03,1.3536004289208954,1.7989593359179934,0.0005455463052954634,-0.001169435441698785
2024-07-05,1.3557434041883378,1.8029434789062868,0.0015831668058430282,0.0022146931888598065
2024-07-08,1.351961899636785,1.8018444696743858,-0.0027892479800163406,-0.000609563885257014
2024-07-09,1.3524702786388123,1.799463018415608,0.00037603056873414253,-0.001321674150493224
2024-07-10,1.3640173603097505,1.8192461948412497,0.008537771109143888,0.01099393331409515
2024-07-11,1.3645584018224004,1.8209406751290695,0.00039665295207602647,0.0009314188990059424
2024-07-12,1.3662828914775613,1.8332595367190045,0.001263771233871669,0.00676510869255087
2024-07-15,1.3792898233141708,1.8426014759942426,0.00951994050261673,0.005095808361077703
2024-07-16,1.3974362489482846,1.876031994637482,0.013156354326251174,0.018143108577073352
2024-07-17,1.3986372515912524,1.8864273375087335,0.000859432867776011,0.005541133040889434
2024-07-18,1.3801565782812881,1.8625679408932287,-0.013213342694067709,-0.012647927720881191
2024-07-19,1.3621885672830736,1.846184404844035,-0.01301882067655702,-0.008796208551370643
2024-07-22,1.3699630826929812,1.8516821931145575,0.005707370915184029,0.002977919354154146
2024-07-23,1.3758281622107873,1.8486582219476477,0.004281195305114949,-0.0016330940472152333
2024-07-24,1.3583156063731692,1.8265742700558256,-0.012728737729483353,-0.011945935505891181
2024-07-25,1.3654760404294812,1.8303313951161109,0.005271553991366584,0.00205692433200122
2024-07-26,1.4138186488112903,1.8600208084002783,0.03540348343761779,0.016220785680335137
2024-07-29,1.4079588631954674,1.857912990956823,-0.004144651522845377,-0.0011332225069395907
2024-07-30,1.4068833295130097,1.866618183189232,-0.0007638956723612367,0.0046854681972623435
2024-07-31,1.4076014640340073,1.8715663946829875,0.0005104435498899385,0.002650896438446404
2024-08-01,1.4037194896627547,1.8474671355141774,-0.002757864687158884,-0.012876518427171302
2024-08-02,1.3675554496466311,1.8195186740835123,-0.025763010546225318,-0.015127988419066818
2024-08-05,1.3364713968231912,1.7722360208260814,-0.022729647146279786,-0.025986352286956893
2024-08-06,1.3490320052598554,1.786668472724774,0.00939833689409375,0.008143639858964713
2024-08-07,1.3482383750870797,1.776634222578173,-0.0005882960298061457,-0.005616179106411434
2024-08-08,1.3679631904489316,1.8075607608965956,0.014630065221647337,0.017407375094657063
2024-08-09,1.3755477555635358,1.810447193547681,0.0055444219314959575,0.0015968661820549013
2024-08-12,1.3694724783123307,1.8041243185038456,-0.004416624015148196,-0.0034924382585527214
2024-08-13,1.3819252107707074,1.8225429338936874,0.009093087050367599,0.010209171951695906
2024-08-14,1.391554689777359,1.8330808665379024,0.0069681621925699044,0.005781994184192785
2024-08-15,1.4092020949142061,1.859608048531173,0.012681790565968187,0.01447136483584166
2024-08-16,1.4154893365386247,1.8650511389029574,0.004461561366612576,0.00292700947174529
2024-08-19,1.4222199232250479,1.8759184135126616,0.004754954002607947,0.0058267971226229065
2024-08-20,1.4260214108022824,1.8733963929837756,0.0026729252734796205,-0.0013444190913204368
2024-08-21,1.4274732942670099,1.8753682594493646,0.0010181358103946714,0.0010525623263575312
2024-08-22,1.4241477585494087,1.8684444291275735,-0.0023296658024757333,-0.0036919843806165753
2024-08-23,1.4343417800781264,1.8883904003547367,0.007157980249957285,0.010675174983115099
2024-08-26,1.438158836774304,1.8924715274801063,0.0026611904841602474,0.0021611670577244
2024-08-27,1.4365284809273593,1.8932514415824298,-0.0011336410174285216,0.00041211404821606124
2024-08-28,1.4357284688082015,1.8861440341440294,-0.0005569065492118108,-0.0037540747532508467
2024-08-29,1.443810115661705,1.8979283284069834,0.005628952151524924,0.006247823098145311
2024-08-30,1.4598936232327027,1.9084743430626219,0.011139627986071154,0.005556592679392791
2024-09-03,1.434943449228583,1.8811457430437772,-0.017090405497402927,-0.014319605667314939
2024-09-04,1.4307091707748036,1.8819255128244683,-0.002950832979554563,0.0004145185366815074
2024-09-05,1.425990183809672,1.8729381718004159,-0.0032983551524843335,-0.004775609322902441
2024-09-06,1.4044079726404195,1.8546425184415107,-0.015134894625707385,-0.009768423557365957
2024-09-09,1.4208821724433263,1.875643336481013,0.011730351951743545,0.011323377864295825
2024-09-10,1.4123557307607446,1.872021152147166,-0.006000808404767133,-0.0019311690359228306
2024-09-11,1.4226026842307515,1.8766525776574652,0.007255221363025477,0.0024740241342824376
2024-09-12,1.431037072389466,1.889032631619603,0.0059288431353377025,0.0065968811220196155
2024-09-13,1.4407292492891943,1.9026509651890569,0.006772834251977056,0.007209157397020549
2024-09-16,1.443973199327522,1.9138396440744596,0.00225160281845338,0.0058805735208984355
2024-09-17,1.4435114203717903,1.9132894900111626,-0.00031979745603782916,-0.0002874608983048921
2024-09-18,1.444166484543687,1.9083828431475824,0.0004537990920279178,-0.0025645083450238637
2024-09-19,1.4663515185763698,1.9323182972634434,0.015361825849110833,0.012542270646482612
2024-09-20,1.4689599859642768,1.9341952000948117,0.0017788827268645502,0.0009713217713802624
2024-09-23,1.4727979216442653,1.9366783981045406,0.0026126890566520178,0.0012838404363775258
2024-09-24,1.481170245121704,1.9413692841274524,0.005684638302647427,0.002422129573760312
2024-09-25,1.4745029189759424,1.9275265304193767,-0.004501390821021856,-0.007130407296156105
2024-09-26,1.481716900466688,1.9390236246335475,0.004892483695966954,0.005964687921400147
2024-09-27,1.481825805614394,1.9451408413509927,7.349929508926323e-05,0.0031547922571604214
2024-09-30,1.4851575334602078,1.9459221986696416,0.002248393726975495,0.00040169704015169394
2024-10-01,1.4725933034499035,1.9384720273539249,-0.008459863500831166,-0.0038286069817231594
2024-10-02,1.4724599579112465,1.9403577338048792,-9.055150416925617e-05,0.000972779810255231
2024-10-03,1.466623002602998,1.9314818090811587,-0.0039640842366460705,-0.0045743754201013065
2024-10-04,1.4831976274254104,1.9472563078409733,0.011301217008730546,0.008167044952558378
2024-10-07,1.4699358532708326,1.9297802570333442,-0.008941339919480651,-0.008974704941131062
2024-10-08,1.4723660228092947,1.9352529333398023,0.0016532486999718543,0.002835906464744964
2024-10-09,1.49137065921107,1.9547982677149944,0.012907548875322528,0.010099627825630675
2024-10-10,1.4860247888145124,1.9530052157521403,-0.003584535047367443,-0.0009172567791100317
2024-10-11,1.5052523544974818,1.971722865564634,0.012938926609904255,0.009584024487761189
2024-10-14,1.513732205859436,1.9816565235333445,0.005633508120161723,0.0050380599333699205
2024-10-15,1.5050605779395008,1.9662500449365434,-0.005728640697719611,-0.007774545393634091
2024-10-16,1.5122946417233893,1.9808748775714307,0.004806493432837344,0.00743793124000125
2024-10-17,1.510354224761249,1.9888314734957806,-0.0012830945165084318,0.004016707978095502
2024-10-18,1.5096948235152365,1.990390580092264,-0.00043658714969108114,0.0007839309751787038
2024-10-21,1.4970849628096166,1.9753467817580719,-0.008352589218169726,-0.007558214194067769
2024-10-22,1.4986457900261094,1.9750704058317303,0.001042577579273507,-0.000139912611240689
2024-10-23,1.485893811405952,1.9559785300260233,-0.008509001062843136,-0.00966642796597783
2024-10-24,1.4747100550784114,1.9496293884450633,-0.0075266188214072605,-0.0032460180331711497
2024-10-25,1.4637750034910721,1.937484434422356,-0.007415051894223201,-0.006229365485916016
2024-10-28,1.477900911509358,1.950963497616395,0.00965032739635241,0.006956991733488405
2024-10-29,1.4675633094680216,1.943741065836849,-0.006994786971731948,-0.0037019820147173865
2024-10-30,1.4629701358305263,1.9402901912808437,-0.003129795905813637,-0.0017753777067623933
2024-10-31,1.4588279965207371,1.9215204413589981,-0.002831321848848045,-0.00967368180604733
2024-11-01,1.4585638832998915,1.934171819990338,-0.00018104479861613676,0.006584045820710704
2024-11-04,1.449701168227968,1.9232684649724954,-0.006076329719526874,-0.005637221525591762
2024-11-05,1.467633451137164,1.9428205824644178,0.012369640931665593,0.010166088535227935
2024-11-06,1.5098045839271066,2.0115069997594426,0.02873410438912183,0.035353968305142036
2024-11-07,1.510745756423318,2.0122433287287347,0.0006233737175200815,0.0003660583678706253
2024-11-08,1.5233624772994079,2.0247567358793526,0.008351319752146757,0.0062186351779451865
2024-11-11,1.5258673646120708,2.038098693522465,0.0016443146985631873,0.006589412647301618
2024-11-12,1.5028316861723607,2.021444554412232,-0.01509677641317575,-0.008171409541237407
2024-11-13,1.5067070220988805,2.0233767324288685,0.0025786892585357712,0.0009558402244667086
2024-11-14,1.4968695971829837,2.0136695151016357,-0.006529089445798886,-0.004797533337047022
2024-11-15,1.4832666047557947,2.000209502363094,-0.00908762690670517,-0.006684320658180254
2024-11-18,1.4845579108975446,1.9987359784947152,0.0008705826299935104,-0.0007366847655898567
2024-11-19,1.4841682050285123,1.9925216333185605,-0.0002625063435865993,-0.003109137596469802
2024-11-20,1.4977691717533992,1.9991965088241956,0.009164033213220346,0.0033499638819569633
2024-11-21,1.5170802669629695,2.020740264845367,0.012893238540197194,0.010776207304324492
2024-11-22,1.533898430956944,2.0400285623929806,0.0110858761795396,0.009545164157497288
2024-11-25,1.5486466355610191,2.0602830932705447,0.009614850831338506,0.009928552595266371
2024-11-26,1.5535814490576607,2.0663594669659773,0.0031865329270894804,0.0029492906655788076
2024-11-27,1.5520278635867035,2.0611117880846717,-0.0010000025887921815,-0.00253957695415441
2024-11-29,1.560158326008319,2.0719298490176747,0.005238605963443277,0.0052486531761850586
2024-12-02,1.557901414280244,2.065715215198255,-0.0014465914711676575,-0.0029994421975078067
2024-12-03,1.563201272257025,2.061802511418076,0.0034019212821816414,-0.001894115777137051
2024-12-04,1.5707245192711665,2.0758425527978535,0.004812718072624733,0.006809595633929577
2024-12-05,1.5726414818631775,2.065393089314394,0.001220432079904521,-0.005033842026879953
2024-12-06,1.5760463387645403,2.058395799281633,0.0021650560160277887,-0.003387873266819108
2024-12-09,1.5522080186951877,2.048866963492237,-0.015125392879018706,-0.004629253417987589
2024-12-10,1.5445484057564132,2.0424683195913107,-0.004934656210069943,-0.0031230158008990205
2024-12-11,1.5494700041019625,2.037036053341968,0.0031864319222414395,-0.0026596575316428783
2024-12-12,1.543062854354008,2.0267249943041277,-0.00413505891110677,-0.005061795062941465
2024-12-13,1.538292086807643,2.022581375911862,-0.003091751922420616,-0.0020444897082292357
2024-12-16,1.5353346892136055,2.017978381763176,-0.001922520189371113,-0.002275801707414926
2024-12-17,1.5287682930874926,2.0050891610813864,-0.004276849974305108,-0.006387194629175363
2024-12-18,1.4846798075753211,1.9528404004477633,-0.028839220247779074,-0.026058073450182184
2024-12-19,1.490256723973026,1.9542678857153575,0.0037563091848151764,0.0007309789715876924
2024-12-20,1.5103231180829946,1.97842660539678,0.013465058595053092,0.01236203074205422
2024-12-23,1.5140964621406254,1.9800422860732252,0.0024983687347779338,0.0008166492868817432
2024-12-24,1.533650841435097,1.996708692522225,0.01291488341953162,0.008417197231707751
2024-12-26,1.5347883080666878,1.9999862367975325,0.0007416724855877632,0.0016414734345486792
2024-12-27,1.5192440669240905,1.9851671472452272,-0.010127938205482967,-0.007409595766035948
2024-12-30,1.5060304048893622,1.9656386985010437,-0.00869752419799219,-0.00983718110149201
2024-12-31,1.5003696796502548,1.9643921925606724,-0.003758705814125518,-0.0006341480462924709
2025-01-02,1.5003404822110065,1.956543982182371,-1.9460163481310744e-05,-0.003995235985982504
2025-01-03,1.5198715973948664,1.9720558155709367,0.013017788572283084,0.007928180265727391
2025-01-06,1.5295188374070636,1.9719171224820522,0.006347404628610054,-7.032919037552876e-05
2025-01-07,1.5170604387492896,1.9636075158444748,-0.00814530580015227,-0.004213973570612373
2025-01-08,1.5215472080060268,1.967300273456641,0.0029575415337019795,0.0018805986340799663
2025-01-10,1.4885193204670486,1.935907287621803,-0.021706778051442055,-0.01595739412961039
2025-01-13,1.4895326287451007,1.952665338307475,0.0006807491606721783,0.00865643246080161
2025-01-14,1.4969726677000343,1.9627760789193296,0.004994881489237102,0.005177917799584764
2025-01-15,1.5315809338425888,1.9955082251826386,0.02311883636174006,0.016676454647506667
2025-01-16,1.5284274195295173,1.9923689410313181,-0.002058992929064196,-0.0015731752501462193
2025-01-17,1.5475170289486988,2.0077114851448976,0.012489706200807138,0.007700654129670248
2025-01-21,1.5653119345771103,2.0325581860487065,0.011499004725331163,0.01237563319612911
2025-01-22,1.5842469688063954,2.0380082038588534,0.012096652310007894,0.0026813588154845913
2025-01-23,1.5903377764337834,2.0569436350148718,0.0038446074048523737,0.00929114569812084
2025-01-24,1.5813987450610913,2.051124009503753,-0.005620838230188552,-0.0028292586204369252
2025-01-27,1.568545559086741,2.0649797521587585,-0.008127732499151441,0.006755195000792691
2025-01-28,1.5886112112362316,2.0709372048289665,0.012792521092708009,0.0028849932615464535
2025-01-29,1.5845282417646558,2.0652567053716306,-0.0025701502310301327,-0.0027429607445799142
2025-01-30,1.6130345819946807,2.0728307046480787,0.017990427357910566,0.003667340363427307
2025-01-31,1.5987945900179164,2.0569896736156563,-0.008828076059693157,-0.007642221333802546
2025-02-03,1.590403224302729,2.051816897661646,-0.005248557736921788,-0.002514731124010905
2025-02-04,1.605989088208628,2.0576362345294994,0.009799944861613508,0.0028361872224005324
2025-02-05,1.6217320988669128,2.0721378164901854,0.009802688432861695,0.007047689828421966
2025-02-06,1.6296290236800703,2.0660875650102453,0.004869438558116279,-0.002919811332910305
2025-02-07,1.6122289380965056,2.046505861583649,-0.010677329214640152,-0.009477673530501662
2025-02-10,1.6159988132909169,2.054172226704932,0.0023383001665149283,0.00374607533024629
2025-02-11,1.6223775437017334,2.0603149883513394,0.003947237063761433,0.002990382971081784
2025-02-12,1.621204858008801,2.0488614792701996,-0.0007228192337134232,-0.005559105838619849
2025-02-13,1.6382717576810302,2.0656263130726016,0.010527293690194783,0.008182512079037085
2025-02-14,1.648432815581796,2.0588371348339836,0.006202303038629342,-0.0032867407796133286
2025-02-18,1.656005097424649,2.0594372241821444,0.004593624787905259,0.00029147004297125356
2025-02-19,1.6548537301346242,2.0629013763283446,-0.0006952679625293889,0.0016820867883340362
2025-02-20,1.6231250706069709,2.0431343639255486,-0.019173090013866134,-0.009582141264541821
2025-02-21,1.5898079800222256,2.00806983575853,-0.02052650851624538,-0.017162125402094497
2025-02-24,1.5806606601388309,2.009827673243041,-0.005753726235080747,0.0008753866290944767
2025-02-25,1.5755107814255014,2.0172286308820566,-0.0032580545864140387,0.0036823841852438033
2025-02-26,1.577934097143772,2.0089490431440504,0.0015381143352621862,-0.00410443695437035
2025-02-27,1.5585948639745375,1.9997447867062692,-0.012256046183576785,-0.004581627627237572
2025-02-28,1.5921940393791223,2.02758904791823,0.021557350265420716,0.013923907389113754
2025-03-03,1.5588564058928862,1.9985418658989293,-0.020938172522763754,-0.014325971058644305
2025-03-04,1.5263423074219664,1.9683851391685514,-0.020857661005855288,-0.015089364523676707
2025-03-05,1.5362989246385843,1.9910488310583443,0.0065231876022848745,0.011513850332850017
2025-03-06,1.5037273301502148,1.9699111961111804,-0.021201339118317786,-0.010616331763158349
2025-03-07,1.5074726721270766,1.9808269627894226,0.0024907055300296133,0.005541248102854057
2025-03-10,1.4587706607517077,1.9402632031355562,-0.03230706086807489,-0.02047819441873111
2025-03-11,1.4384515791315136,1.9182934096550845,-0.013928907515677436,-0.011323099590286212
2025-03-12,1.4474328291927148,1.9146393302404425,0.0062436930039895255,-0.0019048594945123565
2025-03-13,1.4241204490943384,1.8907265346208926,-0.016106018620137608,-0.012489451794843731
2025-03-14,1.4588089012199763,1.9211607918506726,0.024357807759658012,0.016096593913768942
2025-03-17,1.4705127699556118,1.9389684937699116,0.008022893694882072,0.009269240760469977
2025-03-18,1.4537266112522023,1.9265725644281926,-0.01141517370428291,-0.006393053513529701
2025-03-19,1.4773464929782203,1.9445648537154687,0.01624781547176357,0.009339014589682115
2025-03-20,1.4694659665641698,1.9431772012184594,-0.005334243829397067,-0.0007136056657395251
2025-03-21,1.4707779426482743,1.9445720697970967,0.0008928250901734103,0.000717828810343546
2025-03-24,1.5021909275284115,1.9717742440658235,0.02135807450550642,0.01398877145837285
2025-03-25,1.504540358045293,1.9733037647276335,0.0015640026003531649,0.0007757078004306805
2025-03-26,1.491261317844181,1.9659354237775752,-0.008825978067058426,-0.0037340125133117352
2025-03-27,1.4773610435706443,1.9599571887922795,-0.009321152575479719,-0.0030409111677780487
2025-03-28,1.4502525229926513,1.9260356879550908,-0.018349286178870883,-0.017307266215386585
2025-03-31,1.4702620536297653,1.9457771554289247,0.013797273454021264,0.010249793187785405
2025-04-01,1.4732745084461114,1.9444332323865792,0.0020489237336358546,-0.0006906870288798661
2025-04-02,1.4797155094104917,1.9557402550106762,0.004371894665559539,0.005815073737563514
2025-04-03,1.4050705491648863,1.877840921979917,-0.05044548075010946,-0.03983112421558965
2025-04-04,1.310627749303219,1.775889811597458,-0.06721569953750717,-0.05429166506551897
2025-04-07,1.309488532738865,1.7589751719404647,-0.0008692144393857015,-0.00952459975080211
2025-04-08,1.2901487379328291,1.7446558682016948,-0.014768968435016072,-0.008140708275588215
2025-04-09,1.414990344247855,1.8818259308980056,0.09676528189692002,0.07862299104160808
2025-04-10,1.3762375731370753,1.8336311649228318,-0.027387304279718583,-0.025610639742951857
2025-04-11,1.409608392392456,1.8625016972638861,0.024247862365298856,0.015745005262423728
2025-04-14,1.4222939852616945,1.8787674668609153,0.00899937382446181,0.008733291154002343
2025-04-15,1.4216378023852752,1.8708430546606254,-0.00046135530573776506,-0.004217878124923136
2025-04-16,1.38510837223842,1.838682277740599,-0.025695314295641758,-0.01719052639926577
2025-04-17,1.392357487270912,1.8145125896151022,0.005233608559290337,-0.013145113986303691
2025-04-21,1.3648816155056736,1.7693540621456054,-0.019733345794040624,-0.024887414795549012
2025-04-22,1.4066646886051455,1.816877299564504,0.03061296498157584,0.026859088542894316
2025-04-23,1.4247969296286231,1.835608804253723,0.01289023686338342,0.010309724654333552
2025-04-24,1.4342459453659635,1.8591153344776328,0.0066318333096093696,0.012805849573960026
2025-04-25,1.4387574186323524,1.8593006434538324,0.0031455367058665917,9.967589033510471e-05
2025-04-28,1.4405544944430437,1.865096311573947,0.0012490471203960851,0.0031171226345345637
2025-04-29,1.4509202234160758,1.8787269124821677,0.007195652099950323,0.007308255784773898
2025-04-30,1.4582614156873905,1.8839662207087857,0.005059680162173619,0.002788754550652417
2025-05-01,1.461599129170047,1.8889734597502559,0.002288830690266197,0.0026578178453680046
2025-05-02,1.4849310060395726,1.9150305861862973,0.01596325312726088,0.013794331678691929
2025-05-05,1.4800394633102518,1.9114138860744871,-0.003294121214673096,-0.0018885860820702094
2025-05-06,1.4702076223142988,1.8927756131598985,-0.006642958677576805,-0.009751039819463903
2025-05-07,1.4798182713684764,1.905803671252205,0.006536933225151698,0.006883044139900374
2025-05-08,1.4902187661099804,1.9189249611191421,0.007028224304789887,0.006884911633272095
2025-05-09,1.489108243562541,1.9121556992658164,-0.0007452077323776285,-0.003527632393388491
2025-05-12,1.5328483920980103,1.9669119039434373,0.029373384187858287,0.028635850468999413
2025-05-13,1.5493742865748756,1.95430079104758,0.01078116698432674,-0.006411630775416732
2025-05-14,1.555130863846813,1.9498500562212386,0.0037154206842191506,-0.002277405221719042
2025-05-15,1.5762755692160677,1.96343490717194,0.0135967370083252,0.006967125963023291
2025-05-16,1.5863541298664983,1.9791734698452483,0.0063939077958576895,0.008015831141546581
2025-05-19,1.5857891981584298,1.9860869090094957,-0.00035611954319181294,0.003493094096894911
2025-05-20,1.578325456925975,1.9811223891712613,-0.004706641488744112,-0.0024996488399947614
2025-05-21,1.5490480456150828,1.9429817897279809,-0.018549666789202224,-0.01925201575215918
2025-05-22,1.5492660509660852,1.9433069463661257,0.00014073504796674463,0.00016734929779782526
2025-05-23,1.5398691304990326,1.9317532780719935,-0.0060654013951915164,-0.0059453645836736735
2025-05-27,1.5694620899834977,1.9666453418881096,0.019217840593294344,0.018062381056726196
2025-05-28,1.5603941884137125,1.9553707916313372,-0.005777713031526965,-0.005732884326742904
2025-05-29,1.5659843975463208,1.9601958967725244,0.003582562133412681,0.002467616455067212
2025-05-30,1.5639603039063568,1.9620055457231227,-0.0012925375521847249,0.0009231980097386128
2025-06-02,1.5708382348133796,1.965996038863248,0.004397765652902841,0.002033884740450409
2025-06-03,1.578359156215202,1.9766680463041062,0.004787839533786142,0.0054282954949536055
2025-06-04,1.5711565252490907,1.9717029491793416,-0.004563366289446202,-0.002511851766940909
2025-06-05,1.5678684910082967,1.967202134746504,-0.0020927477230651137,-0.002282704113573897
2025-06-06,1.5811002848043472,1.987664777418212,0.008439351815496376,0.010401901416370984
2025-06-09,1.5750703931447088,1.987571689965214,-0.0038137313095131242,-4.683257159632248e-05
2025-06-10,1.5742051407879496,1.99337139909104,-0.0005493420233946278,0.0029179873888862673
2025-06-11,1.5775573290972467,1.9933252161686226,0.0021294482036942064,-2.3168247742733072e-05
2025-06-12,1.5777390604052834,1.9974548353625305,0.00011519791051961548,0.0020717237510523567
2025-06-13,1.549320997441427,1.9618199481036576,-0.01801189035438877,-0.017840146684671043
2025-06-16,1.567919131761166,1.977920469431412,0.012004054905634387,0.008206931193312395
2025-06-17,1.5616480664111292,1.9632120745712762,-0.003999610198641368,-0.007436292352221874
2025-06-18,1.563402477106667,1.9619593628007053,0.0011234353842410894,-0.0006380929430889193
2025-06-20,1.5678667514629672,1.9625129805831831,0.002855486300982424,0.00028217596805246714
2025-06-23,1.5908241220529422,1.98093924501955,0.01464242453547393,0.009389117228101762
2025-06-24,1.6113883614963818,2.0045309250066667,0.01292678377098122,0.01190934050422321
2025-06-25,1.6021193178532476,2.000203440854527,-0.005752209625323745,-0.002158851279445928
2025-06-26,1.6161325476446775,2.019141758443196,0.008746682993752808,0.009468195685423897
2025-06-27,1.624674592151483,2.038080220353498,0.005285485104086662,0.009379461264227285
2025-06-30,1.643113171967029,2.0504109163173023,0.0113490910146683,0.006050152413365595
2025-07-01,1.6413452707988994,2.0701404050956342,-0.0010759460749824035,0.009622212124078766
2025-07-02,1.6395671213470793,2.069302762340289,-0.0010833488135951752,-0.0004046308903895568
2025-07-03,1.660079489115005,2.085030212247891,0.012510843564045526,0.007600361916017873
2025-07-07,1.6463973286706721,2.06599909584949,-0.008241870665860018,-0.009127501504107016
2025-07-08,1.6306208732240177,2.0584610326595474,-0.009582410741271419,-0.003648628503800433
2025-07-09,1.6381219936789528,2.0684186480192617,0.004600162170194766,0.004837407753524037
2025-07-10,1.6442447763913801,2.0776319967198944,0.0037376842115870446,0.0044542958986835135
2025-07-11,1.629339031659831,2.0639983650573894,-0.009065404947955935,-0.0065621013172830756
2025-07-14,1.638334096451141,2.068697621734989,0.005520683305638707,0.002276773449609193
2025-07-15,1.627434232940552,2.0480841629572626,-0.006653016337876183,-0.009964461969283911
2025-07-16,1.6327981216221215,2.058367800884917,0.003295917323723474,0.005021101238733117
2025-07-17,1.647559160121957,2.0716759872660115,0.009040332852153776,0.006465407385100486
2025-07-18,1.6418703057088757,2.0633948119900474,-0.00345289841528984,-0.003997331304154805
2025-07-21,1.6373490331097966,2.0642324547453925,-0.002753733095335442,0.00040595369847684637
2025-07-22,1.6315574045212546,2.071307822781366,-0.003537198527269414,0.0034276023612109796
2025-07-23,1.6455838504850868,2.095747103716474,0.008596967489444829,0.011798961345248271
2025-07-24,1.63358376556471,2.0813165279990047,-0.007292296236888429,-0.006885647458072963
2025-07-25,1.6434635993643694,2.0902077508157757,0.006047950529334489,0.004271922457329991
2025-07-28,1.6416744305306468,2.08704220012733,-0.0010886574149950867,-0.0015144670127694715
2025-07-29,1.642124739957913,2.078383768103869,0.0002742988615109798,-0.004148661691140143
2025-07-30,1.6366014439932781,2.070377236894656,-0.0033635057253790235,-0.003852287210902139
2025-07-31,1.626741186868443,2.0544100687553812,-0.006024837116589854,-0.007712202324646755
2025-08-01,1.5998743895853946,2.028295502309583,-0.016515717128161134,-0.012711467317534586
2025-08-04,1.6230908954088574,2.0566448892354843,0.014511455383368732,0.013976951037765417
2025-08-05,1.6132645931638816,2.053525521469456,-0.00605406774985362,-0.0015167264812486758
2025-08-06,1.6275384403586404,2.0573894445378316,0.008847802930308735,0.0018816046004679343
2025-08-07,1.6150238945906064,2.0469158793417357,-0.00768924742894328,-0.0050907061975563606
2025-08-08,1.6206847498250836,2.0571566537445216,0.0035051216600805457,0.0050030265074103575
2025-08-11,1.6096204673323233,2.048266008214281,-0.0068269183713577375,-0.00432181259218023
2025-08-12,1.6220749197089994,2.070004742761033,0.007737508704345197,0.010613237958142063
2025-08-13,1.6257701274885754,2.092069644197358,0.0022780746651571704,0.010659348251972789
2025-08-14,1.6310944033999142,2.0908593629867585,0.003274925416155483,-0.000578509044360187
2025-08-15,1.6118270699073984,2.0938218531382,-0.011812518915124803,0.0014168768133737686
2025-08-18,1.619599476162927,2.0915857337634036,0.004822109270056663,-0.0010679606631504024
2025-08-19,1.6109731279624129,2.092703937772434,-0.005326223135704744,0.0005346202123011068
2025-08-20,1.615552191219109,2.093029816018742,0.0028424206321107093,0.00015572114164164041
2025-08-21,1.6002134431157489,2.0864624601293595,-0.009494430564812362,-0.003137726868064683
2025-08-22,1.630463866779271,2.126938616552266,0.018903992960227933,0.01939941752913077
2025-08-25,1.6232362017357744,2.1103104553358927,-0.004432888818182601,-0.007817884863704938
2025-08-26,1.6355748330687006,2.11692442711259,0.007601254407542113,0.0031341226405690037
2025-08-27,1.6386106817994313,2.1240975008938023,0.0018561356346102897,0.003388441122102792
2025-08-28,1.643443395017671,2.1276374218970937,0.0029492748167201377,0.0016665529721691108
2025-08-29,1.6308537189173704,2.1243769075744274,-0.0076605474447540844,-0.0015324576871557083
2025-09-02,1.6204775009875487,2.1128254041047834,-0.006362445515168513,-0.005437596044495341
2025-09-03,1.6149325204992324,2.111195579908348,-0.0034218188681651718,-0.0007713955887074242
2025-09-04,1.6367649358746512,2.128848280394224,0.01351908831996873,0.0083614709380182
2025-09-05,1.6114729850132241,2.1192532009754856,-0.015452402667651022,-0.004507169208395334
2025-09-08,1.6195085960419744,2.12488953801326,0.004986500613712863,0.0026595864218490473
2025-09-09,1.6293759725509875,2.1333199418572857,0.006092821324399589,0.003967455104469941
2025-09-10,1.624572116224068,2.123631630663917,-0.0029482798370952246,-0.004541424379567616
2025-09-11,1.634786831160292,2.1515321773125744,0.006287634038657286,0.013138129158461798
2025-09-12,1.6242426167466724,2.1394214275167824,-0.006449901731919283,-0.005628895502236553
2025-09-15,1.6307504833803552,2.142915021276024,0.004006708460043917,0.0016329619374226834
2025-09-16,1.6284432236879651,2.1369063344262593,-0.0014148453217731616,-0.0028039781279738385
2025-09-17,1.637084360344335,2.148457549252638,0.005306378835118419,0.005405578447817305
2025-09-18,1.6447124724721103,2.154838874557658,0.004659571804944029,0.0029701891513935763
2025-09-19,1.6428559610446756,2.1624434700202073,-0.001128775672652571,0.0035290784625880978
2025-09-22,1.6423165014720444,2.1658535015542,-0.000328366932599522,0.0015769344176017608
2025-09-23,1.631917578561919,2.1621164372008397,-0.006331862890499251,-0.0017254465044282963
2025-09-24,1.627590344012138,2.1534747464867547,-0.00265162567437649,-0.00399686648017572
2025-09-25,1.6255206935255586,2.146047666632247,-0.0012716040582284593,-0.0034488817974878128
2025-09-26,1.6368682779380257,2.159360615627216,0.006980892004429418,0.006203473111042523
2025-09-29,1.6437529131315798,2.1629104948231532,0.0042059799718439095,0.0016439492182300786
2025-09-30,1.6404453802911942,2.16618010140867,-0.0020121837132347498,0.001511669851037567
2025-10-01,1.639332726615926,2.1686093231278236,-0.0006782631647697102,0.0011214310931828564
2025-10-02,1.6416464195550344,2.1725797555610242,0.0014113626242822086,0.0018308657031289588
2025-10-03,1.648979883331035,2.1837905156562076,0.004467139628025585,0.005160114406151495
2025-10-06,1.655247058173262,2.180660901054268,0.003800637536927942,-0.001433111179622082
2025-10-07,1.654340020170067,2.17659680388154,-0.0005479774144385718,-0.0018636997484401396
2025-10-08,1.6588585978659454,2.1770639730061183,0.0027313476315551366,0.00021463282668854333
2025-10-09,1.6505189167999748,2.165059299610254,-0.00502736102805823,-0.005514157390280272
2025-10-10,1.613392173602557,2.1247478141700924,-0.022493982237658416,-0.01861911378012515
2025-10-13,1.6367017597844935,2.151886631242128,0.014447563688057663,0.012772723845646539
2025-10-14,1.6474993888977347,2.161369284109106,0.006597187941352889,0.004406669352048809
2025-10-15,1.6559381901246657,2.161369284109106,0.005122187773664022,0.0
2025-10-16,1.636153153556863,2.1466552607053004,-0.011947931804334622,-0.006807732261204347
2025-10-17,1.653725305349486,2.1577527283189286,0.010739918664962822,0.0051696552384392636
2025-10-20,1.667363690896977,2.182237759211556,0.008247068302923877,0.011347468396762705
2025-10-21,1.662596451016662,2.192517500455132,-0.0028591481908487593,0.0047106421837783685
2025-10-22,1.6551151412959968,2.1764436786293997,-0.004499774864844985,-0.007331217115665312
2025-10-23,1.6603230511228577,2.183499563244978,0.0031465543978910215,0.0032419330143298453
2025-10-24,1.6921301366225354,2.2064887004161813,0.019157166720155328,0.010528574201791097
2025-10-27,1.707329610626932,2.221161159189811,0.008982449798296432,0.006649686794617304
2025-10-28,1.715989632980656,2.229571935291809,0.005072261559702085,0.003786657292830453
2025-10-29,1.7222618054082424,2.2259273811049156,0.003655134219366696,-0.0016346430133981071
2025-10-30,1.7176763654880627,2.2195726109802862,-0.0026624523088072394,-0.002854886542378976
2025-10-31,1.7128528601871975,2.222656331303073,-0.002808157227857433,0.0013893306790377924
2025-11-03,1.7119348932252938,2.212376445737865,-0.0005359286738753077,-0.004625045006027229
2025-11-04,1.6814185208185564,2.2003677313362893,-0.017825661786263658,-0.005427970644286462
2025-11-05,1.696248239154764,2.210694232788813,0.008819766258425732,0.004693079845454751
2025-11-06,1.684713452561466,2.1927980617088174,-0.006800176016127035,-0.008095271980430918
2025-11-07,1.6813157372209377,2.1955081333249216,-0.0020167912444470915,0.0012358965758991758
2025-11-10,1.7068167376027603,2.2140118984779704,0.015167288223908226,0.008428010296197996
2025-11-11,1.7078658500682768,2.240132526432335,0.0006146602868390971,0.01179787153462053
2025-11-12,1.725398638426455,2.2557857950208042,0.010265904876239018,0.006987652919534515
2025-11-13,1.6931455030718519,2.2183108069468642,-0.018693149882173077,-0.016612830950819224
2025-11-14,1.6834916631790848,2.204573119387288,-0.005701719004806205,-0.006192859682491392
2025-11-17,1.6561054228030783,2.178966853731346,-0.01626752360881356,-0.011615067529744061
2025-11-18,1.6361779525577371,2.1555099701490352,-0.012032730507948286,-0.010765140159035624
2025-11-19,1.6475767967093249,2.157659352222666,0.006966750856023163,0.0009971571012876712
2025-11-20,1.617914282411122,2.1405572387649845,-0.01800372180371035,-0.007926234250121067
2025-11-21,1.6337154303973336,2.1641653714182127,0.00976636905798478,0.01102896583454549
2025-11-24,1.6534442993907674,2.1729141487836525,0.012076074343397414,0.004042564159367545
2025-11-25,1.667683915541947,2.204447703888598,0.008612093045061275,0.01451210353736121
2025-11-26,1.6794266918951,2.219279060779671,0.007041368117612912,0.006727924125807361
2025-11-28,1.6939863518637952,2.232519271671832,0.008669422749417954,0.0059659964022324985
2025-12-01,1.6810409201587064,2.214460017147051,-0.007641992918564933,-0.008089181918352284
2025-12-02,1.7069676078512526,2.2235365489400216,0.015422996181496007,0.004098756230723977
2025-12-03,1.7188800201498182,2.2429525711324456,0.006978698508263603,0.008732045444308056
2025-12-04,1.7241379697933037,2.2413618580984327,0.003058939298757668,-0.0007092049357110275
2025-12-05,1.7259270179712656,2.245853002981889,0.0010376479198914712,0.0020037571654165642
2025-12-08,1.730035234148644,2.2370574654075015,0.0023802954207226,-0.0039163460665988525
2025-12-09,1.7219089862769976,2.2289636196105924,-0.004697157440059496,-0.0036180768362312765
2025-12-10,1.7391656668027387,2.252028958603784,0.010021830807127818,0.01034801052393175
2025-12-11,1.7557237926312703,2.2825329231820874,0.009520729476549583,0.013545103166530792
2025-12-12,1.7406420136380958,2.2709770900634667,-0.008590063571771611,-0.0050627235214248945
2025-12-15,1.7413701162992463,2.2699010279711422,0.00041829546537752726,-0.0004738322095069192
2025-12-16,1.7259377722862599,2.254976150662175,-0.00886218493618296,-0.00657512249435277
2025-12-17,1.7062264336560156,2.244777085211197,-0.01142065429400374,-0.004522914997563521
2025-12-18,1.709148459273042,2.248099080549331,0.0017125661397503489,0.0014798776056739182
2025-12-19,1.73123190939296,2.255994484101478,0.012920732543801883,0.0035120353993549625
2025-12-22,1.7388940648349758,2.266825822624676,0.004425840004706583,0.004801136970648212
2025-12-23,1.7429568118626197,2.2704361725846534,0.0023363970869780815,0.0015926896208537933
2025-12-24,1.7508922322186486,2.283470725150425,0.004552849675918624,0.005740990529997214
2025-12-26,1.751925734499929,2.2835646785332178,0.000590271783872609,4.11449911565942e-05
2025-12-29,1.7441524828147599,2.2721241583990084,-0.004436975570421664,-0.0050099391717505215
2025-12-30,1.7376022861642209,2.267435437200585,-0.003755518347781206,-0.00206358494147052
2025-12-31,1.7264232978044203,2.2532753202225226,-0.006433571392495341,-0.006244992358214407
