signal_date,execution_date,parameters,eligible_members,selected,composite_scores,factor_weight_coverage,latest_filed_dates,target_invested_weight,market_regime,turnover,transaction_cost,portfolio_value_before_trade
2017-12-29,2018-01-02,"{'style': 'growth_momentum', 'value_weight': 0.1, 'quality_weight': 0.2, 'growth_weight': 0.3, 'momentum_weight': 0.35, 'low_vol_weight': 0.05, 'momentum_lookback': 126, 'top_n': 8, 'weighting': 'equal'}",29,"['V', 'AXP', 'UNH', 'MSFT', 'INTC', 'HD', 'AAPL', 'NKE']","{'V': 0.73309934318555, 'AXP': 0.7313624578688099, 'UNH': 0.729301054360038, 'MSFT': 0.6712380088151413, 'INTC': 0.6576672284158672, 'HD': 0.6270894909688013, 'AAPL': 0.6180814104226082, 'NKE': 0.6141338259441708}","{'V': 1.0, 'AXP': 1.0, 'UNH': 1.0, 'MSFT': 1.0, 'INTC': 1.0, 'HD': 1.0, 'AAPL': 1.0, 'NKE': 1.0}","{'V': '2017-11-17', 'AXP': '2017-10-24', 'UNH': '2017-11-07', 'MSFT': '2017-10-26', 'INTC': '2017-10-26', 'HD': '2017-11-21', 'AAPL': '2017-11-03', 'NKE': '2017-07-20'}",0.8284,"{'formula_version': 'market-regime-cash-v1', 'benchmark': 'DIA', 'as_of_date': '2017-12-29', 'data_quality': 'complete', 'observations': 1066, 'regime': 'risk_on', 'target_cash_weight': 0.1716, 'target_equity_weight': 0.8284, 'scores': {'overheat': 0.468326, 'fear': 0.0, 'outlook': 0.955004}, 'components': {'overheat': {'distance_above_200d': 0.529663, 'rsi': 0.631973, 'six_month_momentum': 0.243341}, 'fear': {'drawdown': 0.0, 'rsi': 0.0, 'realized_volatility': 0.0}, 'outlook': {'price_vs_200d': 1.0, '50d_vs_200d': 1.0, 'six_month_momentum': 0.865012}}, 'metrics': {'close': 210.4273376464844, 'sma_50': 202.84923095703124, 'sma_200': 186.30964363098144, 'distance_to_sma_200': 0.12944952040846713, 'sma_50_to_sma_200': 0.08877472472015091, 'momentum_126': 0.17300232039086016, 'rsi_14': 72.6394520702601, 'drawdown_from_252d_peak': -0.003022258440002701, 'realized_volatility_20': 0.05071317301123607}, 'rationale': ['가격의 장기 추세 이격·RSI·6개월 상승률이 과열 현금 확대 요인', '200일 추세·50/200일 추세·6개월 모멘텀이 긍정적이라 현금 축소']}",0.827714321455716,0.000827714321455716,1.0
2018-01-31,2018-02-01,"{'style': 'growth_momentum', 'value_weight': 0.1, 'quality_weight': 0.2, 'growth_weight': 0.3, 'momentum_weight': 0.35, 'low_vol_weight': 0.05, 'momentum_lookback': 126, 'top_n': 8, 'weighting': 'equal'}",29,"['V', 'HD', 'MSFT', 'AAPL', 'INTC', 'AXP', 'UNH', 'WMT']","{'V': 0.7795279146141215, 'HD': 0.7219745484400657, 'MSFT': 0.7028169561835623, 'AAPL': 0.6914147437559416, 'INTC': 0.6875795091176217, 'AXP': 0.6537023593466424, 'UNH': 0.6376343876933713, 'WMT': 0.6294570477918936}","{'V': 1.0, 'HD': 1.0, 'MSFT': 1.0, 'AAPL': 1.0, 'INTC': 1.0, 'AXP': 1.0, 'UNH': 1.0, 'WMT': 1.0}","{'V': '2017-11-17', 'HD': '2017-11-21', 'MSFT': '2018-01-31', 'AAPL': '2017-11-03', 'INTC': '2017-10-26', 'AXP': '2017-10-24', 'UNH': '2017-11-07', 'WMT': '2017-12-01'}",0.8198,"{'formula_version': 'market-regime-cash-v1', 'benchmark': 'DIA', 'as_of_date': '2018-01-31', 'data_quality': 'complete', 'observations': 1087, 'regime': 'risk_on', 'target_cash_weight': 0.1802, 'target_equity_weight': 0.8198, 'scores': {'overheat': 0.520807, 'fear': 0.0, 'outlook': 1.0}, 'components': {'overheat': {'distance_above_200d': 0.757664, 'rsi': 0.45682, 'six_month_momentum': 0.347936}, 'fear': {'drawdown': 0.0, 'rsi': 0.0, 'realized_volatility': 0.0}, 'outlook': {'price_vs_200d': 1.0, '50d_vs_200d': 1.0, 'six_month_momentum': 1.0}}, 'metrics': {'close': 222.51028442382807, 'sma_50': 211.75947326660156, 'sma_200': 191.2176001739502, 'distance_to_sma_200': 0.16364960244983195, 'sma_50_to_sma_200': 0.10742668600570493, 'momentum_126': 0.2043808690346225, 'rsi_14': 69.13640371783657, 'drawdown_from_252d_peak': -0.016809680798983484, 'realized_volatility_20': 0.09553339102643724}, 'rationale': ['가격의 장기 추세 이격·RSI·6개월 상승률이 과열 현금 확대 요인', '200일 추세·50/200일 추세·6개월 모멘텀이 긍정적이라 현금 축소']}",0.23619031575784696,0.0002454031510755838,1.039005982477208
2018-02-28,2018-03-01,"{'style': 'growth_momentum', 'value_weight': 0.1, 'quality_weight': 0.2, 'growth_weight': 0.3, 'momentum_weight': 0.35, 'low_vol_weight': 0.05, 'momentum_lookback': 126, 'top_n': 8, 'weighting': 'equal'}",30,"['CAT', 'CVX', 'V', 'HD', 'UNH', 'INTC', 'BA', 'PFE']","{'CAT': 0.7414285714285713, 'CVX': 0.7317296113847839, 'V': 0.7250164203612479, 'HD': 0.7138998357963875, 'UNH': 0.6715073027396077, 'INTC': 0.6680945179039552, 'BA': 0.6264079739578833, 'PFE': 0.6083448563938582}","{'CAT': 1.0, 'CVX': 1.0, 'V': 1.0, 'HD': 1.0, 'UNH': 1.0, 'INTC': 1.0, 'BA': 1.0, 'PFE': 1.0}","{'CAT': '2018-02-15', 'CVX': '2018-02-22', 'V': '2017-11-17', 'HD': '2017-11-21', 'UNH': '2018-02-13', 'INTC': '2018-02-16', 'BA': '2018-02-12', 'PFE': '2018-02-22'}",0.916,"{'formula_version': 'market-regime-cash-v1', 'benchmark': 'DIA', 'as_of_date': '2018-02-28', 'data_quality': 'complete', 'observations': 1106, 'regime': 'risk_on', 'target_cash_weight': 0.084, 'target_equity_weight': 0.916, 'scores': {'overheat': 0.168307, 'fear': 0.108054, 'outlook': 0.919128}, 'components': {'overheat': {'distance_above_200d': 0.303888, 'rsi': 0.0, 'six_month_momentum': 0.201034}, 'fear': {'drawdown': 0.0, 'rsi': 0.0, 'realized_volatility': 0.324161}, 'outlook': {'price_vs_200d': 0.955832, '50d_vs_200d': 1.0, 'six_month_momentum': 0.801551}}, 'metrics': {'close': 213.48928833007807, 'sma_50': 215.10442901611327, 'sma_200': 194.8636092376709, 'distance_to_sma_200': 0.09558315770334436, 'sma_50_to_sma_200': 0.10387172780811582, 'momentum_126': 0.16031020923216932, 'rsi_14': 52.35185526670399, 'drawdown_from_252d_peak': -0.05667011265224209, 'realized_volatility_20': 0.29724833253553684}, 'rationale': ['200일 추세·50/200일 추세·6개월 모멘텀이 긍정적이라 현금 축소']}",0.9148881864970365,0.0009327149792638323,1.019485214728864
2018-03-29,2018-04-02,"{'style': 'growth_momentum', 'value_weight': 0.1, 'quality_weight': 0.2, 'growth_weight': 0.3, 'momentum_weight': 0.35, 'low_vol_weight': 0.05, 'momentum_lookback': 126, 'top_n': 8, 'weighting': 'equal'}",30,"['V', 'CAT', 'HD', 'BA', 'NKE', 'INTC', 'MSFT', 'CVX']","{'V': 0.7367405582922824, 'CAT': 0.7047044334975369, 'HD': 0.6669786535303777, 'BA': 0.6552041022095468, 'NKE': 0.6489816495261141, 'INTC': 0.6416355544032495, 'MSFT': 0.6414366663785902, 'CVX': 0.6277640941434045}","{'V': 1.0, 'CAT': 1.0, 'HD': 1.0, 'BA': 1.0, 'NKE': 1.0, 'INTC': 1.0, 'MSFT': 1.0, 'CVX': 1.0}","{'V': '2017-11-17', 'CAT': '2018-02-15', 'HD': '2018-03-22', 'BA': '2018-02-12', 'NKE': '2017-07-20', 'INTC': '2018-02-16', 'MSFT': '2018-01-31', 'CVX': '2018-02-22'}",0.929,"{'formula_version': 'market-regime-cash-v1', 'benchmark': 'DIA', 'as_of_date': '2018-03-29', 'data_quality': 'complete', 'observations': 1127, 'regime': 'risk_on', 'target_cash_weight': 0.071, 'target_equity_weight': 0.929, 'scores': {'overheat': 0.0, 'fear': 0.119215, 'outlook': 0.611315}, 'components': {'overheat': {'distance_above_200d': 0.0, 'rsi': 0.0, 'six_month_momentum': 0.0}, 'fear': {'drawdown': 0.037211, 'rsi': 0.289495, 'realized_volatility': 0.030939}, 'outlook': {'price_vs_200d': 0.402951, '50d_vs_200d': 0.964747, 'six_month_momentum': 0.466246}}, 'metrics': {'close': 206.356689453125, 'sma_50': 213.6732614135742, 'sma_200': 198.3636043548584, 'distance_to_sma_200': 0.040295119279883274, 'sma_50_to_sma_200': 0.0771797684787372, 'momentum_126': 0.0932492759052288, 'rsi_14': 34.21010529359319, 'drawdown_from_252d_peak': -0.0881864184478286, 'realized_volatility_20': 0.20928166795110456}, 'rationale': ['200일 추세·50/200일 추세·6개월 모멘텀이 긍정적이라 현금 축소']}",0.4905087972425156,0.0004887479808395948,0.9964102246222298
2018-04-30,2018-05-01,"{'style': 'growth_momentum', 'value_weight': 0.1, 'quality_weight': 0.2, 'growth_weight': 0.3, 'momentum_weight': 0.35, 'low_vol_weight': 0.05, 'momentum_lookback': 126, 'top_n': 8, 'weighting': 'equal'}",30,"['V', 'NKE', 'CAT', 'INTC', 'AAPL', 'MSFT', 'BA', 'HD']","{'V': 0.7549589490968801, 'NKE': 0.6799667271627344, 'CAT': 0.679704433497537, 'INTC': 0.6718493071759859, 'AAPL': 0.6548415003024803, 'MSFT': 0.6380156137470112, 'BA': 0.6313535274969032, 'HD': 0.6269211822660098}","{'V': 1.0, 'NKE': 1.0, 'CAT': 1.0, 'INTC': 1.0, 'AAPL': 1.0, 'MSFT': 1.0, 'BA': 1.0, 'HD': 1.0}","{'V': '2017-11-17', 'NKE': '2017-07-20', 'CAT': '2018-02-15', 'INTC': '2018-04-27', 'AAPL': '2018-02-02', 'MSFT': '2018-04-26', 'BA': '2018-04-25', 'HD': '2018-03-22'}",0.8852,"{'formula_version': 'market-regime-cash-v1', 'benchmark': 'DIA', 'as_of_date': '2018-04-30', 'data_quality': 'complete', 'observations': 1148, 'regime': 'neutral', 'target_cash_weight': 0.1148, 'target_equity_weight': 0.8852, 'scores': {'overheat': 0.0, 'fear': 0.010862, 'outlook': 0.335699}, 'components': {'overheat': {'distance_above_200d': 0.0, 'rsi': 0.0, 'six_month_momentum': 0.0}, 'fear': {'drawdown': 0.032586, 'rsi': 0.0, 'realized_volatility': 0.0}, 'outlook': {'price_vs_200d': 0.263991, '50d_vs_200d': 0.52598, 'six_month_momentum': 0.217127}}, 'metrics': {'close': 206.58697509765625, 'sma_50': 209.74280334472655, 'sma_200': 201.2735359954834, 'distance_to_sma_200': 0.026399094525233924, 'sma_50_to_sma_200': 0.04207839499293731, 'momentum_126': 0.043425492199867355, 'rsi_14': 44.84540621457112, 'drawdown_from_252d_peak': -0.0871688716996395, 'realized_volatility_20': 0.17289871815922359}, 'rationale': ['200일 추세·50/200일 추세·6개월 모멘텀이 긍정적이라 현금 축소']}",0.26735576192280675,0.0002742943043112605,1.0259524699918647
2018-05-31,2018-06-01,"{'style': 'growth_momentum', 'value_weight': 0.1, 'quality_weight': 0.2, 'growth_weight': 0.3, 'momentum_weight': 0.35, 'low_vol_weight': 0.05, 'momentum_lookback': 126, 'top_n': 8, 'weighting': 'equal'}",30,"['V', 'CVX', 'NKE', 'UNH', 'AAPL', 'HD', 'BA', 'INTC']","{'V': 0.7899589490968801, 'CVX': 0.7709824849480023, 'NKE': 0.6899667271627344, 'UNH': 0.6674046610779824, 'AAPL': 0.6630871143375681, 'HD': 0.6519786535303776, 'BA': 0.6361397747241667, 'INTC': 0.6299688877365829}","{'V': 1.0, 'CVX': 1.0, 'NKE': 1.0, 'UNH': 1.0, 'AAPL': 1.0, 'HD': 1.0, 'BA': 1.0, 'INTC': 1.0}","{'V': '2017-11-17', 'CVX': '2018-05-03', 'NKE': '2017-07-20', 'UNH': '2018-05-07', 'AAPL': '2018-05-02', 'HD': '2018-05-22', 'BA': '2018-04-25', 'INTC': '2018-04-27'}",0.8732,"{'formula_version': 'market-regime-cash-v1', 'benchmark': 'DIA', 'as_of_date': '2018-05-31', 'data_quality': 'complete', 'observations': 1170, 'regime': 'neutral', 'target_cash_weight': 0.1268, 'target_equity_weight': 0.8732, 'scores': {'overheat': 0.0, 'fear': 0.0, 'outlook': 0.232312}, 'components': {'overheat': {'distance_above_200d': 0.0, 'rsi': 0.0, 'six_month_momentum': 0.0}, 'fear': {'drawdown': 0.0, 'rsi': 0.0, 'realized_volatility': 0.0}, 'outlook': {'price_vs_200d': 0.255386, '50d_vs_200d': 0.264573, 'six_month_momentum': 0.176978}}, 'metrics': {'close': 209.4341583251953, 'sma_50': 208.54116333007812, 'sma_200': 204.21870178222656, 'distance_to_sma_200': 0.025538584358108185, 'sma_50_to_sma_200': 0.021165845782630255, 'momentum_126': 0.03539556846484038, 'rsi_14': 43.78581617451386, 'drawdown_from_252d_peak': -0.07458822629910655, 'realized_volatility_20': 0.12425937591400069}, 'rationale': ['200일 추세·50/200일 추세·6개월 모멘텀이 긍정적이라 현금 축소']}",0.4627296172051912,0.0005041279869505799,1.0894655716991446
2018-06-29,2018-07-02,"{'style': 'growth_momentum', 'value_weight': 0.1, 'quality_weight': 0.2, 'growth_weight': 0.3, 'momentum_weight': 0.35, 'low_vol_weight': 0.05, 'momentum_lookback': 126, 'top_n': 8, 'weighting': 'equal'}",30,"['V', 'CVX', 'AAPL', 'NKE', 'UNH', 'CAT', 'INTC', 'MSFT']","{'V': 0.7919540229885058, 'CVX': 0.7243897099069513, 'AAPL': 0.6897049808429119, 'NKE': 0.6715316548075169, 'UNH': 0.6659697135559204, 'CAT': 0.6556403940886699, 'INTC': 0.6504985404123335, 'MSFT': 0.6474243751140303}","{'V': 1.0, 'CVX': 1.0, 'AAPL': 1.0, 'NKE': 1.0, 'UNH': 1.0, 'CAT': 1.0, 'INTC': 1.0, 'MSFT': 1.0}","{'V': '2017-11-17', 'CVX': '2018-05-03', 'AAPL': '2018-05-02', 'NKE': '2017-07-20', 'UNH': '2018-05-07', 'CAT': '2018-05-02', 'INTC': '2018-04-27', 'MSFT': '2018-04-26'}",0.9078,"{'formula_version': 'market-regime-cash-v1', 'benchmark': 'DIA', 'as_of_date': '2018-06-29', 'data_quality': 'complete', 'observations': 1191, 'regime': 'neutral', 'target_cash_weight': 0.0922, 'target_equity_weight': 0.9078, 'scores': {'overheat': 0.0, 'fear': 0.333333, 'outlook': 0.077635}, 'components': {'overheat': {'distance_above_200d': 0.0, 'rsi': 0.0, 'six_month_momentum': 0.0}, 'fear': {'drawdown': 0.0, 'rsi': 1.0, 'realized_volatility': 0.0}, 'outlook': {'price_vs_200d': 0.064228, '50d_vs_200d': 0.229406, 'six_month_momentum': -0.060731}}, 'metrics': {'close': 208.5016021728516, 'sma_50': 210.97307495117187, 'sma_200': 207.17097518920897, 'distance_to_sma_200': 0.0064228446211027634, 'sma_50_to_sma_200': 0.0183524731613125, 'momentum_126': -0.012146146166842842, 'rsi_14': 19.034509470764945, 'drawdown_from_252d_peak': -0.07870884563798286, 'realized_volatility_20': 0.10175943359996535}, 'rationale': ['과열·공포·전망 신호가 중립 범위라 기준 현금비중에 근접']}",0.4812205196423018,0.0005193596889506773,1.0792550769379596
2018-07-31,2018-08-01,"{'style': 'growth_momentum', 'value_weight': 0.1, 'quality_weight': 0.2, 'growth_weight': 0.3, 'momentum_weight': 0.35, 'low_vol_weight': 0.05, 'momentum_lookback': 126, 'top_n': 8, 'weighting': 'equal'}",30,"['V', 'AAPL', 'CVX', 'UNH', 'MSFT', 'XOM', 'NKE', 'HD']","{'V': 0.8251683087027915, 'AAPL': 0.7329430760810071, 'CVX': 0.7253420908593322, 'UNH': 0.6839855865717935, 'MSFT': 0.6589958036854588, 'XOM': 0.6551391169494618, 'NKE': 0.6481043605181536, 'HD': 0.6422126436781609}","{'V': 1.0, 'AAPL': 1.0, 'CVX': 1.0, 'UNH': 1.0, 'MSFT': 1.0, 'XOM': 1.0, 'NKE': 1.0, 'HD': 1.0}","{'V': '2017-11-17', 'AAPL': '2018-05-02', 'CVX': '2018-05-03', 'UNH': '2018-05-07', 'MSFT': '2018-04-26', 'XOM': '2018-05-03', 'NKE': '2018-07-25', 'HD': '2018-05-22'}",0.8065,"{'formula_version': 'market-regime-cash-v1', 'benchmark': 'DIA', 'as_of_date': '2018-07-31', 'data_quality': 'complete', 'observations': 1212, 'regime': 'neutral', 'target_cash_weight': 0.1935, 'target_equity_weight': 0.8065, 'scores': {'overheat': 0.250068, 'fear': 0.0, 'outlook': 0.19027}, 'components': {'overheat': {'distance_above_200d': 0.0, 'rsi': 0.750204, 'six_month_momentum': 0.0}, 'fear': {'drawdown': 0.0, 'rsi': 0.0, 'realized_volatility': 0.0}, 'outlook': {'price_vs_200d': 0.423388, '50d_vs_200d': 0.219708, 'six_month_momentum': -0.072286}}, 'metrics': {'close': 218.60562133789065, 'sma_50': 213.41234680175782, 'sma_200': 209.72606300354005, 'distance_to_sma_200': 0.04233884051979131, 'sma_50_to_sma_200': 0.017576660456147364, 'momentum_126': -0.0144571356202855, 'rsi_14': 75.00407453035056, 'drawdown_from_252d_peak': -0.034062937005886806, 'realized_volatility_20': 0.08938066619708482}, 'rationale': ['과열·공포·전망 신호가 중립 범위라 기준 현금비중에 근접']}",0.5076146266236322,0.0005651110816483492,1.1132679241477954
2018-08-31,2018-09-04,"{'style': 'growth_momentum', 'value_weight': 0.1, 'quality_weight': 0.2, 'growth_weight': 0.3, 'momentum_weight': 0.35, 'low_vol_weight': 0.05, 'momentum_lookback': 126, 'top_n': 8, 'weighting': 'equal'}",30,"['V', 'AAPL', 'CVX', 'PFE', 'MSFT', 'UNH', 'NKE', 'HD']","{'V': 0.8148727422003285, 'AAPL': 0.7900074803867907, 'CVX': 0.7047427476737822, 'PFE': 0.7001787994891444, 'MSFT': 0.6750439700784528, 'UNH': 0.6600142309797482, 'NKE': 0.6345602992154716, 'HD': 0.5935878489326766}","{'V': 1.0, 'AAPL': 1.0, 'CVX': 1.0, 'PFE': 1.0, 'MSFT': 1.0, 'UNH': 1.0, 'NKE': 1.0, 'HD': 1.0}","{'V': '2017-11-17', 'AAPL': '2018-08-01', 'CVX': '2018-08-02', 'PFE': '2018-08-09', 'MSFT': '2018-08-03', 'UNH': '2018-08-07', 'NKE': '2018-07-25', 'HD': '2018-08-21'}",0.8247,"{'formula_version': 'market-regime-cash-v1', 'benchmark': 'DIA', 'as_of_date': '2018-08-31', 'data_quality': 'complete', 'observations': 1235, 'regime': 'risk_on', 'target_cash_weight': 0.1753, 'target_equity_weight': 0.8247, 'scores': {'overheat': 0.243885, 'fear': 0.0, 'outlook': 0.357093}, 'components': {'overheat': {'distance_above_200d': 0.030214, 'rsi': 0.701441, 'six_month_momentum': 0.0}, 'fear': {'drawdown': 0.0, 'rsi': 0.0, 'realized_volatility': 0.0}, 'outlook': {'price_vs_200d': 0.545321, '50d_vs_200d': 0.252023, 'six_month_momentum': 0.273935}}, 'metrics': {'close': 223.96165466308597, 'sma_50': 216.6620980834961, 'sma_200': 212.38012649536134, 'distance_to_sma_200': 0.054532071144507865, 'sma_50_to_sma_200': 0.020161828033510742, 'momentum_126': 0.054787002395944695, 'rsi_14': 74.02881595068872, 'drawdown_from_252d_peak': -0.010396614668085946, 'realized_volatility_20': 0.0925018387371065}, 'rationale': ['200일 추세·50/200일 추세·6개월 모멘텀이 긍정적이라 현금 축소']}",0.2275557237177252,0.00026195354957724926,1.1511622089637847
2018-09-28,2018-10-01,"{'style': 'growth_momentum', 'value_weight': 0.1, 'quality_weight': 0.2, 'growth_weight': 0.3, 'momentum_weight': 0.35, 'low_vol_weight': 0.05, 'momentum_lookback': 126, 'top_n': 8, 'weighting': 'equal'}",30,"['V', 'AAPL', 'PFE', 'UNH', 'CVX', 'MSFT', 'HD', 'XOM']","{'V': 0.8155295566502463, 'AAPL': 0.7752455756248859, 'PFE': 0.6835408684546616, 'UNH': 0.6766808976464149, 'CVX': 0.6762506841817187, 'MSFT': 0.6760598430943259, 'HD': 0.663468801313629, 'XOM': 0.6560121328224776}","{'V': 1.0, 'AAPL': 1.0, 'PFE': 1.0, 'UNH': 1.0, 'CVX': 1.0, 'MSFT': 1.0, 'HD': 1.0, 'XOM': 1.0}","{'V': '2017-11-17', 'AAPL': '2018-08-01', 'PFE': '2018-08-09', 'UNH': '2018-08-07', 'CVX': '2018-08-02', 'MSFT': '2018-08-03', 'HD': '2018-08-21', 'XOM': '2018-08-02'}",0.8473,"{'formula_version': 'market-regime-cash-v1', 'benchmark': 'DIA', 'as_of_date': '2018-09-28', 'data_quality': 'complete', 'observations': 1254, 'regime': 'risk_on', 'target_cash_weight': 0.1527, 'target_equity_weight': 0.8473, 'scores': {'overheat': 0.24364, 'fear': 0.0, 'outlook': 0.581783}, 'components': {'overheat': {'distance_above_200d': 0.09334, 'rsi': 0.533646, 'six_month_momentum': 0.103935}, 'fear': {'drawdown': 0.0, 'rsi': 0.0, 'realized_volatility': 0.0}, 'outlook': {'price_vs_200d': 0.640009, '50d_vs_200d': 0.449437, 'six_month_momentum': 0.655903}}, 'metrics': {'close': 228.35012817382807, 'sma_50': 222.33104461669922, 'sma_200': 214.6145918273926, 'distance_to_sma_200': 0.0640009434096751, 'sma_50_to_sma_200': 0.03595493076031242, 'momentum_126': 0.13118051701636246, 'rsi_14': 70.67292095063132, 'drawdown_from_252d_peak': -0.01018274358513771, 'realized_volatility_20': 0.0650541230922355}, 'rationale': ['200일 추세·50/200일 추세·6개월 모멘텀이 긍정적이라 현금 축소']}",0.23392681894607345,0.0002766713520347568,1.1827260904981447
2018-10-31,2018-11-01,"{'style': 'growth_momentum', 'value_weight': 0.1, 'quality_weight': 0.2, 'growth_weight': 0.3, 'momentum_weight': 0.35, 'low_vol_weight': 0.05, 'momentum_lookback': 126, 'top_n': 8, 'weighting': 'equal'}",30,"['V', 'AAPL', 'PFE', 'XOM', 'MSFT', 'CVX', 'UNH', 'HD']","{'V': 0.7916379310344828, 'AAPL': 0.7791025840463227, 'PFE': 0.7017760637225248, 'XOM': 0.6978039927404719, 'MSFT': 0.6779839829458704, 'CVX': 0.6599616858237548, 'UNH': 0.6386598392533057, 'HD': 0.6137848932676518}","{'V': 1.0, 'AAPL': 1.0, 'PFE': 1.0, 'XOM': 1.0, 'MSFT': 1.0, 'CVX': 1.0, 'UNH': 1.0, 'HD': 1.0}","{'V': '2017-11-17', 'AAPL': '2018-08-01', 'PFE': '2018-08-09', 'XOM': '2018-08-02', 'MSFT': '2018-10-24', 'CVX': '2018-08-02', 'UNH': '2018-08-07', 'HD': '2018-08-21'}",0.8818,"{'formula_version': 'market-regime-cash-v1', 'benchmark': 'DIA', 'as_of_date': '2018-10-31', 'data_quality': 'complete', 'observations': 1277, 'regime': 'neutral', 'target_cash_weight': 0.1182, 'target_equity_weight': 0.8818, 'scores': {'overheat': 0.0, 'fear': 0.026013, 'outlook': 0.279425}, 'components': {'overheat': {'distance_above_200d': 0.0, 'rsi': 0.0, 'six_month_momentum': 0.0}, 'fear': {'drawdown': 0.0, 'rsi': 0.0, 'realized_volatility': 0.078039}, 'outlook': {'price_vs_200d': 0.07028, '50d_vs_200d': 0.460565, 'six_month_momentum': 0.307428}}, 'metrics': {'close': 217.07394409179688, 'sma_50': 223.50131561279298, 'sma_200': 215.55899353027343, 'distance_to_sma_200': 0.007028009069409036, 'sma_50_to_sma_200': 0.03684523643595572, 'momentum_126': 0.0614856455545838, 'rsi_14': 51.36069060304606, 'drawdown_from_252d_peak': -0.06197589490765265, 'realized_volatility_20': 0.22341160338491015}, 'rationale': ['200일 추세·50/200일 추세·6개월 모멘텀이 긍정적이라 현금 축소']}",0.04383364115538505,4.8928657110858277e-05,1.1162352891791945
2018-11-30,2018-12-03,"{'style': 'growth_momentum', 'value_weight': 0.1, 'quality_weight': 0.2, 'growth_weight': 0.3, 'momentum_weight': 0.35, 'low_vol_weight': 0.05, 'momentum_lookback': 126, 'top_n': 8, 'weighting': 'equal'}",30,"['AAPL', 'WBA', 'PFE', 'DIS', 'VZ', 'V', 'PG', 'XOM']","{'AAPL': 0.7738482412928874, 'WBA': 0.710842767839138, 'PFE': 0.7015159306311757, 'DIS': 0.6880101114856105, 'VZ': 0.6635741652983033, 'V': 0.6575574712643678, 'PG': 0.6117443320946043, 'XOM': 0.6058993748739665}","{'AAPL': 1.0, 'WBA': 1.0, 'PFE': 1.0, 'DIS': 1.0, 'VZ': 1.0, 'V': 1.0, 'PG': 1.0, 'XOM': 1.0}","{'AAPL': '2018-11-05', 'WBA': '2018-10-11', 'PFE': '2018-11-08', 'DIS': '2018-11-21', 'VZ': '2018-10-30', 'V': '2018-11-16', 'PG': '2018-10-19', 'XOM': '2018-11-07'}",0.876,"{'formula_version': 'market-regime-cash-v1', 'benchmark': 'DIA', 'as_of_date': '2018-11-30', 'data_quality': 'complete', 'observations': 1298, 'regime': 'neutral', 'target_cash_weight': 0.124, 'target_equity_weight': 0.876, 'scores': {'overheat': 0.0, 'fear': 0.003816, 'outlook': 0.254504}, 'components': {'overheat': {'distance_above_200d': 0.0, 'rsi': 0.0, 'six_month_momentum': 0.0}, 'fear': {'drawdown': 0.0, 'rsi': 0.0, 'realized_volatility': 0.011447}, 'outlook': {'price_vs_200d': 0.260354, '50d_vs_200d': 0.304682, 'six_month_momentum': 0.198475}}, 'metrics': {'close': 221.33245849609372, 'sma_50': 220.97418060302735, 'sma_200': 215.71619102478027, 'distance_to_sma_200': 0.026035447059550076, 'sma_50_to_sma_200': 0.024374570834337916, 'momentum_126': 0.03969503938697061, 'rsi_14': 44.735155831299146, 'drawdown_from_252d_peak': -0.043573920502911645, 'realized_volatility_20': 0.20343407440625944}, 'rationale': ['200일 추세·50/200일 추세·6개월 모멘텀이 긍정적이라 현금 축소']}",0.9240412238459318,0.0010610477270509393,1.1482688214220311
2018-12-31,2019-01-02,"{'style': 'fundamental', 'value_weight': 0.4, 'quality_weight': 0.4, 'growth_weight': 0.2, 'momentum_weight': 0.0, 'low_vol_weight': 0.0, 'momentum_lookback': 252, 'top_n': 12, 'weighting': 'equal'}",30,"['AAPL', 'V', 'CVX', 'XOM', 'WBA', 'DIS', 'VZ', 'WMT', 'RTX', 'PFE', 'HD', 'IBM']","{'AAPL': 0.8240183216662346, 'V': 0.7379885057471265, 'CVX': 0.6679693486590039, 'XOM': 0.6155011090945756, 'WBA': 0.6149684556218131, 'DIS': 0.6101117736870914, 'VZ': 0.6011713191023537, 'WMT': 0.596915564774004, 'RTX': 0.5945894909688014, 'PFE': 0.5707854406130268, 'HD': 0.5513628899835796, 'IBM': 0.5419721718088325}","{'AAPL': 1.0, 'V': 1.0, 'CVX': 1.0, 'XOM': 1.0, 'WBA': 1.0, 'DIS': 1.0, 'VZ': 1.0, 'WMT': 1.0, 'RTX': 1.0, 'PFE': 1.0, 'HD': 1.0, 'IBM': 1.0}","{'AAPL': '2018-11-05', 'V': '2018-11-16', 'CVX': '2018-11-08', 'XOM': '2018-11-07', 'WBA': '2018-12-20', 'DIS': '2018-11-21', 'VZ': '2018-10-30', 'WMT': '2018-11-30', 'RTX': '2018-10-26', 'PFE': '2018-11-08', 'HD': '2018-11-20', 'IBM': '2018-10-30'}",0.8246,"{'formula_version': 'market-regime-cash-v1', 'benchmark': 'DIA', 'as_of_date': '2018-12-31', 'data_quality': 'complete', 'observations': 1317, 'regime': 'neutral', 'target_cash_weight': 0.1754, 'target_equity_weight': 0.8246, 'scores': {'overheat': 0.0, 'fear': 0.193571, 'outlook': -0.272254}, 'components': {'overheat': {'distance_above_200d': 0.0, 'rsi': 0.0, 'six_month_momentum': 0.0}, 'fear': {'drawdown': 0.203313, 'rsi': 0.058938, 'realized_volatility': 0.318463}, 'outlook': {'price_vs_200d': -0.582149, '50d_vs_200d': -0.091935, 'six_month_momentum': -0.142677}}, 'metrics': {'close': 202.55191040039065, 'sma_50': 213.49051666259766, 'sma_200': 215.07232467651366, 'distance_to_sma_200': -0.05821490187059042, 'sma_50_to_sma_200': -0.007354772476166671, 'momentum_126': -0.02853547267962253, 'rsi_14': 38.82123333510699, 'drawdown_from_252d_peak': -0.12472878639121887, 'realized_volatility_20': 0.29553885994139234}, 'rationale': ['중장기 추세와 모멘텀이 부정적이라 현금 확대']}",0.7256947788604644,0.0007536803018772079,1.0385637651419901
2019-01-31,2019-02-01,"{'style': 'fundamental', 'value_weight': 0.4, 'quality_weight': 0.4, 'growth_weight': 0.2, 'momentum_weight': 0.0, 'low_vol_weight': 0.0, 'momentum_lookback': 252, 'top_n': 12, 'weighting': 'equal'}",30,"['AAPL', 'V', 'CVX', 'DIS', 'XOM', 'WBA', 'VZ', 'WMT', 'PFE', 'RTX', 'HD', 'IBM']","{'AAPL': 0.8240183216662346, 'V': 0.7517816091954024, 'CVX': 0.6813026819923371, 'DIS': 0.628591305850834, 'XOM': 0.61994555353902, 'WBA': 0.6105240111773688, 'VZ': 0.6080678708264916, 'WMT': 0.596915564774004, 'PFE': 0.5964357733413994, 'RTX': 0.5945894909688014, 'HD': 0.5513628899835796, 'IBM': 0.5375277273643879}","{'AAPL': 1.0, 'V': 1.0, 'CVX': 1.0, 'DIS': 1.0, 'XOM': 1.0, 'WBA': 1.0, 'VZ': 1.0, 'WMT': 1.0, 'PFE': 1.0, 'RTX': 1.0, 'HD': 1.0, 'IBM': 1.0}","{'AAPL': '2019-01-30', 'V': '2018-11-16', 'CVX': '2018-11-08', 'DIS': '2018-11-21', 'XOM': '2018-11-07', 'WBA': '2018-12-20', 'VZ': '2018-10-30', 'WMT': '2018-11-30', 'PFE': '2018-11-08', 'RTX': '2018-10-26', 'HD': '2018-11-20', 'IBM': '2018-10-30'}",0.7843,"{'formula_version': 'market-regime-cash-v1', 'benchmark': 'DIA', 'as_of_date': '2019-01-31', 'data_quality': 'complete', 'observations': 1338, 'regime': 'neutral', 'target_cash_weight': 0.2157, 'target_equity_weight': 0.7843, 'scores': {'overheat': 0.19504, 'fear': 0.0, 'outlook': -0.084798}, 'components': {'overheat': {'distance_above_200d': 0.0, 'rsi': 0.58512, 'six_month_momentum': 0.0}, 'fear': {'drawdown': 0.0, 'rsi': 0.0, 'realized_volatility': 0.0}, 'outlook': {'price_vs_200d': 0.094306, '50d_vs_200d': -0.321199, 'six_month_momentum': -0.027502}}, 'metrics': {'close': 217.4031982421875, 'sma_50': 209.83791809082032, 'sma_200': 215.3721002960205, 'distance_to_sma_200': 0.009430645582112707, 'sma_50_to_sma_200': -0.025695910461910665, 'momentum_126': -0.005500421665024846, 'rsi_14': 71.70240759840645, 'drawdown_from_252d_peak': -0.06055311553604137, 'realized_volatility_20': 0.19556422437095689}, 'rationale': ['과열·공포·전망 신호가 중립 범위라 기준 현금비중에 근접']}",0.05363271712899879,5.9106409554062775e-05,1.1020588312148818
2019-02-28,2019-03-01,"{'style': 'fundamental', 'value_weight': 0.4, 'quality_weight': 0.4, 'growth_weight': 0.2, 'momentum_weight': 0.0, 'low_vol_weight': 0.0, 'momentum_lookback': 252, 'top_n': 12, 'weighting': 'equal'}",30,"['AAPL', 'V', 'CVX', 'CAT', 'WBA', 'DIS', 'AXP', 'GS', 'RTX', 'WMT', 'JNJ', 'XOM']","{'AAPL': 0.8119033791374989, 'V': 0.7161494252873564, 'CVX': 0.6695785440613028, 'CAT': 0.6292364532019705, 'WBA': 0.5884550456601274, 'DIS': 0.5788384754990925, 'AXP': 0.5683492063492064, 'GS': 0.5644444444444445, 'RTX': 0.559712643678161, 'WMT': 0.5508296603577911, 'JNJ': 0.5466189611960937, 'XOM': 0.5432365396249245}","{'AAPL': 1.0, 'V': 1.0, 'CVX': 1.0, 'CAT': 1.0, 'WBA': 1.0, 'DIS': 1.0, 'AXP': 1.0, 'GS': 1.0, 'RTX': 1.0, 'WMT': 1.0, 'JNJ': 1.0, 'XOM': 1.0}","{'AAPL': '2019-01-30', 'V': '2018-11-16', 'CVX': '2019-02-22', 'CAT': '2019-02-14', 'WBA': '2018-12-20', 'DIS': '2019-02-05', 'AXP': '2019-02-13', 'GS': '2019-02-26', 'RTX': '2019-02-07', 'WMT': '2018-11-30', 'JNJ': '2019-02-20', 'XOM': '2019-02-27'}",0.7968999999999999,"{'formula_version': 'market-regime-cash-v1', 'benchmark': 'DIA', 'as_of_date': '2019-02-28', 'data_quality': 'complete', 'observations': 1357, 'regime': 'neutral', 'target_cash_weight': 0.2031, 'target_equity_weight': 0.7969, 'scores': {'overheat': 0.242838, 'fear': 0.0, 'outlook': 0.07612}, 'components': {'overheat': {'distance_above_200d': 0.0, 'rsi': 0.728515, 'six_month_momentum': 0.0}, 'fear': {'drawdown': 0.0, 'rsi': 0.0, 'realized_volatility': 0.0}, 'outlook': {'price_vs_200d': 0.425656, '50d_vs_200d': -0.228298, 'six_month_momentum': 0.031003}}, 'metrics': {'close': 225.98336791992188, 'sma_50': 212.79816009521485, 'sma_200': 216.7569773864746, 'distance_to_sma_200': 0.04256559878576249, 'sma_50_to_sma_200': -0.018263851706149414, 'momentum_126': 0.00620051305875724, 'rsi_14': 74.57030604466195, 'drawdown_from_252d_peak': -0.023476321187596905, 'realized_volatility_20': 0.0950004643129961}, 'rationale': ['과열·공포·전망 신호가 중립 범위라 기준 현금비중에 근접']}",0.5393365930856654,0.0006128015586373401,1.1362135751467655
2019-03-29,2019-04-01,"{'style': 'fundamental', 'value_weight': 0.4, 'quality_weight': 0.4, 'growth_weight': 0.2, 'momentum_weight': 0.0, 'low_vol_weight': 0.0, 'momentum_lookback': 252, 'top_n': 12, 'weighting': 'equal'}",29,"['AAPL', 'V', 'CVX', 'CAT', 'WBA', 'GS', 'AXP', 'RTX', 'JNJ', 'IBM', 'XOM', 'UNH']","{'AAPL': 0.8091565407772305, 'V': 0.70692118226601, 'CVX': 0.6672660098522167, 'CAT': 0.6371182266009853, 'WBA': 0.6111148561057818, 'GS': 0.5695220810647309, 'AXP': 0.5684766225909602, 'RTX': 0.5535221674876847, 'JNJ': 0.5514008872756604, 'IBM': 0.5475970097657938, 'XOM': 0.5450499812750267, 'UNH': 0.5203593754501196}","{'AAPL': 1.0, 'V': 1.0, 'CVX': 1.0, 'CAT': 1.0, 'WBA': 1.0, 'GS': 1.0, 'AXP': 1.0, 'RTX': 1.0, 'JNJ': 1.0, 'IBM': 1.0, 'XOM': 1.0, 'UNH': 1.0}","{'AAPL': '2019-01-30', 'V': '2018-11-16', 'CVX': '2019-02-22', 'CAT': '2019-02-14', 'WBA': '2018-12-20', 'GS': '2019-02-26', 'AXP': '2019-02-13', 'RTX': '2019-02-07', 'JNJ': '2019-02-20', 'IBM': '2019-02-26', 'XOM': '2019-02-27', 'UNH': '2019-02-12'}",0.8692,"{'formula_version': 'market-regime-cash-v1', 'benchmark': 'DIA', 'as_of_date': '2019-03-29', 'data_quality': 'complete', 'observations': 1378, 'regime': 'neutral', 'target_cash_weight': 0.1308, 'target_equity_weight': 0.8692, 'scores': {'overheat': 0.0, 'fear': 0.0, 'outlook': 0.191811}, 'components': {'overheat': {'distance_above_200d': 0.0, 'rsi': 0.0, 'six_month_momentum': 0.0}, 'fear': {'drawdown': 0.0, 'rsi': 0.0, 'realized_volatility': 0.0}, 'outlook': {'price_vs_200d': 0.384887, '50d_vs_200d': 0.223095, 'six_month_momentum': -0.032549}}, 'metrics': {'close': 226.33157348632807, 'sma_50': 221.83299530029296, 'sma_200': 217.94322547912597, 'distance_to_sma_200': 0.038488684329421874, 'sma_50_to_sma_200': 0.017847628952979422, 'momentum_126': -0.0065098872013836795, 'rsi_14': 58.07002669361185, 'drawdown_from_252d_peak': -0.021971648592353454, 'realized_volatility_20': 0.10597765606755812}, 'rationale': ['과열·공포·전망 신호가 중립 범위라 기준 현금비중에 근접']}",0.33113949384301,0.0003786795095171889,1.143564922209844
2019-04-30,2019-05-01,"{'style': 'fundamental', 'value_weight': 0.4, 'quality_weight': 0.4, 'growth_weight': 0.2, 'momentum_weight': 0.0, 'low_vol_weight': 0.0, 'momentum_lookback': 252, 'top_n': 12, 'weighting': 'equal'}",28,"['AAPL', 'V', 'CVX', 'CAT', 'WBA', 'GS', 'IBM', 'AXP', 'XOM', 'JNJ', 'RTX', 'INTC']","{'AAPL': 0.812652557319224, 'V': 0.7114550264550265, 'CVX': 0.6701851851851852, 'CAT': 0.6285978835978836, 'WBA': 0.6209138587208762, 'GS': 0.571328320802005, 'IBM': 0.5609774436090226, 'AXP': 0.5589087533648938, 'XOM': 0.5473609950802933, 'JNJ': 0.5372639004919707, 'RTX': 0.5347619047619048, 'INTC': 0.5345836814257867}","{'AAPL': 1.0, 'V': 1.0, 'CVX': 1.0, 'CAT': 1.0, 'WBA': 1.0, 'GS': 1.0, 'IBM': 1.0, 'AXP': 1.0, 'XOM': 1.0, 'JNJ': 1.0, 'RTX': 1.0, 'INTC': 1.0}","{'AAPL': '2019-01-30', 'V': '2018-11-16', 'CVX': '2019-02-22', 'CAT': '2019-02-14', 'WBA': '2019-04-02', 'GS': '2019-02-26', 'IBM': '2019-04-30', 'AXP': '2019-04-23', 'XOM': '2019-02-27', 'JNJ': '2019-02-20', 'RTX': '2019-04-26', 'INTC': '2019-04-26'}",0.8434,"{'formula_version': 'market-regime-cash-v1', 'benchmark': 'DIA', 'as_of_date': '2019-04-30', 'data_quality': 'complete', 'observations': 1399, 'regime': 'risk_on', 'target_cash_weight': 0.1566, 'target_equity_weight': 0.8434, 'scores': {'overheat': 0.207776, 'fear': 0.0, 'outlook': 0.453131}, 'components': {'overheat': {'distance_above_200d': 0.039821, 'rsi': 0.583507, 'six_month_momentum': 0.0}, 'fear': {'drawdown': 0.0, 'rsi': 0.0, 'realized_volatility': 0.0}, 'outlook': {'price_vs_200d': 0.559731, '50d_vs_200d': 0.418823, 'six_month_momentum': 0.380838}}, 'metrics': {'close': 232.28733825683597, 'sma_50': 227.3451171875, 'sma_200': 219.9746759033203, 'distance_to_sma_200': 0.055973090097548805, 'sma_50_to_sma_200': 0.03350586268129807, 'momentum_126': 0.07616761687055384, 'rsi_14': 71.67014916462692, 'drawdown_from_252d_peak': -0.0025891225012610875, 'realized_volatility_20': 0.0641913442776115}, 'rationale': ['200일 추세·50/200일 추세·6개월 모멘텀이 긍정적이라 현금 축소']}",0.18892275906779665,0.00021795170025512385,1.153655077506622
2019-05-31,2019-06-03,"{'style': 'fundamental', 'value_weight': 0.4, 'quality_weight': 0.4, 'growth_weight': 0.2, 'momentum_weight': 0.0, 'low_vol_weight': 0.0, 'momentum_lookback': 252, 'top_n': 12, 'weighting': 'equal'}",28,"['AAPL', 'V', 'CVX', 'CAT', 'WBA', 'GS', 'XOM', 'IBM', 'AXP', 'RTX', 'JNJ', 'INTC']","{'AAPL': 0.812652557319224, 'V': 0.7114550264550265, 'CVX': 0.6482275132275132, 'CAT': 0.6434126984126984, 'WBA': 0.6209138587208762, 'GS': 0.5818546365914787, 'XOM': 0.5734261579875615, 'IBM': 0.5659157152139608, 'AXP': 0.5541468486029889, 'RTX': 0.5419047619047619, 'JNJ': 0.5351846282372599, 'INTC': 0.5345836814257867}","{'AAPL': 1.0, 'V': 1.0, 'CVX': 1.0, 'CAT': 1.0, 'WBA': 1.0, 'GS': 1.0, 'XOM': 1.0, 'IBM': 1.0, 'AXP': 1.0, 'RTX': 1.0, 'JNJ': 1.0, 'INTC': 1.0}","{'AAPL': '2019-05-01', 'V': '2018-11-16', 'CVX': '2019-05-02', 'CAT': '2019-05-06', 'WBA': '2019-04-02', 'GS': '2019-05-06', 'XOM': '2019-05-02', 'IBM': '2019-04-30', 'AXP': '2019-04-23', 'RTX': '2019-04-26', 'JNJ': '2019-05-01', 'INTC': '2019-04-26'}",0.88,"{'formula_version': 'market-regime-cash-v1', 'benchmark': 'DIA', 'as_of_date': '2019-05-31', 'data_quality': 'complete', 'observations': 1421, 'regime': 'neutral', 'target_cash_weight': 0.12, 'target_equity_weight': 0.88, 'scores': {'overheat': 0.0, 'fear': 0.135105, 'outlook': 0.0972}, 'components': {'overheat': {'distance_above_200d': 0.0, 'rsi': 0.0, 'six_month_momentum': 0.0}, 'fear': {'drawdown': 0.0, 'rsi': 0.405316, 'realized_volatility': 0.0}, 'outlook': {'price_vs_200d': -0.152023, '50d_vs_200d': 0.371831, 'six_month_momentum': 0.071793}}, 'metrics': {'close': 217.47238159179688, 'sma_50': 227.3983853149414, 'sma_200': 220.8294881439209, 'distance_to_sma_200': -0.015202256638552347, 'sma_50_to_sma_200': 0.02974646740447695, 'momentum_126': 0.0143585382040885, 'rsi_14': 31.893685243507164, 'drawdown_from_252d_peak': -0.06620257228406512, 'realized_volatility_20': 0.1528110853086535}, 'rationale': ['과열·공포·전망 신호가 중립 범위라 기준 현금비중에 근접']}",0.05216350626893934,5.572355770108592e-05,1.0682479320656098
2019-06-28,2019-07-01,"{'style': 'fundamental', 'value_weight': 0.4, 'quality_weight': 0.4, 'growth_weight': 0.2, 'momentum_weight': 0.0, 'low_vol_weight': 0.0, 'momentum_lookback': 252, 'top_n': 12, 'weighting': 'equal'}",28,"['AAPL', 'V', 'CVX', 'CAT', 'WBA', 'GS', 'IBM', 'XOM', 'AXP', 'RTX', 'JNJ', 'INTC']","{'AAPL': 0.812652557319224, 'V': 0.7114550264550265, 'CVX': 0.641084656084656, 'CAT': 0.6360052910052911, 'WBA': 0.6209138587208762, 'GS': 0.5818546365914787, 'IBM': 0.5659157152139608, 'XOM': 0.563902348463752, 'AXP': 0.5541468486029889, 'RTX': 0.5419047619047619, 'JNJ': 0.5351846282372599, 'INTC': 0.5345836814257867}","{'AAPL': 1.0, 'V': 1.0, 'CVX': 1.0, 'CAT': 1.0, 'WBA': 1.0, 'GS': 1.0, 'IBM': 1.0, 'XOM': 1.0, 'AXP': 1.0, 'RTX': 1.0, 'JNJ': 1.0, 'INTC': 1.0}","{'AAPL': '2019-05-01', 'V': '2018-11-16', 'CVX': '2019-05-02', 'CAT': '2019-05-06', 'WBA': '2019-06-27', 'GS': '2019-05-06', 'IBM': '2019-04-30', 'XOM': '2019-05-02', 'AXP': '2019-04-23', 'RTX': '2019-04-26', 'JNJ': '2019-05-01', 'INTC': '2019-04-26'}",0.8293000000000001,"{'formula_version': 'market-regime-cash-v1', 'benchmark': 'DIA', 'as_of_date': '2019-06-28', 'data_quality': 'complete', 'observations': 1441, 'regime': 'risk_on', 'target_cash_weight': 0.1707, 'target_equity_weight': 0.8293, 'scores': {'overheat': 0.312372, 'fear': 0.0, 'outlook': 0.573688}, 'components': {'overheat': {'distance_above_200d': 0.025841, 'rsi': 0.703511, 'six_month_momentum': 0.207764}, 'fear': {'drawdown': 0.0, 'rsi': 0.0, 'realized_volatility': 0.0}, 'outlook': {'price_vs_200d': 0.538761, '50d_vs_200d': 0.370659, 'six_month_momentum': 0.811646}}, 'metrics': {'close': 233.4732666015625, 'sma_50': 228.10687591552735, 'sma_200': 221.53768348693848, 'distance_to_sma_200': 0.05387608521837661, 'sma_50_to_sma_200': 0.029652708853824317, 'momentum_126': 0.16232911827807994, 'rsi_14': 74.07021308745561, 'drawdown_from_252d_peak': -0.005956437867599806, 'realized_volatility_20': 0.10132816854188648}, 'rationale': ['200일 추세·50/200일 추세·6개월 모멘텀이 긍정적이라 현금 축소']}",0.060857904884745954,7.098708460392137e-05,1.1664398361783612
2019-07-31,2019-08-01,"{'style': 'fundamental', 'value_weight': 0.4, 'quality_weight': 0.4, 'growth_weight': 0.2, 'momentum_weight': 0.0, 'low_vol_weight': 0.0, 'momentum_lookback': 252, 'top_n': 12, 'weighting': 'equal'}",28,"['AAPL', 'V', 'CVX', 'CAT', 'NKE', 'WBA', 'GS', 'XOM', 'IBM', 'AXP', 'RTX', 'JNJ']","{'AAPL': 0.8062239858906526, 'V': 0.6969047619047619, 'CVX': 0.6449206349206349, 'CAT': 0.6360052910052911, 'NKE': 0.6227397196695443, 'WBA': 0.6173424301494477, 'GS': 0.571328320802005, 'XOM': 0.558075280794579, 'IBM': 0.5526441102756893, 'AXP': 0.5493849438410842, 'RTX': 0.5454761904761906, 'JNJ': 0.5358176923790959}","{'AAPL': 1.0, 'V': 1.0, 'CVX': 1.0, 'CAT': 1.0, 'NKE': 1.0, 'WBA': 1.0, 'GS': 1.0, 'XOM': 1.0, 'IBM': 1.0, 'AXP': 1.0, 'RTX': 1.0, 'JNJ': 1.0}","{'AAPL': '2019-07-31', 'V': '2018-11-16', 'CVX': '2019-05-02', 'CAT': '2019-05-06', 'NKE': '2019-07-23', 'WBA': '2019-06-27', 'GS': '2019-05-06', 'XOM': '2019-05-02', 'IBM': '2019-07-30', 'AXP': '2019-07-23', 'RTX': '2019-07-26', 'JNJ': '2019-07-29'}",0.8964000000000001,"{'formula_version': 'market-regime-cash-v1', 'benchmark': 'DIA', 'as_of_date': '2019-07-31', 'data_quality': 'complete', 'observations': 1463, 'regime': 'risk_on', 'target_cash_weight': 0.1036, 'target_equity_weight': 0.8964, 'scores': {'overheat': 0.021776, 'fear': 0.0, 'outlook': 0.518436}, 'components': {'overheat': {'distance_above_200d': 0.065329, 'rsi': 0.0, 'six_month_momentum': 0.0}, 'fear': {'drawdown': 0.0, 'rsi': 0.0, 'realized_volatility': 0.0}, 'outlook': {'price_vs_200d': 0.597994, '50d_vs_200d': 0.530646, 'six_month_momentum': 0.426667}}, 'metrics': {'close': 236.01153564453125, 'sma_50': 232.1482989501953, 'sma_200': 222.69454162597657, 'distance_to_sma_200': 0.05979937326403384, 'sma_50_to_sma_200': 0.042451679575050694, 'momentum_126': 0.08533345234125633, 'rsi_14': 41.501125885059366, 'drawdown_from_252d_peak': -0.01776216756106197, 'realized_volatility_20': 0.08006532515555967}, 'rationale': ['200일 추세·50/200일 추세·6개월 모멘텀이 긍정적이라 현금 축소']}",0.20804082017424586,0.000243071339572105,1.1683829133557497
2019-08-30,2019-09-03,"{'style': 'fundamental', 'value_weight': 0.4, 'quality_weight': 0.4, 'growth_weight': 0.2, 'momentum_weight': 0.0, 'low_vol_weight': 0.0, 'momentum_lookback': 252, 'top_n': 12, 'weighting': 'equal'}",28,"['AAPL', 'V', 'CVX', 'CAT', 'NKE', 'WBA', 'GS', 'XOM', 'IBM', 'AXP', 'RTX', 'MSFT']","{'AAPL': 0.802652557319224, 'V': 0.6859259259259259, 'CVX': 0.6675396825396825, 'CAT': 0.6484126984126984, 'NKE': 0.6144063863362109, 'WBA': 0.6137710015780191, 'GS': 0.5818546365914787, 'XOM': 0.5759834772115474, 'IBM': 0.5538345864661655, 'AXP': 0.5513038150932887, 'RTX': 0.5359259259259259, 'MSFT': 0.5291671772022649}","{'AAPL': 1.0, 'V': 1.0, 'CVX': 1.0, 'CAT': 1.0, 'NKE': 1.0, 'WBA': 1.0, 'GS': 1.0, 'XOM': 1.0, 'IBM': 1.0, 'AXP': 1.0, 'RTX': 1.0, 'MSFT': 1.0}","{'AAPL': '2019-07-31', 'V': '2018-11-16', 'CVX': '2019-08-07', 'CAT': '2019-08-01', 'NKE': '2019-07-23', 'WBA': '2019-06-27', 'GS': '2019-08-05', 'XOM': '2019-08-07', 'IBM': '2019-07-30', 'AXP': '2019-07-23', 'RTX': '2019-07-26', 'MSFT': '2019-08-01'}",0.8923,"{'formula_version': 'market-regime-cash-v1', 'benchmark': 'DIA', 'as_of_date': '2019-08-30', 'data_quality': 'complete', 'observations': 1485, 'regime': 'risk_on', 'target_cash_weight': 0.1077, 'target_equity_weight': 0.8923, 'scores': {'overheat': 0.0, 'fear': 0.033574, 'outlook': 0.372457}, 'components': {'overheat': {'distance_above_200d': 0.0, 'rsi': 0.0, 'six_month_momentum': 0.0}, 'fear': {'drawdown': 0.0, 'rsi': 0.0, 'realized_volatility': 0.100723}, 'outlook': {'price_vs_200d': 0.398262, '50d_vs_200d': 0.549121, 'six_month_momentum': 0.169988}}, 'metrics': {'close': 232.7649383544922, 'sma_50': 233.68350128173827, 'sma_200': 223.84984375, 'distance_to_sma_200': 0.039826226613089544, 'sma_50_to_sma_200': 0.04392970469401214, 'momentum_126': 0.033997610913474086, 'rsi_14': 56.7669999852782, 'drawdown_from_252d_peak': -0.031273925265029034, 'realized_volatility_20': 0.23021681589447607}, 'rationale': ['200일 추세·50/200일 추세·6개월 모멘텀이 긍정적이라 현금 축소']}",0.17422583387320265,0.00019542000585974896,1.1216477000877545
2019-09-30,2019-10-01,"{'style': 'fundamental', 'value_weight': 0.4, 'quality_weight': 0.4, 'growth_weight': 0.2, 'momentum_weight': 0.0, 'low_vol_weight': 0.0, 'momentum_lookback': 252, 'top_n': 12, 'weighting': 'equal'}",28,"['AAPL', 'V', 'CVX', 'CAT', 'WBA', 'NKE', 'CSCO', 'GS', 'XOM', 'AXP', 'IBM', 'RTX']","{'AAPL': 0.793, 'V': 0.6897619047619048, 'CVX': 0.663968253968254, 'CAT': 0.641005291005291, 'WBA': 0.6101995730065906, 'NKE': 0.5850204214239303, 'CSCO': 0.5756884804604103, 'GS': 0.5699498746867168, 'XOM': 0.567650143878214, 'AXP': 0.549637148426622, 'IBM': 0.545501253132832, 'RTX': 0.535925925925926}","{'AAPL': 1.0, 'V': 1.0, 'CVX': 1.0, 'CAT': 1.0, 'WBA': 1.0, 'NKE': 1.0, 'CSCO': 1.0, 'GS': 1.0, 'XOM': 1.0, 'AXP': 1.0, 'IBM': 1.0, 'RTX': 1.0}","{'AAPL': '2019-07-31', 'V': '2018-11-16', 'CVX': '2019-08-07', 'CAT': '2019-08-01', 'WBA': '2019-06-27', 'NKE': '2019-07-23', 'CSCO': '2019-09-05', 'GS': '2019-08-05', 'XOM': '2019-08-07', 'AXP': '2019-07-23', 'IBM': '2019-07-30', 'RTX': '2019-07-26'}",0.8875,"{'formula_version': 'market-regime-cash-v1', 'benchmark': 'DIA', 'as_of_date': '2019-09-30', 'data_quality': 'complete', 'observations': 1505, 'regime': 'risk_on', 'target_cash_weight': 0.1125, 'target_equity_weight': 0.8875, 'scores': {'overheat': 0.00476, 'fear': 0.0, 'outlook': 0.386565}, 'components': {'overheat': {'distance_above_200d': 0.014281, 'rsi': 0.0, 'six_month_momentum': 0.0}, 'fear': {'drawdown': 0.0, 'rsi': 0.0, 'realized_volatility': 0.0}, 'outlook': {'price_vs_200d': 0.521422, '50d_vs_200d': 0.450578, 'six_month_momentum': 0.187694}}, 'metrics': {'close': 237.7820281982422, 'sma_50': 234.14438049316405, 'sma_200': 225.9979988861084, 'distance_to_sma_200': 0.052142184312314876, 'sma_50_to_sma_200': 0.03604625548547902, 'momentum_126': 0.03753873888101644, 'rsi_14': 51.6137481146598, 'drawdown_from_252d_peak': -0.010393693966934014, 'realized_volatility_20': 0.09190515770432704}, 'rationale': ['200일 추세·50/200일 추세·6개월 모멘텀이 긍정적이라 현금 축소']}",0.1777615237008733,0.00020806214133070036,1.1704565588716216
2019-10-31,2019-11-01,"{'style': 'fundamental', 'value_weight': 0.4, 'quality_weight': 0.4, 'growth_weight': 0.2, 'momentum_weight': 0.0, 'low_vol_weight': 0.0, 'momentum_lookback': 252, 'top_n': 12, 'weighting': 'equal'}",28,"['V', 'CVX', 'AAPL', 'CAT', 'CSCO', 'XOM', 'NKE', 'AXP', 'GS', 'IBM', 'JNJ', 'MSFT']","{'V': 0.6896296296296297, 'CVX': 0.6679365079365079, 'AAPL': 0.6619929453262787, 'CAT': 0.6264550264550265, 'CSCO': 0.6102897985705004, 'XOM': 0.6071632785667873, 'NKE': 0.6015246449456977, 'AXP': 0.570411306042885, 'GS': 0.5699498746867168, 'IBM': 0.5645558340295183, 'JNJ': 0.5361423001949317, 'MSFT': 0.5323470713821591}","{'V': 1.0, 'CVX': 1.0, 'AAPL': 1.0, 'CAT': 1.0, 'CSCO': 1.0, 'XOM': 1.0, 'NKE': 1.0, 'AXP': 1.0, 'GS': 1.0, 'IBM': 1.0, 'JNJ': 1.0, 'MSFT': 1.0}","{'V': '2018-11-16', 'CVX': '2019-08-07', 'AAPL': '2019-10-31', 'CAT': '2019-10-31', 'CSCO': '2019-09-05', 'XOM': '2019-08-07', 'NKE': '2019-07-23', 'AXP': '2019-10-21', 'GS': '2019-08-05', 'IBM': '2019-10-30', 'JNJ': '2019-10-28', 'MSFT': '2019-10-23'}",0.8795,"{'formula_version': 'market-regime-cash-v1', 'benchmark': 'DIA', 'as_of_date': '2019-10-31', 'data_quality': 'complete', 'observations': 1528, 'regime': 'neutral', 'target_cash_weight': 0.1205, 'target_equity_weight': 0.8795, 'scores': {'overheat': 0.001817, 'fear': 0.0, 'outlook': 0.299444}, 'components': {'overheat': {'distance_above_200d': 0.0, 'rsi': 0.005451, 'six_month_momentum': 0.0}, 'fear': {'drawdown': 0.0, 'rsi': 0.0, 'realized_volatility': 0.0}, 'outlook': {'price_vs_200d': 0.406733, '50d_vs_200d': 0.329385, 'six_month_momentum': 0.162214}}, 'metrics': {'close': 239.08343505859372, 'sma_50': 235.7930062866211, 'sma_200': 229.73918891906737, 'distance_to_sma_200': 0.040673279049566746, 'sma_50_to_sma_200': 0.026350825891034102, 'momentum_126': 0.032442810337466765, 'rsi_14': 60.10902632655212, 'drawdown_from_252d_peak': -0.004977471195695693, 'realized_volatility_20': 0.10242531514807246}, 'rationale': ['200일 추세·50/200일 추세·6개월 모멘텀이 긍정적이라 현금 축소']}",0.3356629140889669,0.00039604002710004715,1.1798742442993788
2019-11-29,2019-12-02,"{'style': 'fundamental', 'value_weight': 0.4, 'quality_weight': 0.4, 'growth_weight': 0.2, 'momentum_weight': 0.0, 'low_vol_weight': 0.0, 'momentum_lookback': 252, 'top_n': 12, 'weighting': 'equal'}",29,"['CVX', 'AAPL', 'V', 'CSCO', 'CAT', 'XOM', 'NKE', 'IBM', 'AXP', 'GS', 'JNJ', 'MSFT']","{'CVX': 0.6922249589490969, 'AAPL': 0.6687416529830322, 'V': 0.6661576354679803, 'CSCO': 0.6373698614351972, 'CAT': 0.6291461412151068, 'XOM': 0.6184036240025351, 'NKE': 0.606081295192003, 'IBM': 0.5828964653011841, 'AXP': 0.573453634085213, 'GS': 0.5693751620430387, 'JNJ': 0.5342355313571285, 'MSFT': 0.5301396883012128}","{'CVX': 1.0, 'AAPL': 1.0, 'V': 1.0, 'CSCO': 1.0, 'CAT': 1.0, 'XOM': 1.0, 'NKE': 1.0, 'IBM': 1.0, 'AXP': 1.0, 'GS': 1.0, 'JNJ': 1.0, 'MSFT': 1.0}","{'CVX': '2019-11-07', 'AAPL': '2019-10-31', 'V': '2019-11-14', 'CSCO': '2019-11-19', 'CAT': '2019-10-31', 'XOM': '2019-11-06', 'NKE': '2019-07-23', 'IBM': '2019-10-30', 'AXP': '2019-10-21', 'GS': '2019-11-01', 'JNJ': '2019-10-28', 'MSFT': '2019-10-23'}",0.8495,"{'formula_version': 'market-regime-cash-v1', 'benchmark': 'DIA', 'as_of_date': '2019-11-29', 'data_quality': 'complete', 'observations': 1548, 'regime': 'risk_on', 'target_cash_weight': 0.1505, 'target_equity_weight': 0.8495, 'scores': {'overheat': 0.244811, 'fear': 0.0, 'outlook': 0.607265}, 'components': {'overheat': {'distance_above_200d': 0.129813, 'rsi': 0.462108, 'six_month_momentum': 0.142511}, 'fear': {'drawdown': 0.0, 'rsi': 0.0, 'realized_volatility': 0.0}, 'outlook': {'price_vs_200d': 0.69472, '50d_vs_200d': 0.413309, 'six_month_momentum': 0.713766}}, 'metrics': {'close': 248.7976531982422, 'sma_50': 240.3280163574219, 'sma_200': 232.6359733581543, 'distance_to_sma_200': 0.06947197205483868, 'sma_50_to_sma_200': 0.033064718616949706, 'momentum_126': 0.14275322654686762, 'rsi_14': 69.2421632117508, 'drawdown_from_252d_peak': -0.0034057367420078366, 'realized_volatility_20': 0.06394148402781794}, 'rationale': ['200일 추세·50/200일 추세·6개월 모멘텀이 긍정적이라 현금 축소']}",0.03683748547448533,4.460734292356503e-05,1.2109225792423133
2019-12-31,2020-01-02,"{'style': 'value_quality', 'value_weight': 0.35, 'quality_weight': 0.35, 'growth_weight': 0.1, 'momentum_weight': 0.15, 'low_vol_weight': 0.05, 'momentum_lookback': 252, 'top_n': 8, 'weighting': 'equal'}",29,"['AAPL', 'V', 'CVX', 'NKE', 'IBM', 'MSFT', 'WMT', 'RTX']","{'AAPL': 0.7229126984126983, 'V': 0.6906855500821018, 'CVX': 0.6264655172413793, 'NKE': 0.6066980670065969, 'IBM': 0.5998784137066805, 'MSFT': 0.5867693947512459, 'WMT': 0.5747456644484774, 'RTX': 0.563404146141215}","{'AAPL': 1.0, 'V': 1.0, 'CVX': 1.0, 'NKE': 1.0, 'IBM': 1.0, 'MSFT': 1.0, 'WMT': 1.0, 'RTX': 1.0}","{'AAPL': '2019-10-31', 'V': '2019-11-14', 'CVX': '2019-11-07', 'NKE': '2019-07-23', 'IBM': '2019-10-30', 'MSFT': '2019-10-23', 'WMT': '2019-12-04', 'RTX': '2019-10-25'}",0.8132,"{'formula_version': 'market-regime-cash-v1', 'benchmark': 'DIA', 'as_of_date': '2019-12-31', 'data_quality': 'complete', 'observations': 1569, 'regime': 'risk_on', 'target_cash_weight': 0.1868, 'target_equity_weight': 0.8132, 'scores': {'overheat': 0.379146, 'fear': 0.0, 'outlook': 0.579856}, 'components': {'overheat': {'distance_above_200d': 0.176762, 'rsi': 0.960677, 'six_month_momentum': 0.0}, 'fear': {'drawdown': 0.0, 'rsi': 0.0, 'realized_volatility': 0.0}, 'outlook': {'price_vs_200d': 0.765143, '50d_vs_200d': 0.587703, 'six_month_momentum': 0.386723}}, 'metrics': {'close': 253.2437438964844, 'sma_50': 246.30451354980468, 'sma_200': 235.24420669555664, 'distance_to_sma_200': 0.07651426342763035, 'sma_50_to_sma_200': 0.04701627729588176, 'momentum_126': 0.07734453621574144, 'rsi_14': 79.21354569352101, 'drawdown_from_252d_peak': -0.004295788653653543, 'realized_volatility_20': 0.07466522774174307}, 'rationale': ['가격의 장기 추세 이격·RSI·6개월 상승률이 과열 현금 확대 요인', '200일 추세·50/200일 추세·6개월 모멘텀이 긍정적이라 현금 축소']}",0.8111989103365044,0.0010205968129184493,1.258133855844409
2020-01-31,2020-02-03,"{'style': 'value_quality', 'value_weight': 0.35, 'quality_weight': 0.35, 'growth_weight': 0.1, 'momentum_weight': 0.15, 'low_vol_weight': 0.05, 'momentum_lookback': 252, 'top_n': 8, 'weighting': 'equal'}",29,"['AAPL', 'V', 'CVX', 'NKE', 'INTC', 'RTX', 'MSFT', 'GS']","{'AAPL': 0.7182807881773399, 'V': 0.6750862068965517, 'CVX': 0.6529064039408866, 'NKE': 0.618861449601014, 'INTC': 0.6069896904617866, 'RTX': 0.5885662972085386, 'MSFT': 0.579792383256993, 'GS': 0.5743375680580762}","{'AAPL': 1.0, 'V': 1.0, 'CVX': 1.0, 'NKE': 1.0, 'INTC': 1.0, 'RTX': 1.0, 'MSFT': 1.0, 'GS': 1.0}","{'AAPL': '2020-01-29', 'V': '2019-11-14', 'CVX': '2019-11-07', 'NKE': '2019-07-23', 'INTC': '2020-01-24', 'RTX': '2019-10-25', 'MSFT': '2020-01-29', 'GS': '2019-11-01'}",0.9098,"{'formula_version': 'market-regime-cash-v1', 'benchmark': 'DIA', 'as_of_date': '2020-01-31', 'data_quality': 'complete', 'observations': 1590, 'regime': 'risk_on', 'target_cash_weight': 0.0902, 'target_equity_weight': 0.9098, 'scores': {'overheat': 0.00717, 'fear': 0.045033, 'outlook': 0.548288}, 'components': {'overheat': {'distance_above_200d': 0.021509, 'rsi': 0.0, 'six_month_momentum': 0.0}, 'fear': {'drawdown': 0.0, 'rsi': 0.1351, 'realized_volatility': 0.0}, 'outlook': {'price_vs_200d': 0.532263, '50d_vs_200d': 0.740236, 'six_month_momentum': 0.372364}}, 'metrics': {'close': 250.9813232421875, 'sma_50': 252.40933319091798, 'sma_200': 238.29761627197266, 'distance_to_sma_200': 0.053226327517010175, 'sma_50_to_sma_200': 0.05921887570557738, 'momentum_126': 0.07447278636380883, 'rsi_14': 37.29799537748967, 'drawdown_from_252d_peak': -0.03699693001756188, 'realized_volatility_20': 0.1203310384081085}, 'rationale': ['200일 추세·50/200일 추세·6개월 모멘텀이 긍정적이라 현금 축소']}",0.5059861674973832,0.0006402505315982051,1.2653518469979048
2020-02-28,2020-03-02,"{'style': 'value_quality', 'value_weight': 0.35, 'quality_weight': 0.35, 'growth_weight': 0.1, 'momentum_weight': 0.15, 'low_vol_weight': 0.05, 'momentum_lookback': 252, 'top_n': 8, 'weighting': 'equal'}",30,"['AAPL', 'V', 'INTC', 'NKE', 'VZ', 'RTX', 'MSFT', 'WMT']","{'AAPL': 0.7234803387779793, 'V': 0.7101508620689655, 'INTC': 0.6665907945150231, 'NKE': 0.6320639241782616, 'VZ': 0.6237739463601533, 'RTX': 0.6086422413793102, 'MSFT': 0.5737409760032265, 'WMT': 0.5724654668279895}","{'AAPL': 1.0, 'V': 1.0, 'INTC': 1.0, 'NKE': 1.0, 'VZ': 1.0, 'RTX': 1.0, 'MSFT': 1.0, 'WMT': 1.0}","{'AAPL': '2020-01-29', 'V': '2019-11-14', 'INTC': '2020-01-24', 'NKE': '2019-07-23', 'VZ': '2020-02-21', 'RTX': '2020-02-06', 'MSFT': '2020-01-29', 'WMT': '2019-12-04'}",0.9262,"{'formula_version': 'market-regime-cash-v1', 'benchmark': 'DIA', 'as_of_date': '2020-02-28', 'data_quality': 'complete', 'observations': 1609, 'regime': 'neutral', 'target_cash_weight': 0.0738, 'target_equity_weight': 0.9262, 'scores': {'overheat': 0.0, 'fear': 0.484322, 'outlook': 0.035405}, 'components': {'overheat': {'distance_above_200d': 0.0, 'rsi': 0.0, 'six_month_momentum': 0.0}, 'fear': {'drawdown': 0.258252, 'rsi': 1.0, 'realized_volatility': 0.194714}, 'outlook': {'price_vs_200d': -0.571647, '50d_vs_200d': 0.735023, 'six_month_momentum': -0.057161}}, 'metrics': {'close': 226.8456268310547, 'sma_50': 254.74708923339844, 'sma_200': 240.5994101715088, 'distance_to_sma_200': -0.05716465942559823, 'sma_50_to_sma_200': 0.05880180276337588, 'momentum_126': -0.01143220743482154, 'rsi_14': 12.027070726573982, 'drawdown_from_252d_peak': -0.1368154498343951, 'realized_volatility_20': 0.25841425483634095}, 'rationale': ['낙폭·과매도·실현변동성의 공포 점수가 현금 확대 폭을 상쇄']}",0.47123438533666956,0.0005435960043444544,1.1535575952423054
2020-03-31,2020-04-01,"{'style': 'value_quality', 'value_weight': 0.35, 'quality_weight': 0.35, 'growth_weight': 0.1, 'momentum_weight': 0.15, 'low_vol_weight': 0.05, 'momentum_lookback': 252, 'top_n': 8, 'weighting': 'equal'}",30,"['AAPL', 'V', 'WMT', 'INTC', 'NKE', 'RTX', 'VZ', 'MSFT']","{'AAPL': 0.7344573502722322, 'V': 0.7211853448275862, 'WMT': 0.6790071082879613, 'INTC': 0.6156233615648316, 'NKE': 0.6113742690058479, 'RTX': 0.5983692528735632, 'VZ': 0.5936015325670498, 'MSFT': 0.5676006251260335}","{'AAPL': 1.0, 'V': 1.0, 'WMT': 1.0, 'INTC': 1.0, 'NKE': 1.0, 'RTX': 1.0, 'VZ': 1.0, 'MSFT': 1.0}","{'AAPL': '2020-01-29', 'V': '2019-11-14', 'WMT': '2020-03-20', 'INTC': '2020-01-24', 'NKE': '2019-07-23', 'RTX': '2020-02-06', 'VZ': '2020-02-21', 'MSFT': '2020-01-29'}",0.7912,"{'formula_version': 'market-regime-cash-v1', 'benchmark': 'DIA', 'as_of_date': '2020-03-31', 'data_quality': 'complete', 'observations': 1631, 'regime': 'fear_risk_off', 'target_cash_weight': 0.2088, 'target_equity_weight': 0.7912, 'scores': {'overheat': 0.0, 'fear': 0.597554, 'outlook': -0.742089}, 'components': {'overheat': {'distance_above_200d': 0.0, 'rsi': 0.0, 'six_month_momentum': 0.0}, 'fear': {'drawdown': 0.792662, 'rsi': 0.0, 'realized_volatility': 1.0}, 'outlook': {'price_vs_200d': -1.0, '50d_vs_200d': -0.346597, 'six_month_momentum': -0.87967}}, 'metrics': {'close': 195.9480743408203, 'sma_50': 231.50957244873047, 'sma_200': 238.11187393188476, 'distance_to_sma_200': -0.1770755859202805, 'sma_50_to_sma_200': -0.027727728878581548, 'momentum_126': -0.17593404419338343, 'rsi_14': 45.4002833778985, 'drawdown_from_252d_peak': -0.25438566848958677, 'realized_volatility_20': 1.0255791565339458}, 'rationale': ['낙폭·과매도·실현변동성의 공포 점수가 현금 확대 폭을 상쇄', '중장기 추세와 모멘텀이 부정적이라 현금 확대']}",0.14991456489418734,0.00015574505540764708,1.0388920884209951
2020-04-30,2020-05-01,"{'style': 'value_quality', 'value_weight': 0.35, 'quality_weight': 0.35, 'growth_weight': 0.1, 'momentum_weight': 0.15, 'low_vol_weight': 0.05, 'momentum_lookback': 252, 'top_n': 8, 'weighting': 'equal'}",30,"['AAPL', 'WMT', 'V', 'NKE', 'INTC', 'VZ', 'MSFT', 'CSCO']","{'AAPL': 0.7304343617664851, 'WMT': 0.7000415910465819, 'V': 0.6981968390804597, 'NKE': 0.6536448880822746, 'INTC': 0.6429030550514216, 'VZ': 0.6280268199233716, 'MSFT': 0.5789133897963299, 'CSCO': 0.5723226456946965}","{'AAPL': 1.0, 'WMT': 1.0, 'V': 1.0, 'NKE': 1.0, 'INTC': 1.0, 'VZ': 1.0, 'MSFT': 1.0, 'CSCO': 1.0}","{'AAPL': '2020-01-29', 'WMT': '2020-03-20', 'V': '2019-11-14', 'NKE': '2019-07-23', 'INTC': '2020-04-24', 'VZ': '2020-04-27', 'MSFT': '2020-04-29', 'CSCO': '2020-02-18'}",0.7547,"{'formula_version': 'market-regime-cash-v1', 'benchmark': 'DIA', 'as_of_date': '2020-04-30', 'data_quality': 'complete', 'observations': 1652, 'regime': 'risk_off', 'target_cash_weight': 0.2453, 'target_equity_weight': 0.7547, 'scores': {'overheat': 0.0, 'fear': 0.348554, 'outlook': -0.737734}, 'components': {'overheat': {'distance_above_200d': 0.0, 'rsi': 0.0, 'six_month_momentum': 0.0}, 'fear': {'drawdown': 0.419713, 'rsi': 0.0, 'realized_volatility': 0.62595}, 'outlook': {'price_vs_200d': -0.755494, '50d_vs_200d': -1.0, 'six_month_momentum': -0.457706}}, 'metrics': {'close': 217.5105743408203, 'sma_50': 210.491201171875, 'sma_200': 235.28632095336914, 'distance_to_sma_200': -0.07554942650521435, 'sma_50_to_sma_200': -0.1053827510287274, 'momentum_126': -0.09154127654790634, 'rsi_14': 55.84817766479036, 'drawdown_from_252d_peak': -0.1723368447015593, 'realized_volatility_20': 0.3877849992955578}, 'rationale': ['중장기 추세와 모멘텀이 부정적이라 현금 확대']}",0.24320126190023678,0.00027629294261274017,1.1360670600717437
2020-05-29,2020-06-01,"{'style': 'value_quality', 'value_weight': 0.35, 'quality_weight': 0.35, 'growth_weight': 0.1, 'momentum_weight': 0.15, 'low_vol_weight': 0.05, 'momentum_lookback': 252, 'top_n': 8, 'weighting': 'equal'}",30,"['AAPL', 'WMT', 'V', 'INTC', 'VZ', 'NKE', 'MSFT', 'CSCO']","{'AAPL': 0.7280780399274047, 'WMT': 0.6939304799354709, 'V': 0.6821623563218391, 'INTC': 0.6558149324460577, 'VZ': 0.648860153256705, 'NKE': 0.6258671103044968, 'MSFT': 0.5744397055858036, 'CSCO': 0.55705444646098}","{'AAPL': 1.0, 'WMT': 1.0, 'V': 1.0, 'INTC': 1.0, 'VZ': 1.0, 'NKE': 1.0, 'MSFT': 1.0, 'CSCO': 1.0}","{'AAPL': '2020-05-01', 'WMT': '2020-03-20', 'V': '2019-11-14', 'INTC': '2020-04-24', 'VZ': '2020-04-27', 'NKE': '2019-07-23', 'MSFT': '2020-04-29', 'CSCO': '2020-05-18'}",0.7504,"{'formula_version': 'market-regime-cash-v1', 'benchmark': 'DIA', 'as_of_date': '2020-05-29', 'data_quality': 'complete', 'observations': 1672, 'regime': 'risk_off', 'target_cash_weight': 0.2496, 'target_equity_weight': 0.7504, 'scores': {'overheat': 0.040727, 'fear': 0.146289, 'outlook': -0.556906}, 'components': {'overheat': {'distance_above_200d': 0.0, 'rsi': 0.12218, 'six_month_momentum': 0.0}, 'fear': {'drawdown': 0.240794, 'rsi': 0.0, 'realized_volatility': 0.198075}, 'outlook': {'price_vs_200d': -0.243171, '50d_vs_200d': -1.0, 'six_month_momentum': -0.427548}}, 'metrics': {'close': 227.85499572753903, 'sma_50': 208.07921844482422, 'sma_200': 233.5338632965088, 'distance_to_sma_200': -0.024317105403080408, 'sma_50_to_sma_200': -0.10899766094892116, 'momentum_126': -0.08550957530135062, 'rsi_14': 62.44360374762002, 'drawdown_from_252d_peak': -0.13297463681527577, 'realized_volatility_20': 0.25942238828016606}, 'rationale': ['중장기 추세와 모멘텀이 부정적이라 현금 확대']}",0.038463940898799745,4.6260186499942355e-05,1.202689724946668
2020-06-30,2020-07-01,"{'style': 'value_quality', 'value_weight': 0.35, 'quality_weight': 0.35, 'growth_weight': 0.1, 'momentum_weight': 0.15, 'low_vol_weight': 0.05, 'momentum_lookback': 252, 'top_n': 8, 'weighting': 'equal'}",30,"['AAPL', 'V', 'WMT', 'INTC', 'NKE', 'VZ', 'CSCO', 'MSFT']","{'AAPL': 0.7212480338777979, 'V': 0.6854956896551724, 'WMT': 0.6839304799354708, 'INTC': 0.6584586106069772, 'NKE': 0.6469197418834443, 'VZ': 0.6330268199233716, 'CSCO': 0.5803877797943133, 'MSFT': 0.5744397055858036}","{'AAPL': 1.0, 'V': 1.0, 'WMT': 1.0, 'INTC': 1.0, 'NKE': 1.0, 'VZ': 1.0, 'CSCO': 1.0, 'MSFT': 1.0}","{'AAPL': '2020-05-01', 'V': '2019-11-14', 'WMT': '2020-06-03', 'INTC': '2020-04-24', 'NKE': '2019-07-23', 'VZ': '2020-04-27', 'CSCO': '2020-05-18', 'MSFT': '2020-04-29'}",0.8173,"{'formula_version': 'market-regime-cash-v1', 'benchmark': 'DIA', 'as_of_date': '2020-06-30', 'data_quality': 'complete', 'observations': 1694, 'regime': 'neutral', 'target_cash_weight': 0.1827, 'target_equity_weight': 0.8173, 'scores': {'overheat': 0.0, 'fear': 0.233871, 'outlook': -0.338739}, 'components': {'overheat': {'distance_above_200d': 0.0, 'rsi': 0.0, 'six_month_momentum': 0.0}, 'fear': {'drawdown': 0.173767, 'rsi': 0.0, 'realized_volatility': 0.527846}, 'outlook': {'price_vs_200d': -0.087036, '50d_vs_200d': -0.513587, 'six_month_momentum': -0.415594}}, 'metrics': {'close': 231.730224609375, 'sma_50': 224.16014099121094, 'sma_200': 233.76482162475585, 'distance_to_sma_200': -0.008703606476114012, 'sma_50_to_sma_200': -0.04108693757593074, 'momentum_126': -0.08311879407382627, 'rsi_14': 40.36989154894754, 'drawdown_from_252d_peak': -0.11822875986853798, 'realized_volatility_20': 0.3583538202447689}, 'rationale': ['중장기 추세와 모멘텀이 부정적이라 현금 확대']}",0.07360192406364127,8.970906689178586e-05,1.2188413283084454
2020-07-31,2020-08-03,"{'style': 'value_quality', 'value_weight': 0.35, 'quality_weight': 0.35, 'growth_weight': 0.1, 'momentum_weight': 0.15, 'low_vol_weight': 0.05, 'momentum_lookback': 252, 'top_n': 8, 'weighting': 'equal'}",30,"['INTC', 'V', 'AAPL', 'WMT', 'VZ', 'MSFT', 'CSCO', 'UNH']","{'INTC': 0.7123149828594474, 'V': 0.7116307471264368, 'AAPL': 0.708830409356725, 'WMT': 0.6686426194797338, 'VZ': 0.6479406130268199, 'MSFT': 0.5889881024400081, 'CSCO': 0.5880750151240168, 'UNH': 0.563037608388788}","{'INTC': 1.0, 'V': 1.0, 'AAPL': 1.0, 'WMT': 1.0, 'VZ': 1.0, 'MSFT': 1.0, 'CSCO': 1.0, 'UNH': 1.0}","{'INTC': '2020-07-24', 'V': '2019-11-14', 'AAPL': '2020-07-31', 'WMT': '2020-06-03', 'VZ': '2020-07-28', 'MSFT': '2020-07-30', 'CSCO': '2020-05-18', 'UNH': '2020-05-06'}",0.8486,"{'formula_version': 'market-regime-cash-v1', 'benchmark': 'DIA', 'as_of_date': '2020-07-31', 'data_quality': 'complete', 'observations': 1716, 'regime': 'neutral', 'target_cash_weight': 0.1514, 'target_equity_weight': 0.8486, 'scores': {'overheat': 0.0, 'fear': 0.023268, 'outlook': -0.02435}, 'components': {'overheat': {'distance_above_200d': 0.0, 'rsi': 0.0, 'six_month_momentum': 0.0}, 'fear': {'drawdown': 0.069805, 'rsi': 0.0, 'realized_volatility': 0.0}, 'outlook': {'price_vs_200d': 0.164528, '50d_vs_200d': 0.026194, 'six_month_momentum': -0.263772}}, 'metrics': {'close': 237.74093627929688, 'sma_50': 234.38287658691405, 'sma_200': 233.8927424621582, 'distance_to_sma_200': 0.016452814125950344, 'sma_50_to_sma_200': 0.0020955508050239935, 'momentum_126': -0.05275447109709497, 'rsi_14': 56.635852676936, 'drawdown_from_252d_peak': -0.09535702316611194, 'realized_volatility_20': 0.16133544387554966}, 'rationale': ['과열·공포·전망 신호가 중립 범위라 기준 현금비중에 근접']}",0.25952502815396,0.0003223610789677105,1.242119425863134
2020-08-31,2020-09-01,"{'style': 'value_quality', 'value_weight': 0.35, 'quality_weight': 0.35, 'growth_weight': 0.1, 'momentum_weight': 0.15, 'low_vol_weight': 0.05, 'momentum_lookback': 252, 'top_n': 8, 'weighting': 'equal'}",30,"['AAPL', 'V', 'WMT', 'VZ', 'INTC', 'AMGN', 'MSFT', 'CSCO']","{'AAPL': 0.6963019578727383, 'V': 0.6848563218390804, 'WMT': 0.6607709582210489, 'VZ': 0.6599834552420759, 'INTC': 0.6509277209481384, 'AMGN': 0.6136614557553759, 'MSFT': 0.5964539404938678, 'CSCO': 0.58745207061541}","{'AAPL': 1.0, 'V': 1.0, 'WMT': 1.0, 'VZ': 1.0, 'INTC': 1.0, 'AMGN': 1.0, 'MSFT': 1.0, 'CSCO': 1.0}","{'AAPL': '2020-07-31', 'V': '2019-11-14', 'WMT': '2020-06-03', 'VZ': '2020-07-28', 'INTC': '2020-07-24', 'AMGN': '2020-07-29', 'MSFT': '2020-07-30', 'CSCO': '2020-05-18'}",0.8458,"{'formula_version': 'market-regime-cash-v1', 'benchmark': 'DIA', 'as_of_date': '2020-08-31', 'data_quality': 'complete', 'observations': 1737, 'regime': 'risk_on', 'target_cash_weight': 0.1542, 'target_equity_weight': 0.8458, 'scores': {'overheat': 0.260138, 'fear': 0.0, 'outlook': 0.608224}, 'components': {'overheat': {'distance_above_200d': 0.27069, 'rsi': 0.480219, 'six_month_momentum': 0.029505}, 'fear': {'drawdown': 0.0, 'rsi': 0.0, 'realized_volatility': 0.0}, 'outlook': {'price_vs_200d': 0.906036, '50d_vs_200d': 0.37438, 'six_month_momentum': 0.544257}}, 'metrics': {'close': 256.2218017578125, 'sma_50': 241.97220184326173, 'sma_200': 234.93578102111817, 'distance_to_sma_200': 0.09060357108728767, 'sma_50_to_sma_200': 0.02995040087789369, 'momentum_126': 0.10885143561798061, 'rsi_14': 69.60438980108168, 'drawdown_from_252d_peak': -0.025034320552919098, 'realized_volatility_20': 0.10079526065726387}, 'rationale': ['200일 추세·50/200일 추세·6개월 모멘텀이 긍정적이라 현금 축소']}",0.25916603456733883,0.0003386767263790172,1.3067944144162886
2020-09-30,2020-10-01,"{'style': 'value_quality', 'value_weight': 0.35, 'quality_weight': 0.35, 'growth_weight': 0.1, 'momentum_weight': 0.15, 'low_vol_weight': 0.05, 'momentum_lookback': 252, 'top_n': 8, 'weighting': 'equal'}",30,"['V', 'AAPL', 'INTC', 'VZ', 'WMT', 'AMGN', 'MSFT', 'UNH']","{'V': 0.6948563218390804, 'AAPL': 0.6871927624704394, 'INTC': 0.6587629699902839, 'VZ': 0.6492075931731104, 'WMT': 0.6486445214394397, 'AMGN': 0.592052260353077, 'MSFT': 0.5897872738272012, 'UNH': 0.5713991090579111}","{'V': 1.0, 'AAPL': 1.0, 'INTC': 1.0, 'VZ': 1.0, 'WMT': 1.0, 'AMGN': 1.0, 'MSFT': 1.0, 'UNH': 1.0}","{'V': '2019-11-14', 'AAPL': '2020-07-31', 'INTC': '2020-07-24', 'VZ': '2020-07-28', 'WMT': '2020-09-02', 'AMGN': '2020-07-29', 'MSFT': '2020-07-30', 'UNH': '2020-08-03'}",0.8563,"{'formula_version': 'market-regime-cash-v1', 'benchmark': 'DIA', 'as_of_date': '2020-09-30', 'data_quality': 'complete', 'observations': 1758, 'regime': 'risk_on', 'target_cash_weight': 0.1437, 'target_equity_weight': 0.8563, 'scores': {'overheat': 0.301265, 'fear': 0.01791, 'outlook': 0.789734}, 'components': {'overheat': {'distance_above_200d': 0.104933, 'rsi': 0.0, 'six_month_momentum': 0.798861}, 'fear': {'drawdown': 0.0, 'rsi': 0.0, 'realized_volatility': 0.053729}, 'outlook': {'price_vs_200d': 0.6574, '50d_vs_200d': 0.711802, 'six_month_momentum': 1.0}}, 'metrics': {'close': 250.70916748046875, 'sma_50': 248.6399984741211, 'sma_200': 235.2442226409912, 'distance_to_sma_200': 0.06573995597366378, 'sma_50_to_sma_200': 0.05694412250698844, 'momentum_126': 0.33965816305980456, 'rsi_14': 53.52126823917503, 'drawdown_from_252d_peak': -0.04601079166849564, 'realized_volatility_20': 0.21611864129134273}, 'rationale': ['200일 추세·50/200일 추세·6개월 모멘텀이 긍정적이라 현금 축소']}",0.23877704144410214,0.00030457942081030904,1.2755808471712355
2020-10-30,2020-11-02,"{'style': 'value_quality', 'value_weight': 0.35, 'quality_weight': 0.35, 'growth_weight': 0.1, 'momentum_weight': 0.15, 'low_vol_weight': 0.05, 'momentum_lookback': 252, 'top_n': 8, 'weighting': 'equal'}",30,"['V', 'INTC', 'VZ', 'WMT', 'AMGN', 'UNH', 'MSFT', 'CSCO']","{'V': 0.7129741379310345, 'INTC': 0.6839374003189792, 'VZ': 0.6411041448972483, 'WMT': 0.6383859007497845, 'AMGN': 0.618096321655759, 'UNH': 0.5875964270655741, 'MSFT': 0.5871819098425268, 'CSCO': 0.5617145227226896}","{'V': 1.0, 'INTC': 1.0, 'VZ': 1.0, 'WMT': 1.0, 'AMGN': 1.0, 'UNH': 1.0, 'MSFT': 1.0, 'CSCO': 1.0}","{'V': '2019-11-14', 'INTC': '2020-10-23', 'VZ': '2020-10-27', 'WMT': '2020-09-02', 'AMGN': '2020-10-29', 'UNH': '2020-08-03', 'MSFT': '2020-10-27', 'CSCO': '2020-09-03'}",0.9523,"{'formula_version': 'market-regime-cash-v1', 'benchmark': 'DIA', 'as_of_date': '2020-10-30', 'data_quality': 'complete', 'observations': 1780, 'regime': 'risk_on', 'target_cash_weight': 0.0477, 'target_equity_weight': 0.9523, 'scores': {'overheat': 0.031464, 'fear': 0.346065, 'outlook': 0.582347}, 'components': {'overheat': {'distance_above_200d': 0.0, 'rsi': 0.0, 'six_month_momentum': 0.094392}, 'fear': {'drawdown': 0.038196, 'rsi': 1.0, 'realized_volatility': 0.0}, 'outlook': {'price_vs_200d': 0.190329, '50d_vs_200d': 0.915124, 'six_month_momentum': 0.641588}}, 'metrics': {'close': 239.56842041015625, 'sma_50': 252.30510650634767, 'sma_200': 235.09389770507812, 'distance_to_sma_200': 0.019032917267343796, 'sma_50_to_sma_200': 0.07320993428277234, 'momentum_126': 0.1283176367786414, 'rsi_14': 14.504680922038034, 'drawdown_from_252d_peak': -0.08840314845639374, 'realized_volatility_20': 0.19747171253870066}, 'rationale': ['200일 추세·50/200일 추세·6개월 모멘텀이 긍정적이라 현금 축소']}",0.31351011527064,0.0003785156196620196,1.2073473908019303
2020-11-30,2020-12-01,"{'style': 'value_quality', 'value_weight': 0.35, 'quality_weight': 0.35, 'growth_weight': 0.1, 'momentum_weight': 0.15, 'low_vol_weight': 0.05, 'momentum_lookback': 252, 'top_n': 8, 'weighting': 'equal'}",30,"['WMT', 'VZ', 'INTC', 'V', 'AMGN', 'MSFT', 'UNH', 'TRV']","{'WMT': 0.6607230655007424, 'VZ': 0.6603857540926507, 'INTC': 0.65100157656419, 'V': 0.6236637931034482, 'AMGN': 0.6057112641844946, 'MSFT': 0.5934616033291169, 'UNH': 0.586456580322279, 'TRV': 0.5815142807384186}","{'WMT': 1.0, 'VZ': 1.0, 'INTC': 1.0, 'V': 1.0, 'AMGN': 1.0, 'MSFT': 1.0, 'UNH': 1.0, 'TRV': 1.0}","{'WMT': '2020-09-02', 'VZ': '2020-10-27', 'INTC': '2020-10-23', 'V': '2020-11-19', 'AMGN': '2020-10-29', 'MSFT': '2020-10-27', 'UNH': '2020-11-02', 'TRV': '2020-10-20'}",0.8762,"{'formula_version': 'market-regime-cash-v1', 'benchmark': 'DIA', 'as_of_date': '2020-11-30', 'data_quality': 'complete', 'observations': 1800, 'regime': 'risk_on', 'target_cash_weight': 0.1238, 'target_equity_weight': 0.8762, 'scores': {'overheat': 0.270525, 'fear': 0.0, 'outlook': 0.938198}, 'components': {'overheat': {'distance_above_200d': 0.601844, 'rsi': 0.0, 'six_month_momentum': 0.20973}, 'fear': {'drawdown': 0.0, 'rsi': 0.0, 'realized_volatility': 0.0}, 'outlook': {'price_vs_200d': 1.0, '50d_vs_200d': 1.0, 'six_month_momentum': 0.814595}}, 'metrics': {'close': 268.6864929199219, 'sma_50': 256.1529849243164, 'sma_200': 235.63273651123046, 'distance_to_sma_200': 0.1402765884659496, 'sma_50_to_sma_200': 0.08708572805675474, 'momentum_126': 0.1629189952712229, 'rsi_14': 57.747041155479394, 'drawdown_from_252d_peak': -0.012681491981131332, 'realized_volatility_20': 0.1937974470588624}, 'rationale': ['200일 추세·50/200일 추세·6개월 모멘텀이 긍정적이라 현금 축소']}",0.29925562677612333,0.00039343376051606906,1.3147079797781096
2020-12-31,2021-01-04,"{'style': 'value_quality', 'value_weight': 0.35, 'quality_weight': 0.35, 'growth_weight': 0.1, 'momentum_weight': 0.15, 'low_vol_weight': 0.05, 'momentum_lookback': 252, 'top_n': 8, 'weighting': 'score_inverse_vol'}",30,"['WMT', 'VZ', 'INTC', 'V', 'HD', 'MSFT', 'CSCO', 'UNH']","{'WMT': 0.6673897321674092, 'VZ': 0.6612190874259839, 'INTC': 0.6393349098975233, 'V': 0.6388649425287356, 'HD': 0.6032379832810867, 'MSFT': 0.5940171588846724, 'CSCO': 0.5820497717648353, 'UNH': 0.573956580322279}","{'WMT': 1.0, 'VZ': 1.0, 'INTC': 1.0, 'V': 1.0, 'HD': 1.0, 'MSFT': 1.0, 'CSCO': 1.0, 'UNH': 1.0}","{'WMT': '2020-12-02', 'VZ': '2020-10-27', 'INTC': '2020-10-23', 'V': '2020-11-19', 'HD': '2020-11-24', 'MSFT': '2020-10-27', 'CSCO': '2020-11-17', 'UNH': '2020-11-02'}",0.8385,"{'formula_version': 'market-regime-cash-v1', 'benchmark': 'DIA', 'as_of_date': '2020-12-31', 'data_quality': 'complete', 'observations': 1822, 'regime': 'risk_on', 'target_cash_weight': 0.1615, 'target_equity_weight': 0.8385, 'scores': {'overheat': 0.442647, 'fear': 0.0, 'outlook': 0.991826}, 'components': {'overheat': {'distance_above_200d': 0.684725, 'rsi': 0.326229, 'six_month_momentum': 0.316986}, 'fear': {'drawdown': 0.0, 'rsi': 0.0, 'realized_volatility': 0.0}, 'outlook': {'price_vs_200d': 1.0, '50d_vs_200d': 1.0, 'six_month_momentum': 0.975479}}, 'metrics': {'close': 277.5305480957031, 'sma_50': 265.5012854003906, 'sma_200': 240.76381996154785, 'distance_to_sma_200': 0.1527086924440193, 'sma_50_to_sma_200': 0.10274577568504073, 'momentum_126': 0.19509573090124377, 'rsi_14': 66.52458891450564, 'drawdown_from_252d_peak': 0.0, 'realized_volatility_20': 0.0789229084861156}, 'rationale': ['가격의 장기 추세 이격·RSI·6개월 상승률이 과열 현금 확대 요인', '200일 추세·50/200일 추세·6개월 모멘텀이 긍정적이라 현금 축소']}",0.5955773064674413,0.0007945188854854801,1.334031496596176
2021-01-29,2021-02-01,"{'style': 'value_quality', 'value_weight': 0.35, 'quality_weight': 0.35, 'growth_weight': 0.1, 'momentum_weight': 0.15, 'low_vol_weight': 0.05, 'momentum_lookback': 252, 'top_n': 8, 'weighting': 'score_inverse_vol'}",30,"['WMT', 'INTC', 'VZ', 'V', 'MSFT', 'HD', 'TRV', 'CSCO']","{'WMT': 0.6666330271865661, 'INTC': 0.6550348998148453, 'VZ': 0.6472535701846047, 'V': 0.634698275862069, 'MSFT': 0.5934386148233698, 'HD': 0.5763126959247649, 'TRV': 0.5722901428073841, 'CSCO': 0.5680267832590882}","{'WMT': 1.0, 'INTC': 1.0, 'VZ': 1.0, 'V': 1.0, 'MSFT': 1.0, 'HD': 1.0, 'TRV': 1.0, 'CSCO': 1.0}","{'WMT': '2020-12-02', 'INTC': '2021-01-22', 'VZ': '2020-10-27', 'V': '2020-11-19', 'MSFT': '2021-01-26', 'HD': '2020-11-24', 'TRV': '2020-10-20', 'CSCO': '2020-11-17'}",0.9311000000000001,"{'formula_version': 'market-regime-cash-v1', 'benchmark': 'DIA', 'as_of_date': '2021-01-29', 'data_quality': 'complete', 'observations': 1841, 'regime': 'risk_on', 'target_cash_weight': 0.0689, 'target_equity_weight': 0.9311, 'scores': {'overheat': 0.153137, 'fear': 0.198118, 'outlook': 0.896373}, 'components': {'overheat': {'distance_above_200d': 0.29387, 'rsi': 0.0, 'six_month_momentum': 0.165542}, 'fear': {'drawdown': 0.0, 'rsi': 0.594355, 'realized_volatility': 0.0}, 'outlook': {'price_vs_200d': 0.940806, '50d_vs_200d': 1.0, 'six_month_momentum': 0.748312}}, 'metrics': {'close': 272.21551513671875, 'sma_50': 275.0565466308594, 'sma_200': 248.80755935668947, 'distance_to_sma_200': 0.09408056507829698, 'sma_50_to_sma_200': 0.10549915501779217, 'momentum_126': 0.14966246228055047, 'rsi_14': 28.11290647497269, 'drawdown_from_252d_peak': -0.038670108071447884, 'realized_volatility_20': 0.14117148062232468}, 'rationale': ['200일 추세·50/200일 추세·6개월 모멘텀이 긍정적이라 현금 축소']}",0.2696844318119359,0.00035570880545754207,1.3189816077540404
2021-02-26,2021-03-01,"{'style': 'value_quality', 'value_weight': 0.35, 'quality_weight': 0.35, 'growth_weight': 0.1, 'momentum_weight': 0.15, 'low_vol_weight': 0.05, 'momentum_lookback': 252, 'top_n': 8, 'weighting': 'score_inverse_vol'}",30,"['WMT', 'MMM', 'INTC', 'AMGN', 'VZ', 'CSCO', 'HD', 'DOW']","{'WMT': 0.698270202020202, 'MMM': 0.6763120863810519, 'INTC': 0.675060736677116, 'AMGN': 0.667091170323929, 'VZ': 0.6456443747823057, 'CSCO': 0.6350602577499128, 'HD': 0.6196338383838383, 'DOW': 0.6168965517241379}","{'WMT': 1.0, 'MMM': 1.0, 'INTC': 1.0, 'AMGN': 1.0, 'VZ': 1.0, 'CSCO': 1.0, 'HD': 1.0, 'DOW': 1.0}","{'WMT': '2020-12-02', 'MMM': '2021-02-04', 'INTC': '2021-01-22', 'AMGN': '2021-02-09', 'VZ': '2021-02-25', 'CSCO': '2021-02-16', 'HD': '2020-11-24', 'DOW': '2021-02-05'}",0.9044,"{'formula_version': 'market-regime-cash-v1', 'benchmark': 'DIA', 'as_of_date': '2021-02-26', 'data_quality': 'complete', 'observations': 1860, 'regime': 'risk_on', 'target_cash_weight': 0.0956, 'target_equity_weight': 0.9044, 'scores': {'overheat': 0.11697, 'fear': 0.0, 'outlook': 0.836617}, 'components': {'overheat': {'distance_above_200d': 0.344343, 'rsi': 0.0, 'six_month_momentum': 0.006567}, 'fear': {'drawdown': 0.0, 'rsi': 0.0, 'realized_volatility': 0.0}, 'outlook': {'price_vs_200d': 1.0, '50d_vs_200d': 1.0, 'six_month_momentum': 0.50985}}, 'metrics': {'close': 281.5044860839844, 'sma_50': 280.2970849609375, 'sma_200': 255.529541015625, 'distance_to_sma_200': 0.10165143711024416, 'sma_50_to_sma_200': 0.09692634302426129, 'momentum_126': 0.10196999165489107, 'rsi_14': 46.40511816416479, 'drawdown_from_252d_peak': -0.03154624275484308, 'realized_volatility_20': 0.14651090538653797}, 'rationale': ['200일 추세·50/200일 추세·6개월 모멘텀이 긍정적이라 현금 축소']}",0.6819057340742085,0.0009129062439334489,1.3387572479836365
2021-03-31,2021-04-01,"{'style': 'value_quality', 'value_weight': 0.35, 'quality_weight': 0.35, 'growth_weight': 0.1, 'momentum_weight': 0.15, 'low_vol_weight': 0.05, 'momentum_lookback': 252, 'top_n': 8, 'weighting': 'score_inverse_vol'}",30,"['INTC', 'WMT', 'MMM', 'HD', 'CSCO', 'AMGN', 'VZ', 'V']","{'INTC': 0.7033365987460816, 'WMT': 0.6673650296064089, 'MMM': 0.6640649599442703, 'HD': 0.647248780912574, 'CSCO': 0.6378380355276906, 'AMGN': 0.6338823580633925, 'VZ': 0.6266213862765587, 'V': 0.6183477011494253}","{'INTC': 1.0, 'WMT': 1.0, 'MMM': 1.0, 'HD': 1.0, 'CSCO': 1.0, 'AMGN': 1.0, 'VZ': 1.0, 'V': 1.0}","{'INTC': '2021-01-22', 'WMT': '2021-03-19', 'MMM': '2021-02-04', 'HD': '2021-03-24', 'CSCO': '2021-02-16', 'AMGN': '2021-02-09', 'VZ': '2021-02-25', 'V': '2020-11-19'}",0.8631,"{'formula_version': 'market-regime-cash-v1', 'benchmark': 'DIA', 'as_of_date': '2021-03-31', 'data_quality': 'complete', 'observations': 1883, 'regime': 'risk_on', 'target_cash_weight': 0.1369, 'target_equity_weight': 0.8631, 'scores': {'overheat': 0.34752, 'fear': 0.0, 'outlook': 1.0}, 'components': {'overheat': {'distance_above_200d': 0.621352, 'rsi': 0.041305, 'six_month_momentum': 0.379903}, 'fear': {'drawdown': 0.0, 'rsi': 0.0, 'realized_volatility': 0.0}, 'outlook': {'price_vs_200d': 1.0, '50d_vs_200d': 1.0, 'six_month_momentum': 1.0}}, 'metrics': {'close': 300.9754333496094, 'sma_50': 288.4327587890625, 'sma_200': 263.27388313293454, 'distance_to_sma_200': 0.143202773355374, 'sma_50_to_sma_200': 0.09556160815018844, 'momentum_126': 0.2139709347010581, 'rsi_14': 60.82609787624048, 'drawdown_from_252d_peak': -0.0044625931149544495, 'realized_volatility_20': 0.12853440840628114}, 'rationale': ['200일 추세·50/200일 추세·6개월 모멘텀이 긍정적이라 현금 축소']}",0.23497192767439182,0.00034057189688574174,1.449415256777751
2021-04-30,2021-05-03,"{'style': 'value_quality', 'value_weight': 0.35, 'quality_weight': 0.35, 'growth_weight': 0.1, 'momentum_weight': 0.15, 'low_vol_weight': 0.05, 'momentum_lookback': 252, 'top_n': 8, 'weighting': 'score_inverse_vol'}",30,"['INTC', 'HD', 'MMM', 'AMGN', 'DOW', 'WMT', 'CSCO', 'TRV']","{'INTC': 0.6868040316962731, 'HD': 0.6645476314872867, 'MMM': 0.6435094043887147, 'AMGN': 0.632349791013584, 'DOW': 0.6298275862068965, 'WMT': 0.6279205851619644, 'CSCO': 0.6239491466388017, 'TRV': 0.6135257749912922}","{'INTC': 1.0, 'HD': 1.0, 'MMM': 1.0, 'AMGN': 1.0, 'DOW': 1.0, 'WMT': 1.0, 'CSCO': 1.0, 'TRV': 1.0}","{'INTC': '2021-04-23', 'HD': '2021-03-24', 'MMM': '2021-04-27', 'AMGN': '2021-04-28', 'DOW': '2021-04-23', 'WMT': '2021-03-19', 'CSCO': '2021-02-16', 'TRV': '2021-04-20'}",0.8478,"{'formula_version': 'market-regime-cash-v1', 'benchmark': 'DIA', 'as_of_date': '2021-04-30', 'data_quality': 'complete', 'observations': 1904, 'regime': 'risk_on', 'target_cash_weight': 0.1522, 'target_equity_weight': 0.8478, 'scores': {'overheat': 0.408764, 'fear': 0.0, 'outlook': 1.0}, 'components': {'overheat': {'distance_above_200d': 0.599498, 'rsi': 0.0, 'six_month_momentum': 0.626793}, 'fear': {'drawdown': 0.0, 'rsi': 0.0, 'realized_volatility': 0.0}, 'outlook': {'price_vs_200d': 1.0, '50d_vs_200d': 1.0, 'six_month_momentum': 1.0}}, 'metrics': {'close': 309.0622253417969, 'sma_50': 299.47862548828124, 'sma_200': 271.1251375579834, 'distance_to_sma_200': 0.13992464190340947, 'sma_50_to_sma_200': 0.104577126952067, 'momentum_126': 0.2880379481721007, 'rsi_14': 53.09582156934485, 'drawdown_from_252d_peak': -0.008541791447185143, 'realized_volatility_20': 0.09376898236096995}, 'rationale': ['가격의 장기 추세 이격·RSI·6개월 상승률이 과열 현금 확대 요인', '200일 추세·50/200일 추세·6개월 모멘텀이 긍정적이라 현금 축소']}",0.4597035062155288,0.0006747357325429181,1.467762858929714
2021-05-28,2021-06-01,"{'style': 'value_quality', 'value_weight': 0.35, 'quality_weight': 0.35, 'growth_weight': 0.1, 'momentum_weight': 0.15, 'low_vol_weight': 0.05, 'momentum_lookback': 252, 'top_n': 8, 'weighting': 'score_inverse_vol'}",30,"['INTC', 'HD', 'MMM', 'WMT', 'CSCO', 'VZ', 'TRV', 'V']","{'INTC': 0.6865166753744341, 'HD': 0.64288096482062, 'MMM': 0.6411530825496342, 'WMT': 0.6323650296064088, 'CSCO': 0.627282479972135, 'VZ': 0.6241213862765587, 'TRV': 0.6195602577499129, 'V': 0.6162787356321839}","{'INTC': 1.0, 'HD': 1.0, 'MMM': 1.0, 'WMT': 1.0, 'CSCO': 1.0, 'VZ': 1.0, 'TRV': 1.0, 'V': 1.0}","{'INTC': '2021-04-23', 'HD': '2021-05-25', 'MMM': '2021-04-27', 'WMT': '2021-03-19', 'CSCO': '2021-05-25', 'VZ': '2021-04-27', 'TRV': '2021-04-20', 'V': '2020-11-19'}",0.8785,"{'formula_version': 'market-regime-cash-v1', 'benchmark': 'DIA', 'as_of_date': '2021-05-28', 'data_quality': 'complete', 'observations': 1924, 'regime': 'risk_on', 'target_cash_weight': 0.1215, 'target_equity_weight': 0.8785, 'scores': {'overheat': 0.263955, 'fear': 0.0, 'outlook': 0.945147}, 'components': {'overheat': {'distance_above_200d': 0.568239, 'rsi': 0.0, 'six_month_momentum': 0.223627}, 'fear': {'drawdown': 0.0, 'rsi': 0.0, 'realized_volatility': 0.0}, 'outlook': {'price_vs_200d': 1.0, '50d_vs_200d': 1.0, 'six_month_momentum': 0.83544}}, 'metrics': {'close': 315.8218078613281, 'sma_50': 308.3860705566406, 'sma_200': 278.19929916381835, 'distance_to_sma_200': 0.13523581407498675, 'sma_50_to_sma_200': 0.10850771904729606, 'momentum_126': 0.16708808683289122, 'rsi_14': 47.91706663476973, 'drawdown_from_252d_peak': -0.004389734626404351, 'realized_volatility_20': 0.12884523813045773}, 'rationale': ['200일 추세·50/200일 추세·6개월 모멘텀이 긍정적이라 현금 축소']}",0.45798977406073965,0.0006866757142588192,1.499325428536207
2021-06-30,2021-07-01,"{'style': 'value_quality', 'value_weight': 0.35, 'quality_weight': 0.35, 'growth_weight': 0.1, 'momentum_weight': 0.15, 'low_vol_weight': 0.05, 'momentum_lookback': 252, 'top_n': 8, 'weighting': 'score_inverse_vol'}",30,"['INTC', 'MMM', 'WMT', 'TRV', 'HD', 'VZ', 'AMGN', 'CSCO']","{'INTC': 0.6791603535353535, 'MMM': 0.6471300940438871, 'WMT': 0.6362539184952978, 'TRV': 0.6295602577499129, 'HD': 0.6287142981539533, 'VZ': 0.6207880529432254, 'AMGN': 0.6140164576802507, 'CSCO': 0.612282479972135}","{'INTC': 1.0, 'MMM': 1.0, 'WMT': 1.0, 'TRV': 1.0, 'HD': 1.0, 'VZ': 1.0, 'AMGN': 1.0, 'CSCO': 1.0}","{'INTC': '2021-04-23', 'MMM': '2021-04-27', 'WMT': '2021-06-04', 'TRV': '2021-04-20', 'HD': '2021-05-25', 'VZ': '2021-04-27', 'AMGN': '2021-04-28', 'CSCO': '2021-05-25'}",0.8958999999999999,"{'formula_version': 'market-regime-cash-v1', 'benchmark': 'DIA', 'as_of_date': '2021-06-30', 'data_quality': 'complete', 'observations': 1946, 'regime': 'risk_on', 'target_cash_weight': 0.1041, 'target_equity_weight': 0.8959, 'scores': {'overheat': 0.180523, 'fear': 0.0, 'outlook': 0.910149}, 'components': {'overheat': {'distance_above_200d': 0.387938, 'rsi': 0.0, 'six_month_momentum': 0.153631}, 'fear': {'drawdown': 0.0, 'rsi': 0.0, 'realized_volatility': 0.0}, 'outlook': {'price_vs_200d': 1.0, '50d_vs_200d': 1.0, 'six_month_momentum': 0.730446}}, 'metrics': {'close': 315.6509704589844, 'sma_50': 312.7256872558594, 'sma_200': 284.834513092041, 'distance_to_sma_200': 0.10819074216959579, 'sma_50_to_sma_200': 0.09792062717766825, 'momentum_126': 0.14608919710549406, 'rsi_14': 50.830890228637166, 'drawdown_from_252d_peak': -0.007033732385428593, 'realized_volatility_20': 0.1108679291423054}, 'rationale': ['200일 추세·50/200일 추세·6개월 모멘텀이 긍정적이라 현금 축소']}",0.24047759776750083,0.00035625671752201224,1.481454908188368
2021-07-30,2021-08-02,"{'style': 'value_quality', 'value_weight': 0.35, 'quality_weight': 0.35, 'growth_weight': 0.1, 'momentum_weight': 0.15, 'low_vol_weight': 0.05, 'momentum_lookback': 252, 'top_n': 8, 'weighting': 'score_inverse_vol'}",30,"['INTC', 'MMM', 'WMT', 'HD', 'TRV', 'AMGN', 'VZ', 'UNH']","{'INTC': 0.6728528822709857, 'MMM': 0.6530726227795193, 'WMT': 0.6284881138975966, 'HD': 0.61663096482062, 'TRV': 0.6145027864855451, 'AMGN': 0.6130825496342738, 'VZ': 0.6107305816788575, 'UNH': 0.6012998955067921}","{'INTC': 1.0, 'MMM': 1.0, 'WMT': 1.0, 'HD': 1.0, 'TRV': 1.0, 'AMGN': 1.0, 'VZ': 1.0, 'UNH': 1.0}","{'INTC': '2021-07-23', 'MMM': '2021-07-27', 'WMT': '2021-06-04', 'HD': '2021-05-25', 'TRV': '2021-07-20', 'AMGN': '2021-04-28', 'VZ': '2021-07-28', 'UNH': '2021-05-05'}",0.898,"{'formula_version': 'market-regime-cash-v1', 'benchmark': 'DIA', 'as_of_date': '2021-07-30', 'data_quality': 'complete', 'observations': 1967, 'regime': 'risk_on', 'target_cash_weight': 0.102, 'target_equity_weight': 0.898, 'scores': {'overheat': 0.186453, 'fear': 0.0, 'outlook': 0.946347}, 'components': {'overheat': {'distance_above_200d': 0.307743, 'rsi': 0.0, 'six_month_momentum': 0.251617}, 'fear': {'drawdown': 0.0, 'rsi': 0.0, 'realized_volatility': 0.0}, 'outlook': {'price_vs_200d': 0.961615, '50d_vs_200d': 1.0, 'six_month_momentum': 0.877425}}, 'metrics': {'close': 319.9852600097656, 'sma_50': 315.74405700683593, 'sma_200': 291.9143437194824, 'distance_to_sma_200': 0.09616148330572671, 'sma_50_to_sma_200': 0.08163255352142906, 'momentum_126': 0.1754850190998658, 'rsi_14': 49.39169528744081, 'drawdown_from_252d_peak': -0.005492457924242022, 'realized_volatility_20': 0.12470371681689799}, 'rationale': ['200일 추세·50/200일 추세·6개월 모멘텀이 긍정적이라 현금 축소']}",0.2889146361037823,0.00043212283144100134,1.495676499011897
2021-08-31,2021-09-01,"{'style': 'value_quality', 'value_weight': 0.35, 'quality_weight': 0.35, 'growth_weight': 0.1, 'momentum_weight': 0.15, 'low_vol_weight': 0.05, 'momentum_lookback': 252, 'top_n': 8, 'weighting': 'score_inverse_vol'}",30,"['INTC', 'MMM', 'V', 'WMT', 'VZ', 'HD', 'NKE', 'TRV']","{'INTC': 0.701186215604319, 'MMM': 0.6475574712643678, 'V': 0.6260632183908046, 'WMT': 0.61954175374434, 'VZ': 0.6087608847091606, 'HD': 0.6082976314872867, 'NKE': 0.5986590038314176, 'TRV': 0.5951349703935911}","{'INTC': 1.0, 'MMM': 1.0, 'V': 1.0, 'WMT': 1.0, 'VZ': 1.0, 'HD': 1.0, 'NKE': 1.0, 'TRV': 1.0}","{'INTC': '2021-07-23', 'MMM': '2021-07-27', 'V': '2020-11-19', 'WMT': '2021-06-04', 'VZ': '2021-07-28', 'HD': '2021-08-24', 'NKE': '2021-07-20', 'TRV': '2021-07-20'}",0.8995,"{'formula_version': 'market-regime-cash-v1', 'benchmark': 'DIA', 'as_of_date': '2021-08-31', 'data_quality': 'complete', 'observations': 1989, 'regime': 'risk_on', 'target_cash_weight': 0.1005, 'target_equity_weight': 0.8995, 'scores': {'overheat': 0.119655, 'fear': 0.0, 'outlook': 0.794509}, 'components': {'overheat': {'distance_above_200d': 0.225256, 'rsi': 0.0, 'six_month_momentum': 0.133709}, 'fear': {'drawdown': 0.0, 'rsi': 0.0, 'realized_volatility': 0.0}, 'outlook': {'price_vs_200d': 0.837883, '50d_vs_200d': 0.845079, 'six_month_momentum': 0.700563}}, 'metrics': {'close': 324.6183166503906, 'sma_50': 319.7714544677734, 'sma_200': 299.5218769836426, 'distance_to_sma_200': 0.08378833599563285, 'sma_50_to_sma_200': 0.06760633876916011, 'momentum_126': 0.14011269835638496, 'rsi_14': 48.95460548553349, 'drawdown_from_252d_peak': -0.005693678933004653, 'realized_volatility_20': 0.08676700255819213}, 'rationale': ['200일 추세·50/200일 추세·6개월 모멘텀이 긍정적이라 현금 축소']}",0.44122884033221577,0.0006595389136686138,1.494777433796089
2021-09-30,2021-10-01,"{'style': 'value_quality', 'value_weight': 0.35, 'quality_weight': 0.35, 'growth_weight': 0.1, 'momentum_weight': 0.15, 'low_vol_weight': 0.05, 'momentum_lookback': 252, 'top_n': 8, 'weighting': 'score_inverse_vol'}",30,"['INTC', 'CSCO', 'MMM', 'WMT', 'TRV', 'VZ', 'NKE', 'IBM']","{'INTC': 0.7116076715430163, 'CSCO': 0.6667962382445141, 'MMM': 0.6427452107279693, 'WMT': 0.6284306426332288, 'TRV': 0.6218016370602577, 'VZ': 0.612036746778126, 'NKE': 0.601992337164751, 'IBM': 0.5996982758620689}","{'INTC': 1.0, 'CSCO': 1.0, 'MMM': 1.0, 'WMT': 1.0, 'TRV': 1.0, 'VZ': 1.0, 'NKE': 1.0, 'IBM': 1.0}","{'INTC': '2021-07-23', 'CSCO': '2021-09-09', 'MMM': '2021-07-27', 'WMT': '2021-09-02', 'TRV': '2021-07-20', 'VZ': '2021-07-28', 'NKE': '2021-07-20', 'IBM': '2021-07-27'}",0.8841,"{'formula_version': 'market-regime-cash-v1', 'benchmark': 'DIA', 'as_of_date': '2021-09-30', 'data_quality': 'complete', 'observations': 2010, 'regime': 'neutral', 'target_cash_weight': 0.1159, 'target_equity_weight': 0.8841, 'scores': {'overheat': 0.0, 'fear': 0.000564, 'outlook': 0.34053}, 'components': {'overheat': {'distance_above_200d': 0.0, 'rsi': 0.0, 'six_month_momentum': 0.0}, 'fear': {'drawdown': 0.0, 'rsi': 0.001693, 'realized_volatility': 0.0}, 'outlook': {'price_vs_200d': 0.2084, '50d_vs_200d': 0.667454, 'six_month_momentum': 0.145736}}, 'metrics': {'close': 310.93951416015625, 'sma_50': 320.85591491699216, 'sma_200': 304.5918225097656, 'distance_to_sma_200': 0.02083999366131084, 'sma_50_to_sma_200': 0.053396352775377354, 'momentum_126': 0.02914719755966999, 'rsi_14': 39.9661353215886, 'drawdown_from_252d_peak': -0.047591868539215376, 'realized_volatility_20': 0.13832530538245366}, 'rationale': ['200일 추세·50/200일 추세·6개월 모멘텀이 긍정적이라 현금 축소']}",0.4724037927188676,0.0006793390359711138,1.4380473790467543
2021-10-29,2021-11-01,"{'style': 'value_quality', 'value_weight': 0.35, 'quality_weight': 0.35, 'growth_weight': 0.1, 'momentum_weight': 0.15, 'low_vol_weight': 0.05, 'momentum_lookback': 252, 'top_n': 8, 'weighting': 'score_inverse_vol'}",30,"['INTC', 'CSCO', 'TRV', 'MMM', 'AMGN', 'WBA', 'WMT', 'V']","{'INTC': 0.7080061389759665, 'CSCO': 0.656840877009661, 'TRV': 0.6473554281471704, 'MMM': 0.6280870135107884, 'AMGN': 0.6177951933124346, 'WBA': 0.6158225998643422, 'WMT': 0.6055379223267154, 'V': 0.6055089231699939}","{'INTC': 1.0, 'CSCO': 1.0, 'TRV': 1.0, 'MMM': 1.0, 'AMGN': 1.0, 'WBA': 1.0, 'WMT': 1.0, 'V': 1.0}","{'INTC': '2021-10-22', 'CSCO': '2021-09-09', 'TRV': '2021-10-19', 'MMM': '2021-10-26', 'AMGN': '2021-08-04', 'WBA': '2021-10-14', 'WMT': '2021-09-02', 'V': '2020-11-19'}",0.8057,"{'formula_version': 'market-regime-cash-v1', 'benchmark': 'DIA', 'as_of_date': '2021-10-29', 'data_quality': 'complete', 'observations': 2031, 'regime': 'risk_on', 'target_cash_weight': 0.1943, 'target_equity_weight': 0.8057, 'scores': {'overheat': 0.366117, 'fear': 0.0, 'outlook': 0.471884}, 'components': {'overheat': {'distance_above_200d': 0.098351, 'rsi': 1.0, 'six_month_momentum': 0.0}, 'fear': {'drawdown': 0.0, 'rsi': 0.0, 'realized_volatility': 0.0}, 'outlook': {'price_vs_200d': 0.647526, '50d_vs_200d': 0.473362, 'six_month_momentum': 0.294765}}, 'metrics': {'close': 329.3778076171875, 'sma_50': 321.06141662597656, 'sma_200': 309.34678771972654, 'distance_to_sma_200': 0.06475263585283919, 'sma_50_to_sma_200': 0.037868920484358526, 'momentum_126': 0.05895307495709212, 'rsi_14': 80.73306133164803, 'drawdown_from_252d_peak': 0.0, 'realized_volatility_20': 0.10081867180147741}, 'rationale': ['가격의 장기 추세 이격·RSI·6개월 상승률이 과열 현금 확대 요인', '200일 추세·50/200일 추세·6개월 모멘텀이 긍정적이라 현금 축소']}",0.5892844062537532,0.0008570805490971992,1.4544429480934367
2021-11-30,2021-12-01,"{'style': 'value_quality', 'value_weight': 0.35, 'quality_weight': 0.35, 'growth_weight': 0.1, 'momentum_weight': 0.15, 'low_vol_weight': 0.05, 'momentum_lookback': 252, 'top_n': 8, 'weighting': 'score_inverse_vol'}",30,"['INTC', 'V', 'CSCO', 'WBA', 'AMGN', 'WMT', 'MMM', 'VZ']","{'INTC': 0.688097135144549, 'V': 0.6694888082274653, 'CSCO': 0.6467259344809254, 'WBA': 0.6229873508221966, 'AMGN': 0.6153814002089864, 'WMT': 0.6021471177290143, 'MMM': 0.6013054043153861, 'VZ': 0.6012896203413445}","{'INTC': 1.0, 'V': 1.0, 'CSCO': 1.0, 'WBA': 1.0, 'AMGN': 1.0, 'WMT': 1.0, 'MMM': 1.0, 'VZ': 1.0}","{'INTC': '2021-10-22', 'V': '2021-11-18', 'CSCO': '2021-11-23', 'WBA': '2021-11-24', 'AMGN': '2021-11-03', 'WMT': '2021-09-02', 'MMM': '2021-10-26', 'VZ': '2021-10-26'}",0.9131,"{'formula_version': 'market-regime-cash-v1', 'benchmark': 'DIA', 'as_of_date': '2021-11-30', 'data_quality': 'complete', 'observations': 2052, 'regime': 'neutral', 'target_cash_weight': 0.0869, 'target_equity_weight': 0.9131, 'scores': {'overheat': 0.0, 'fear': 0.304397, 'outlook': 0.174379}, 'components': {'overheat': {'distance_above_200d': 0.0, 'rsi': 0.0, 'six_month_momentum': 0.0}, 'fear': {'drawdown': 0.0, 'rsi': 0.913192, 'realized_volatility': 0.0}, 'outlook': {'price_vs_200d': 0.104375, '50d_vs_200d': 0.398833, 'six_month_momentum': 0.019929}}, 'metrics': {'close': 317.7411499023437, 'sma_50': 324.4922998046875, 'sma_200': 314.4589707946777, 'distance_to_sma_200': 0.01043754324887436, 'sma_50_to_sma_200': 0.03190663947240635, 'momentum_126': 0.003985764108798584, 'rsi_14': 21.736168066443255, 'drawdown_from_252d_peak': -0.05145483940382678, 'realized_volatility_20': 0.12597426588103028}, 'rationale': ['과열·공포·전망 신호가 중립 범위라 기준 현금비중에 근접']}",0.31632204339218956,0.00044614226074539583,1.4104052185583842
2021-12-31,2022-01-03,"{'style': 'value_quality', 'value_weight': 0.35, 'quality_weight': 0.35, 'growth_weight': 0.1, 'momentum_weight': 0.15, 'low_vol_weight': 0.05, 'momentum_lookback': 252, 'top_n': 8, 'weighting': 'equal'}",30,"['INTC', 'AMGN', 'V', 'CSCO', 'MMM', 'HD', 'MSFT', 'WMT']","{'INTC': 0.7064304684778823, 'AMGN': 0.632048066875653, 'V': 0.6313853599516032, 'CSCO': 0.6311703789253699, 'MMM': 0.6253283928211333, 'HD': 0.608429714568553, 'MSFT': 0.608297814808704, 'WMT': 0.6060360066179031}","{'INTC': 1.0, 'AMGN': 1.0, 'V': 1.0, 'CSCO': 1.0, 'MMM': 1.0, 'HD': 1.0, 'MSFT': 1.0, 'WMT': 1.0}","{'INTC': '2021-10-22', 'AMGN': '2021-11-03', 'V': '2021-11-18', 'CSCO': '2021-11-23', 'MMM': '2021-10-26', 'HD': '2021-11-23', 'MSFT': '2021-10-26', 'WMT': '2021-12-01'}",0.8888,"{'formula_version': 'market-regime-cash-v1', 'benchmark': 'DIA', 'as_of_date': '2021-12-31', 'data_quality': 'complete', 'observations': 2074, 'regime': 'risk_on', 'target_cash_weight': 0.1112, 'target_equity_weight': 0.8888, 'scores': {'overheat': 0.004819, 'fear': 0.0, 'outlook': 0.399962}, 'components': {'overheat': {'distance_above_200d': 0.014457, 'rsi': 0.0, 'six_month_momentum': 0.0}, 'fear': {'drawdown': 0.0, 'rsi': 0.0, 'realized_volatility': 0.0}, 'outlook': {'price_vs_200d': 0.521686, '50d_vs_200d': 0.412149, 'six_month_momentum': 0.266051}}, 'metrics': {'close': 335.328369140625, 'sma_50': 329.2103540039063, 'sma_200': 318.7021260070801, 'distance_to_sma_200': 0.05216859812593633, 'sma_50_to_sma_200': 0.03297194194616937, 'momentum_126': 0.053210213878150725, 'rsi_14': 55.41595818376472, 'drawdown_from_252d_peak': -0.004166209746048755, 'realized_volatility_20': 0.1399830705133372}, 'rationale': ['200일 추세·50/200일 추세·6개월 모멘텀이 긍정적이라 현금 축소']}",0.5477677051619393,0.0008243307914823401,1.5048911860158662
2022-01-31,2022-02-01,"{'style': 'value_quality', 'value_weight': 0.35, 'quality_weight': 0.35, 'growth_weight': 0.1, 'momentum_weight': 0.15, 'low_vol_weight': 0.05, 'momentum_lookback': 252, 'top_n': 8, 'weighting': 'equal'}",30,"['CSCO', 'HD', 'AMGN', 'MMM', 'V', 'WBA', 'WMT', 'MSFT']","{'CSCO': 0.6612295917432034, 'HD': 0.6414469559478634, 'AMGN': 0.6358028561476837, 'MMM': 0.6344605767291792, 'V': 0.6303508771929824, 'WBA': 0.6257651285999744, 'WMT': 0.6173865813305468, 'MSFT': 0.6110755925864818}","{'CSCO': 1.0, 'HD': 1.0, 'AMGN': 1.0, 'MMM': 1.0, 'V': 1.0, 'WBA': 1.0, 'WMT': 1.0, 'MSFT': 1.0}","{'CSCO': '2021-11-23', 'HD': '2021-11-23', 'AMGN': '2021-11-03', 'MMM': '2021-10-26', 'V': '2021-11-18', 'WBA': '2022-01-06', 'WMT': '2021-12-01', 'MSFT': '2022-01-25'}",0.8726,"{'formula_version': 'market-regime-cash-v1', 'benchmark': 'DIA', 'as_of_date': '2022-01-31', 'data_quality': 'complete', 'observations': 2094, 'regime': 'neutral', 'target_cash_weight': 0.1274, 'target_equity_weight': 0.8726, 'scores': {'overheat': 0.0, 'fear': 0.05239, 'outlook': 0.147414}, 'components': {'overheat': {'distance_above_200d': 0.0, 'rsi': 0.0, 'six_month_momentum': 0.0}, 'fear': {'drawdown': 0.0, 'rsi': 0.157169, 'realized_volatility': 0.0}, 'outlook': {'price_vs_200d': 0.098547, '50d_vs_200d': 0.260274, 'six_month_momentum': 0.083422}}, 'metrics': {'close': 324.2723083496094, 'sma_50': 327.7939611816406, 'sma_200': 321.1078855895996, 'distance_to_sma_200': 0.009854702740169197, 'sma_50_to_sma_200': 0.020821897848333437, 'momentum_126': 0.016684399572113984, 'rsi_14': 36.85661959160321, 'drawdown_from_252d_peak': -0.04493175679623218, 'realized_volatility_20': 0.12943642634598465}, 'rationale': ['과열·공포·전망 신호가 중립 범위라 기준 현금비중에 근접']}",0.25787357193250615,0.00037053282766632103,1.4368778657291077
2022-02-28,2022-03-01,"{'style': 'value_quality', 'value_weight': 0.35, 'quality_weight': 0.35, 'growth_weight': 0.1, 'momentum_weight': 0.15, 'low_vol_weight': 0.05, 'momentum_lookback': 252, 'top_n': 8, 'weighting': 'equal'}",30,"['CVX', 'DOW', 'V', 'VZ', 'AXP', 'TRV', 'HD', 'MCD']","{'CVX': 0.7704204476709013, 'DOW': 0.6590804597701149, 'V': 0.6302359346642468, 'VZ': 0.6045106234761407, 'AXP': 0.5879388623072833, 'TRV': 0.585300830446021, 'HD': 0.577194082384645, 'MCD': 0.5759676506443747}","{'CVX': 1.0, 'DOW': 1.0, 'V': 1.0, 'VZ': 1.0, 'AXP': 1.0, 'TRV': 1.0, 'HD': 1.0, 'MCD': 1.0}","{'CVX': '2022-02-24', 'DOW': '2022-02-04', 'V': '2021-11-18', 'VZ': '2022-02-11', 'AXP': '2022-02-11', 'TRV': '2022-02-17', 'HD': '2021-11-23', 'MCD': '2022-02-24'}",0.8329,"{'formula_version': 'market-regime-cash-v1', 'benchmark': 'DIA', 'as_of_date': '2022-02-28', 'data_quality': 'complete', 'observations': 2113, 'regime': 'neutral', 'target_cash_weight': 0.1671, 'target_equity_weight': 0.8329, 'scores': {'overheat': 0.0, 'fear': 0.012731, 'outlook': -0.095007}, 'components': {'overheat': {'distance_above_200d': 0.0, 'rsi': 0.0, 'six_month_momentum': 0.0}, 'fear': {'drawdown': 0.0, 'rsi': 0.038192, 'realized_volatility': 0.0}, 'outlook': {'price_vs_200d': -0.250897, '50d_vs_200d': 0.139785, 'six_month_momentum': -0.173909}}, 'metrics': {'close': 313.9027709960937, 'sma_50': 325.58183837890624, 'sma_200': 321.9811883544922, 'distance_to_sma_200': -0.025089718438781494, 'sma_50_to_sma_200': 0.011182796246002491, 'momentum_126': -0.03478184411703422, 'rsi_14': 39.23615314282766, 'drawdown_from_252d_peak': -0.07547280383618049, 'realized_volatility_20': 0.18406142688491328}, 'rationale': ['과열·공포·전망 신호가 중립 범위라 기준 현금비중에 근접']}",1.2956423161178696,0.0017757068687300585,1.3705224402137508
2022-03-31,2022-04-01,"{'style': 'value_quality', 'value_weight': 0.35, 'quality_weight': 0.35, 'growth_weight': 0.1, 'momentum_weight': 0.15, 'low_vol_weight': 0.05, 'momentum_lookback': 252, 'top_n': 8, 'weighting': 'equal'}",30,"['CVX', 'VZ', 'DOW', 'V', 'TRV', 'CSCO', 'AXP', 'WBA']","{'CVX': 0.7472307924984876, 'VZ': 0.6568477882270986, 'DOW': 0.638448275862069, 'V': 0.6077359346642468, 'TRV': 0.5907174971126877, 'CSCO': 0.5888175401932207, 'AXP': 0.5848507397019194, 'WBA': 0.5688836000659957}","{'CVX': 1.0, 'VZ': 1.0, 'DOW': 1.0, 'V': 1.0, 'TRV': 1.0, 'CSCO': 1.0, 'AXP': 1.0, 'WBA': 1.0}","{'CVX': '2022-02-24', 'VZ': '2022-02-11', 'DOW': '2022-02-04', 'V': '2021-11-18', 'TRV': '2022-02-17', 'CSCO': '2022-02-22', 'AXP': '2022-02-11', 'WBA': '2022-03-31'}",0.805,"{'formula_version': 'market-regime-cash-v1', 'benchmark': 'DIA', 'as_of_date': '2022-03-31', 'data_quality': 'complete', 'observations': 2136, 'regime': 'neutral', 'target_cash_weight': 0.195, 'target_equity_weight': 0.805, 'scores': {'overheat': 0.175093, 'fear': 0.0, 'outlook': -0.005992}, 'components': {'overheat': {'distance_above_200d': 0.0, 'rsi': 0.52528, 'six_month_momentum': 0.0}, 'fear': {'drawdown': 0.0, 'rsi': 0.0, 'realized_volatility': 0.0}, 'outlook': {'price_vs_200d': -0.016902, '50d_vs_200d': -0.171693, 'six_month_momentum': 0.17062}}, 'metrics': {'close': 321.54998779296875, 'sma_50': 317.67028442382815, 'sma_200': 322.0943898010254, 'distance_to_sma_200': -0.001690194009255963, 'sma_50_to_sma_200': -0.013735431343371851, 'momentum_126': 0.03412391526201253, 'rsi_14': 70.50559788039854, 'drawdown_from_252d_peak': -0.05294971529753323, 'realized_volatility_20': 0.18558724217803282}, 'rationale': ['과열·공포·전망 신호가 중립 범위라 기준 현금비중에 근접']}",0.4464699572015681,0.000625950126061709,1.4019983113423933
2022-04-29,2022-05-02,"{'style': 'value_quality', 'value_weight': 0.35, 'quality_weight': 0.35, 'growth_weight': 0.1, 'momentum_weight': 0.15, 'low_vol_weight': 0.05, 'momentum_lookback': 252, 'top_n': 8, 'weighting': 'equal'}",30,"['CVX', 'DOW', 'V', 'TRV', 'AXP', 'VZ', 'WMT', 'CSCO']","{'CVX': 0.7363974591651542, 'DOW': 0.6626149425287357, 'V': 0.6460692679975801, 'TRV': 0.6182174971126877, 'AXP': 0.6167856056023024, 'VZ': 0.6141466388018112, 'WMT': 0.5822357192615812, 'CSCO': 0.5813079616491594}","{'CVX': 1.0, 'DOW': 1.0, 'V': 1.0, 'TRV': 1.0, 'AXP': 1.0, 'VZ': 1.0, 'WMT': 1.0, 'CSCO': 1.0}","{'CVX': '2022-02-24', 'DOW': '2022-04-22', 'V': '2021-11-18', 'TRV': '2022-04-19', 'AXP': '2022-04-22', 'VZ': '2022-04-27', 'WMT': '2022-03-18', 'CSCO': '2022-02-22'}",0.7944,"{'formula_version': 'market-regime-cash-v1', 'benchmark': 'DIA', 'as_of_date': '2022-04-29', 'data_quality': 'complete', 'observations': 2156, 'regime': 'risk_off', 'target_cash_weight': 0.2056, 'target_equity_weight': 0.7944, 'scores': {'overheat': 0.0, 'fear': 0.122198, 'outlook': -0.369897}, 'components': {'overheat': {'distance_above_200d': 0.0, 'rsi': 0.0, 'six_month_momentum': 0.0}, 'fear': {'drawdown': 0.088291, 'rsi': 0.259882, 'realized_volatility': 0.018419}, 'outlook': {'price_vs_200d': -0.516358, '50d_vs_200d': -0.247054, 'six_month_momentum': -0.346278}}, 'metrics': {'close': 305.7706298828125, 'sma_50': 316.0466027832031, 'sma_200': 322.41900024414065, 'distance_to_sma_200': -0.051635822791838426, 'sma_50_to_sma_200': -0.01976433602272898, 'momentum_126': -0.0692555431800933, 'rsi_14': 34.802350214293, 'drawdown_from_252d_peak': -0.09942412353435526, 'realized_volatility_20': 0.20552562510782588}, 'rationale': ['중장기 추세와 모멘텀이 부정적이라 현금 확대']}",0.22414927349185823,0.0003008016604451547,1.3419702672205212
2022-05-31,2022-06-01,"{'style': 'value_quality', 'value_weight': 0.35, 'quality_weight': 0.35, 'growth_weight': 0.1, 'momentum_weight': 0.15, 'low_vol_weight': 0.05, 'momentum_lookback': 252, 'top_n': 8, 'weighting': 'equal'}",30,"['CVX', 'DOW', 'V', 'VZ', 'TRV', 'AXP', 'WMT', 'CSCO']","{'CVX': 0.7184951603145795, 'DOW': 0.7034482758620689, 'V': 0.6244026013309134, 'VZ': 0.6108133054684779, 'TRV': 0.6098841637793543, 'AXP': 0.6058085941080497, 'WMT': 0.5844579414838035, 'CSCO': 0.5742198390437955}","{'CVX': 1.0, 'DOW': 1.0, 'V': 1.0, 'VZ': 1.0, 'TRV': 1.0, 'AXP': 1.0, 'WMT': 1.0, 'CSCO': 1.0}","{'CVX': '2022-05-04', 'DOW': '2022-04-22', 'V': '2021-11-18', 'VZ': '2022-04-27', 'TRV': '2022-04-19', 'AXP': '2022-04-22', 'WMT': '2022-03-18', 'CSCO': '2022-05-25'}",0.7957,"{'formula_version': 'market-regime-cash-v1', 'benchmark': 'DIA', 'as_of_date': '2022-05-31', 'data_quality': 'complete', 'observations': 2177, 'regime': 'neutral', 'target_cash_weight': 0.2043, 'target_equity_weight': 0.7957, 'scores': {'overheat': 0.0, 'fear': 0.087477, 'outlook': -0.337019}, 'components': {'overheat': {'distance_above_200d': 0.0, 'rsi': 0.0, 'six_month_momentum': 0.0}, 'fear': {'drawdown': 0.072184, 'rsi': 0.0, 'realized_volatility': 0.190248}, 'outlook': {'price_vs_200d': -0.417487, '50d_vs_200d': -0.337615, 'six_month_momentum': -0.255955}}, 'metrics': {'close': 306.97381591796875, 'sma_50': 311.6955975341797, 'sma_200': 320.34793853759766, 'distance_to_sma_200': -0.04174873945086821, 'sma_50_to_sma_200': -0.027009198320164907, 'momentum_126': -0.051190925919375574, 'rsi_14': 59.314372237517766, 'drawdown_from_252d_peak': -0.09588042046981526, 'realized_volatility_20': 0.25707430612344884}, 'rationale': ['중장기 추세와 모멘텀이 부정적이라 현금 확대']}",0.05859979845333683,7.894793240992999e-05,1.3472389751100668
2022-06-30,2022-07-01,"{'style': 'value_quality', 'value_weight': 0.35, 'quality_weight': 0.35, 'growth_weight': 0.1, 'momentum_weight': 0.15, 'low_vol_weight': 0.05, 'momentum_lookback': 252, 'top_n': 8, 'weighting': 'equal'}",30,"['CVX', 'DOW', 'VZ', 'V', 'TRV', 'AMGN', 'AXP', 'MMM']","{'CVX': 0.7280641258318209, 'DOW': 0.6801149425287356, 'VZ': 0.6458133054684779, 'V': 0.6333681185722928, 'TRV': 0.6157174971126876, 'AMGN': 0.5920458899338209, 'AXP': 0.5798315826137967, 'MMM': 0.5676371244202459}","{'CVX': 1.0, 'DOW': 1.0, 'VZ': 1.0, 'V': 1.0, 'TRV': 1.0, 'AMGN': 1.0, 'AXP': 1.0, 'MMM': 1.0}","{'CVX': '2022-05-04', 'DOW': '2022-04-22', 'VZ': '2022-04-27', 'V': '2021-11-18', 'TRV': '2022-04-19', 'AMGN': '2022-04-28', 'AXP': '2022-04-22', 'MMM': '2022-04-26'}",0.7219,"{'formula_version': 'market-regime-cash-v1', 'benchmark': 'DIA', 'as_of_date': '2022-06-30', 'data_quality': 'complete', 'observations': 2198, 'regime': 'risk_off', 'target_cash_weight': 0.2781, 'target_equity_weight': 0.7219, 'scores': {'overheat': 0.0, 'fear': 0.208994, 'outlook': -0.797242}, 'components': {'overheat': {'distance_above_200d': 0.0, 'rsi': 0.0, 'six_month_momentum': 0.0}, 'fear': {'drawdown': 0.341862, 'rsi': 0.148325, 'realized_volatility': 0.136794}, 'outlook': {'price_vs_200d': -0.957331, '50d_vs_200d': -0.693429, 'six_month_momentum': -0.740968}}, 'metrics': {'close': 286.8298645019531, 'sma_50': 299.5997930908203, 'sma_200': 317.19601943969724, 'distance_to_sma_200': -0.09573308956204318, 'sma_50_to_sma_200': -0.05547429750209143, 'momentum_126': -0.14819353979197047, 'rsi_14': 37.03350014268524, 'drawdown_from_252d_peak': -0.15520971808388728, 'realized_volatility_20': 0.2410381009369175}, 'rationale': ['중장기 추세와 모멘텀이 부정적이라 현금 확대']}",0.43708762946466867,0.0005388722888993364,1.2328701445047312
2022-07-29,2022-08-01,"{'style': 'value_quality', 'value_weight': 0.35, 'quality_weight': 0.35, 'growth_weight': 0.1, 'momentum_weight': 0.15, 'low_vol_weight': 0.05, 'momentum_lookback': 252, 'top_n': 8, 'weighting': 'equal'}",30,"['CVX', 'DOW', 'VZ', 'TRV', 'V', 'AMGN', 'MCD', 'IBM']","{'CVX': 0.6991273442226256, 'DOW': 0.6728160919540229, 'VZ': 0.6726811215604318, 'TRV': 0.6366083017103888, 'V': 0.6273548094373865, 'AMGN': 0.5837125566004876, 'MCD': 0.5775002176941832, 'IBM': 0.5714075418431135}","{'CVX': 1.0, 'DOW': 1.0, 'VZ': 1.0, 'TRV': 1.0, 'V': 1.0, 'AMGN': 1.0, 'MCD': 1.0, 'IBM': 1.0}","{'CVX': '2022-05-04', 'DOW': '2022-07-22', 'VZ': '2022-07-28', 'TRV': '2022-07-21', 'V': '2021-11-18', 'AMGN': '2022-04-28', 'MCD': '2022-05-02', 'IBM': '2022-07-25'}",0.7224,"{'formula_version': 'market-regime-cash-v1', 'benchmark': 'DIA', 'as_of_date': '2022-07-29', 'data_quality': 'complete', 'observations': 2218, 'regime': 'risk_off', 'target_cash_weight': 0.2776, 'target_equity_weight': 0.7224, 'scores': {'overheat': 0.196224, 'fear': 0.026725, 'outlook': -0.412568}, 'components': {'overheat': {'distance_above_200d': 0.0, 'rsi': 0.588673, 'six_month_momentum': 0.0}, 'fear': {'drawdown': 0.080176, 'rsi': 0.0, 'realized_volatility': 0.0}, 'outlook': {'price_vs_200d': -0.272031, '50d_vs_200d': -0.821551, 'six_month_momentum': -0.144122}}, 'metrics': {'close': 306.3768005371094, 'sma_50': 294.24483581542967, 'sma_200': 314.94424896240236, 'distance_to_sma_200': -0.027203063569246955, 'sma_50_to_sma_200': -0.06572405501979417, 'momentum_126': -0.028824389914525295, 'rsi_14': 71.77345087270305, 'drawdown_from_252d_peak': -0.09763878964375117, 'realized_volatility_20': 0.15164123880656402}, 'rationale': ['중장기 추세와 모멘텀이 부정적이라 현금 확대']}",0.40296218293761216,0.0005086379910364483,1.2622474578841487
2022-08-31,2022-09-01,"{'style': 'value_quality', 'value_weight': 0.35, 'quality_weight': 0.35, 'growth_weight': 0.1, 'momentum_weight': 0.15, 'low_vol_weight': 0.05, 'momentum_lookback': 252, 'top_n': 8, 'weighting': 'equal'}",30,"['CVX', 'DOW', 'VZ', 'V', 'TRV', 'AMGN', 'MCD', 'WBA']","{'CVX': 0.6989261947973381, 'DOW': 0.6694827586206896, 'VZ': 0.6310144548937652, 'V': 0.6273548094373865, 'TRV': 0.6254588764230324, 'AMGN': 0.5970458899338209, 'MCD': 0.5888507924068269, 'WBA': 0.5822744046636968}","{'CVX': 1.0, 'DOW': 1.0, 'VZ': 1.0, 'V': 1.0, 'TRV': 1.0, 'AMGN': 1.0, 'MCD': 1.0, 'WBA': 1.0}","{'CVX': '2022-08-04', 'DOW': '2022-07-22', 'VZ': '2022-07-28', 'V': '2021-11-18', 'TRV': '2022-07-21', 'AMGN': '2022-08-05', 'MCD': '2022-08-04', 'WBA': '2022-06-30'}",0.7961,"{'formula_version': 'market-regime-cash-v1', 'benchmark': 'DIA', 'as_of_date': '2022-08-31', 'data_quality': 'complete', 'observations': 2241, 'regime': 'risk_off', 'target_cash_weight': 0.2039, 'target_equity_weight': 0.7961, 'scores': {'overheat': 0.0, 'fear': 0.254901, 'outlook': -0.460788}, 'components': {'overheat': {'distance_above_200d': 0.0, 'rsi': 0.0, 'six_month_momentum': 0.0}, 'fear': {'drawdown': 0.234937, 'rsi': 0.529766, 'realized_volatility': 0.0}, 'outlook': {'price_vs_200d': -0.568172, '50d_vs_200d': -0.514891, 'six_month_momentum': -0.299301}}, 'metrics': {'close': 294.8167724609375, 'sma_50': 299.7010656738281, 'sma_200': 312.57649658203127, 'distance_to_sma_200': -0.056817208956185805, 'sma_50_to_sma_200': -0.04119129572758573, 'momentum_126': -0.05986019972052403, 'rsi_14': 29.40468748430409, 'drawdown_from_252d_peak': -0.1316861486744595, 'realized_volatility_20': 0.16787390509308234}, 'rationale': ['중장기 추세와 모멘텀이 부정적이라 현금 확대']}",0.26283481376599477,0.00032470044502302915,1.235378374617124
2022-09-30,2022-10-03,"{'style': 'value_quality', 'value_weight': 0.35, 'quality_weight': 0.35, 'growth_weight': 0.1, 'momentum_weight': 0.15, 'low_vol_weight': 0.05, 'momentum_lookback': 252, 'top_n': 8, 'weighting': 'equal'}",30,"['CVX', 'DOW', 'V', 'VZ', 'TRV', 'AMGN', 'AXP', 'MCD']","{'CVX': 0.7049606775559588, 'DOW': 0.667816091954023, 'V': 0.6553720508166969, 'VZ': 0.6290029606408917, 'TRV': 0.6234761178023428, 'AMGN': 0.6030995297805642, 'AXP': 0.589333498322609, 'MCD': 0.584645811563915}","{'CVX': 1.0, 'DOW': 1.0, 'V': 1.0, 'VZ': 1.0, 'TRV': 1.0, 'AMGN': 1.0, 'AXP': 1.0, 'MCD': 1.0}","{'CVX': '2022-08-04', 'DOW': '2022-07-22', 'V': '2021-11-18', 'VZ': '2022-07-28', 'TRV': '2022-07-21', 'AMGN': '2022-08-05', 'AXP': '2022-07-22', 'MCD': '2022-08-04'}",0.7827,"{'formula_version': 'market-regime-cash-v1', 'benchmark': 'DIA', 'as_of_date': '2022-09-30', 'data_quality': 'complete', 'observations': 2262, 'regime': 'risk_off', 'target_cash_weight': 0.2173, 'target_equity_weight': 0.7827, 'scores': {'overheat': 0.0, 'fear': 0.541277, 'outlook': -0.742459}, 'components': {'overheat': {'distance_above_200d': 0.0, 'rsi': 0.0, 'six_month_momentum': 0.0}, 'fear': {'drawdown': 0.579873, 'rsi': 1.0, 'realized_volatility': 0.043959}, 'outlook': {'price_vs_200d': -1.0, '50d_vs_200d': -0.411042, 'six_month_momentum': -0.816336}}, 'metrics': {'close': 269.0514221191406, 'sma_50': 298.261796875, 'sma_200': 308.4031312561035, 'distance_to_sma_200': -0.12759828013641183, 'sma_50_to_sma_200': -0.0328833703464636, 'momentum_126': -0.16326719846629112, 'rsi_14': 15.077189483851, 'drawdown_from_252d_peak': -0.20757196208760842, 'realized_volatility_20': 0.21318776583827412}, 'rationale': ['낙폭·과매도·실현변동성의 공포 점수가 현금 확대 폭을 상쇄', '중장기 추세와 모멘텀이 부정적이라 현금 확대']}",0.20924204927600262,0.00024340091108044685,1.1632504648211826
2022-10-31,2022-11-01,"{'style': 'value_quality', 'value_weight': 0.35, 'quality_weight': 0.35, 'growth_weight': 0.1, 'momentum_weight': 0.15, 'low_vol_weight': 0.05, 'momentum_lookback': 252, 'top_n': 8, 'weighting': 'equal'}",30,"['CVX', 'DOW', 'VZ', 'V', 'TRV', 'AMGN', 'MMM', 'AXP']","{'CVX': 0.6747020568663037, 'DOW': 0.6713505747126436, 'VZ': 0.6471064089167536, 'V': 0.6366938898971566, 'TRV': 0.6149991063080898, 'AMGN': 0.5901397596656217, 'MMM': 0.5844509981851179, 'AXP': 0.5742798584758657}","{'CVX': 1.0, 'DOW': 1.0, 'VZ': 1.0, 'V': 1.0, 'TRV': 1.0, 'AMGN': 1.0, 'MMM': 1.0, 'AXP': 1.0}","{'CVX': '2022-08-04', 'DOW': '2022-10-21', 'VZ': '2022-10-25', 'V': '2021-11-18', 'TRV': '2022-10-19', 'AMGN': '2022-08-05', 'MMM': '2022-10-25', 'AXP': '2022-10-21'}",0.7436,"{'formula_version': 'market-regime-cash-v1', 'benchmark': 'DIA', 'as_of_date': '2022-10-31', 'data_quality': 'complete', 'observations': 2283, 'regime': 'neutral', 'target_cash_weight': 0.2564, 'target_equity_weight': 0.7436, 'scores': {'overheat': 0.333333, 'fear': 0.055549, 'outlook': -0.157001}, 'components': {'overheat': {'distance_above_200d': 0.0, 'rsi': 1.0, 'six_month_momentum': 0.0}, 'fear': {'drawdown': 0.074417, 'rsi': 0.0, 'realized_volatility': 0.092229}, 'outlook': {'price_vs_200d': 0.109321, '50d_vs_200d': -0.581343, 'six_month_momentum': 0.001019}}, 'metrics': {'close': 306.8070068359375, 'sma_50': 289.37472961425783, 'sma_200': 303.48923461914063, 'distance_to_sma_200': 0.010932091943756994, 'sma_50_to_sma_200': -0.04650743220791864, 'momentum_126': 0.00020375262998073573, 'rsi_14': 85.37735048592482, 'drawdown_from_252d_peak': -0.09637171760751062, 'realized_volatility_20': 0.2276687161651057}, 'rationale': ['과열·공포·전망 신호가 중립 범위라 기준 현금비중에 근접']}",0.25488919408097355,0.00032833563493215575,1.2881504691322836
2022-11-30,2022-12-01,"{'style': 'value_quality', 'value_weight': 0.35, 'quality_weight': 0.35, 'growth_weight': 0.1, 'momentum_weight': 0.15, 'low_vol_weight': 0.05, 'momentum_lookback': 252, 'top_n': 8, 'weighting': 'equal'}",30,"['V', 'CVX', 'DOW', 'VZ', 'TRV', 'AMGN', 'MMM', 'AXP']","{'V': 0.7163558681185722, 'CVX': 0.6957365396249243, 'DOW': 0.679683908045977, 'VZ': 0.6295489376523858, 'TRV': 0.6182749683770554, 'AMGN': 0.6062508707767328, 'MMM': 0.5889720709820528, 'AXP': 0.5781687473647545}","{'V': 1.0, 'CVX': 1.0, 'DOW': 1.0, 'VZ': 1.0, 'TRV': 1.0, 'AMGN': 1.0, 'MMM': 1.0, 'AXP': 1.0}","{'V': '2022-11-16', 'CVX': '2022-11-03', 'DOW': '2022-10-21', 'VZ': '2022-10-25', 'TRV': '2022-10-19', 'AMGN': '2022-11-04', 'MMM': '2022-10-25', 'AXP': '2022-10-21'}",0.7834,"{'formula_version': 'market-regime-cash-v1', 'benchmark': 'DIA', 'as_of_date': '2022-11-30', 'data_quality': 'complete', 'observations': 2304, 'regime': 'neutral', 'target_cash_weight': 0.2166, 'target_equity_weight': 0.7834, 'scores': {'overheat': 0.377735, 'fear': 0.006573, 'outlook': 0.268139}, 'components': {'overheat': {'distance_above_200d': 0.162734, 'rsi': 0.970473, 'six_month_momentum': 0.0}, 'fear': {'drawdown': 0.0, 'rsi': 0.0, 'realized_volatility': 0.019719}, 'outlook': {'price_vs_200d': 0.7441, '50d_vs_200d': -0.263226, 'six_month_momentum': 0.323544}}, 'metrics': {'close': 325.0164794921875, 'sma_50': 296.1367120361328, 'sma_200': 302.5069293212891, 'distance_to_sma_200': 0.07441003160291682, 'sma_50_to_sma_200': -0.021058087163321026, 'momentum_126': 0.06470874800194792, 'rsi_14': 79.40945214932873, 'drawdown_from_252d_peak': -0.04273997474304869, 'realized_volatility_20': 0.20591570986837637}, 'rationale': ['가격의 장기 추세 이격·RSI·6개월 상승률이 과열 현금 확대 요인', '200일 추세·50/200일 추세·6개월 모멘텀이 긍정적이라 현금 축소']}",0.032975576581405854,4.3869155635872425e-05,1.3303529516026478
2022-12-30,2023-01-03,"{'style': 'growth_momentum', 'value_weight': 0.1, 'quality_weight': 0.2, 'growth_weight': 0.3, 'momentum_weight': 0.35, 'low_vol_weight': 0.05, 'momentum_lookback': 126, 'top_n': 12, 'weighting': 'equal'}",30,"['MRK', 'MCD', 'CVX', 'GS', 'CAT', 'V', 'HD', 'UNH', 'CSCO', 'TRV', 'AXP', 'AMGN']","{'MRK': 0.7103448275862069, 'MCD': 0.699504776832363, 'CVX': 0.687005444646098, 'GS': 0.6830438164376459, 'CAT': 0.6239659310240072, 'V': 0.6227616454930429, 'HD': 0.5897841390309629, 'UNH': 0.5787020057981945, 'CSCO': 0.5736308954203692, 'TRV': 0.5683410328328659, 'AXP': 0.5646788025445013, 'AMGN': 0.5604493207941484}","{'MRK': 1.0, 'MCD': 1.0, 'CVX': 1.0, 'GS': 1.0, 'CAT': 1.0, 'V': 1.0, 'HD': 1.0, 'UNH': 1.0, 'CSCO': 1.0, 'TRV': 1.0, 'AXP': 1.0, 'AMGN': 1.0}","{'MRK': '2022-11-03', 'MCD': '2022-11-07', 'CVX': '2022-11-03', 'GS': '2022-11-03', 'CAT': '2022-11-02', 'V': '2022-11-16', 'HD': '2022-11-22', 'UNH': '2022-11-02', 'CSCO': '2022-11-22', 'TRV': '2022-10-19', 'AXP': '2022-10-21', 'AMGN': '2022-11-04'}",0.8849,"{'formula_version': 'market-regime-cash-v1', 'benchmark': 'DIA', 'as_of_date': '2022-12-30', 'data_quality': 'complete', 'observations': 2325, 'regime': 'neutral', 'target_cash_weight': 0.1151, 'target_equity_weight': 0.8849, 'scores': {'overheat': 0.0, 'fear': 0.002507, 'outlook': 0.345362}, 'components': {'overheat': {'distance_above_200d': 0.0, 'rsi': 0.0, 'six_month_momentum': 0.0}, 'fear': {'drawdown': 0.007521, 'rsi': 0.0, 'realized_volatility': 0.0}, 'outlook': {'price_vs_200d': 0.294432, '50d_vs_200d': 0.359293, 'six_month_momentum': 0.382362}}, 'metrics': {'close': 311.8038635253906, 'sma_50': 311.59190368652344, 'sma_200': 302.88592575073244, 'distance_to_sma_200': 0.02944322273329214, 'sma_50_to_sma_200': 0.028743421848381967, 'momentum_126': 0.07647237561901021, 'rsi_14': 45.87143472107176, 'drawdown_from_252d_peak': -0.08165464489715213, 'realized_volatility_20': 0.15689936652364508}, 'rationale': ['200일 추세·50/200일 추세·6개월 모멘텀이 긍정적이라 현금 축소']}",0.9247330287977009,0.0011969473769875853,1.2943707423793505
2023-01-31,2023-02-01,"{'style': 'growth_momentum', 'value_weight': 0.1, 'quality_weight': 0.2, 'growth_weight': 0.3, 'momentum_weight': 0.35, 'low_vol_weight': 0.05, 'momentum_lookback': 126, 'top_n': 12, 'weighting': 'equal'}",30,"['CVX', 'CAT', 'MRK', 'MCD', 'HD', 'AXP', 'GS', 'V', 'DOW', 'TRV', 'HON', 'JPM']","{'CVX': 0.8444000806614237, 'CAT': 0.7382143263068852, 'MRK': 0.6771264367816092, 'MCD': 0.638256829377519, 'HD': 0.6253327283726557, 'AXP': 0.6234154299018183, 'GS': 0.6230438164376458, 'V': 0.6210949788263763, 'DOW': 0.5889655172413794, 'TRV': 0.5822804267722598, 'HON': 0.5732567049808429, 'JPM': 0.5417523694293205}","{'CVX': 1.0, 'CAT': 1.0, 'MRK': 1.0, 'MCD': 1.0, 'HD': 1.0, 'AXP': 1.0, 'GS': 1.0, 'V': 1.0, 'DOW': 1.0, 'TRV': 1.0, 'HON': 1.0, 'JPM': 1.0}","{'CVX': '2022-11-03', 'CAT': '2022-11-02', 'MRK': '2022-11-03', 'MCD': '2022-11-07', 'HD': '2022-11-22', 'AXP': '2022-10-21', 'GS': '2022-11-03', 'V': '2022-11-16', 'DOW': '2022-10-21', 'TRV': '2022-10-19', 'HON': '2022-10-27', 'JPM': '2022-11-03'}",0.8917,"{'formula_version': 'market-regime-cash-v1', 'benchmark': 'DIA', 'as_of_date': '2023-01-31', 'data_quality': 'complete', 'observations': 2345, 'regime': 'risk_on', 'target_cash_weight': 0.1083, 'target_equity_weight': 0.8917, 'scores': {'overheat': 0.025682, 'fear': 0.0, 'outlook': 0.481628}, 'components': {'overheat': {'distance_above_200d': 0.077045, 'rsi': 0.0, 'six_month_momentum': 0.0}, 'fear': {'drawdown': 0.0, 'rsi': 0.0, 'realized_volatility': 0.0}, 'outlook': {'price_vs_200d': 0.615568, '50d_vs_200d': 0.580505, 'six_month_momentum': 0.24881}}, 'metrics': {'close': 321.015869140625, 'sma_50': 316.4446484375, 'sma_200': 302.4010340881348, 'distance_to_sma_200': 0.06155678372139728, 'sma_50_to_sma_200': 0.04644036483444092, 'momentum_126': 0.0497620257530329, 'rsi_14': 55.75045723037794, 'drawdown_from_252d_peak': -0.02828168672679854, 'realized_volatility_20': 0.14465991758573793}, 'rationale': ['200일 추세·50/200일 추세·6개월 모멘텀이 긍정적이라 현금 축소']}",0.46298952308283936,0.0006101824595754329,1.3179185038842818
2023-02-28,2023-03-01,"{'style': 'growth_momentum', 'value_weight': 0.1, 'quality_weight': 0.2, 'growth_weight': 0.3, 'momentum_weight': 0.35, 'low_vol_weight': 0.05, 'momentum_lookback': 126, 'top_n': 12, 'weighting': 'equal'}",30,"['CVX', 'V', 'CAT', 'MRK', 'DOW', 'AXP', 'TRV', 'CSCO', 'HD', 'JPM', 'WMT', 'NKE']","{'CVX': 0.878598507763662, 'V': 0.7377041742286752, 'CAT': 0.7023234208824045, 'MRK': 0.6812068965517242, 'DOW': 0.6771264367816092, 'AXP': 0.632161561165191, 'TRV': 0.6148787328823626, 'CSCO': 0.5829948800946986, 'HD': 0.5824016938898972, 'JPM': 0.5661554748941319, 'WMT': 0.5628510474200129, 'NKE': 0.562824302134647}","{'CVX': 1.0, 'V': 1.0, 'CAT': 1.0, 'MRK': 1.0, 'DOW': 1.0, 'AXP': 1.0, 'TRV': 1.0, 'CSCO': 1.0, 'HD': 1.0, 'JPM': 1.0, 'WMT': 1.0, 'NKE': 1.0}","{'CVX': '2023-02-23', 'V': '2022-11-16', 'CAT': '2023-02-15', 'MRK': '2023-02-24', 'DOW': '2023-02-01', 'AXP': '2023-02-10', 'TRV': '2023-02-16', 'CSCO': '2023-02-21', 'HD': '2022-11-22', 'JPM': '2023-02-21', 'WMT': '2022-12-01', 'NKE': '2022-07-21'}",0.9055,"{'formula_version': 'market-regime-cash-v1', 'benchmark': 'DIA', 'as_of_date': '2023-02-28', 'data_quality': 'complete', 'observations': 2364, 'regime': 'neutral', 'target_cash_weight': 0.0945, 'target_equity_weight': 0.9055, 'scores': {'overheat': 0.0, 'fear': 0.192013, 'outlook': 0.266997}, 'components': {'overheat': {'distance_above_200d': 0.0, 'rsi': 0.0, 'six_month_momentum': 0.0}, 'fear': {'drawdown': 0.0, 'rsi': 0.576039, 'realized_volatility': 0.0}, 'outlook': {'price_vs_200d': 0.169048, '50d_vs_200d': 0.524639, 'six_month_momentum': 0.107304}}, 'metrics': {'close': 308.0890808105469, 'sma_50': 315.68336486816406, 'sma_200': 302.9674719238281, 'distance_to_sma_200': 0.016904814415213743, 'sma_50_to_sma_200': 0.041971149125649365, 'momentum_126': 0.021460719983964927, 'rsi_14': 28.479227718691618, 'drawdown_from_252d_peak': -0.0585295456156254, 'realized_volatility_20': 0.12851774970520946}, 'rationale': ['200일 추세·50/200일 추세·6개월 모멘텀이 긍정적이라 현금 축소']}",0.46768968947821477,0.0005989811457828059,1.2807234353424992
2023-03-31,2023-04-03,"{'style': 'growth_momentum', 'value_weight': 0.1, 'quality_weight': 0.2, 'growth_weight': 0.3, 'momentum_weight': 0.35, 'low_vol_weight': 0.05, 'momentum_lookback': 126, 'top_n': 12, 'weighting': 'equal'}",30,"['V', 'CVX', 'MRK', 'CAT', 'DOW', 'AXP', 'CSCO', 'JPM', 'TRV', 'NKE', 'CRM', 'WMT']","{'V': 0.7660375075620084, 'CVX': 0.7356674732809034, 'MRK': 0.7147126436781609, 'CAT': 0.7011712588681736, 'DOW': 0.6886781609195403, 'AXP': 0.6657247795559955, 'CSCO': 0.6150446885238173, 'JPM': 0.5667110304496874, 'TRV': 0.5615453995490293, 'NKE': 0.5557991242474001, 'CRM': 0.5542073469986356, 'WMT': 0.5438158680400059}","{'V': 1.0, 'CVX': 1.0, 'MRK': 1.0, 'CAT': 1.0, 'DOW': 1.0, 'AXP': 1.0, 'CSCO': 1.0, 'JPM': 1.0, 'TRV': 1.0, 'NKE': 1.0, 'CRM': 1.0, 'WMT': 1.0}","{'V': '2022-11-16', 'CVX': '2023-02-23', 'MRK': '2023-02-24', 'CAT': '2023-02-15', 'DOW': '2023-02-01', 'AXP': '2023-02-10', 'CSCO': '2023-02-21', 'JPM': '2023-02-21', 'TRV': '2023-02-16', 'NKE': '2022-07-21', 'CRM': '2023-03-08', 'WMT': '2023-03-17'}",0.8496,"{'formula_version': 'market-regime-cash-v1', 'benchmark': 'DIA', 'as_of_date': '2023-03-31', 'data_quality': 'complete', 'observations': 2387, 'regime': 'risk_on', 'target_cash_weight': 0.1504, 'target_equity_weight': 0.8496, 'scores': {'overheat': 0.196868, 'fear': 0.0, 'outlook': 0.487994}, 'components': {'overheat': {'distance_above_200d': 0.0, 'rsi': 0.424731, 'six_month_momentum': 0.165874}, 'fear': {'drawdown': 0.0, 'rsi': 0.0, 'realized_volatility': 0.0}, 'outlook': {'price_vs_200d': 0.3543, '50d_vs_200d': 0.360872, 'six_month_momentum': 0.748811}}, 'metrics': {'close': 314.6317749023437, 'sma_50': 312.6383355712891, 'sma_200': 303.8658090209961, 'distance_to_sma_200': 0.03543000088109194, 'sma_50_to_sma_200': 0.028869738844776727, 'momentum_126': 0.14976215422309358, 'rsi_14': 68.49461953816102, 'drawdown_from_252d_peak': -0.03494909729020934, 'realized_volatility_20': 0.16384758126825993}, 'rationale': ['200일 추세·50/200일 추세·6개월 모멘텀이 긍정적이라 현금 축소']}",0.201300326385591,0.0002573456089956604,1.2784162530502539
2023-04-28,2023-05-01,"{'style': 'growth_momentum', 'value_weight': 0.1, 'quality_weight': 0.2, 'growth_weight': 0.3, 'momentum_weight': 0.35, 'low_vol_weight': 0.05, 'momentum_lookback': 126, 'top_n': 12, 'weighting': 'equal'}",30,"['V', 'CVX', 'CSCO', 'CAT', 'DOW', 'MSFT', 'MRK', 'AXP', 'NKE', 'CRM', 'BA', 'PG']","{'V': 0.8260375075620084, 'CVX': 0.7740008066142368, 'CSCO': 0.7017113551904841, 'CAT': 0.6900984619333077, 'DOW': 0.6770114942528735, 'MSFT': 0.6563186833332023, 'MRK': 0.6479885057471264, 'AXP': 0.6218742048433519, 'NKE': 0.590719759168035, 'CRM': 0.5786901056193252, 'BA': 0.5239429765636662, 'PG': 0.5154331832716588}","{'V': 1.0, 'CVX': 1.0, 'CSCO': 1.0, 'CAT': 1.0, 'DOW': 1.0, 'MSFT': 1.0, 'MRK': 1.0, 'AXP': 1.0, 'NKE': 1.0, 'CRM': 1.0, 'BA': 1.0, 'PG': 1.0}","{'V': '2022-11-16', 'CVX': '2023-02-23', 'CSCO': '2023-02-21', 'CAT': '2023-02-15', 'DOW': '2023-04-26', 'MSFT': '2023-04-25', 'MRK': '2023-02-24', 'AXP': '2023-04-21', 'NKE': '2022-07-21', 'CRM': '2023-03-08', 'BA': '2023-04-26', 'PG': '2023-04-21'}",0.8845000000000001,"{'formula_version': 'market-regime-cash-v1', 'benchmark': 'DIA', 'as_of_date': '2023-04-28', 'data_quality': 'complete', 'observations': 2406, 'regime': 'risk_on', 'target_cash_weight': 0.1155, 'target_equity_weight': 0.8845, 'scores': {'overheat': 0.016605, 'fear': 0.0, 'outlook': 0.386725}, 'components': {'overheat': {'distance_above_200d': 0.012235, 'rsi': 0.037581, 'six_month_momentum': 0.0}, 'fear': {'drawdown': 0.0, 'rsi': 0.0, 'realized_volatility': 0.0}, 'outlook': {'price_vs_200d': 0.518353, '50d_vs_200d': 0.232443, 'six_month_momentum': 0.409379}}, 'metrics': {'close': 322.7627868652344, 'sma_50': 312.56291625976564, 'sma_200': 306.8567713928223, 'distance_to_sma_200': 0.05183530870188946, 'sma_50_to_sma_200': 0.01859546667666212, 'momentum_126': 0.08187577531359569, 'rsi_14': 60.75162087389923, 'drawdown_from_252d_peak': -0.006934087251435184, 'realized_volatility_20': 0.1085511105320632}, 'rationale': ['200일 추세·50/200일 추세·6개월 모멘텀이 긍정적이라 현금 축소']}",0.4828586741192487,0.0006248980185087235,1.2941633898335978
2023-05-31,2023-06-01,"{'style': 'growth_momentum', 'value_weight': 0.1, 'quality_weight': 0.2, 'growth_weight': 0.3, 'momentum_weight': 0.35, 'low_vol_weight': 0.05, 'momentum_lookback': 126, 'top_n': 12, 'weighting': 'equal'}",30,"['V', 'MSFT', 'MRK', 'DOW', 'AAPL', 'NKE', 'PG', 'CVX', 'KO', 'AXP', 'CRM', 'CSCO']","{'V': 0.7644283121597095, 'MSFT': 0.762985349999869, 'MRK': 0.6696551724137931, 'DOW': 0.6620114942528735, 'AAPL': 0.6532470203722472, 'NKE': 0.651231527093596, 'PG': 0.6448365768129833, 'CVX': 0.6156674732809034, 'KO': 0.5692371995820271, 'AXP': 0.5674297603989074, 'CRM': 0.5663912550446125, 'CSCO': 0.5467113551904841}","{'V': 1.0, 'MSFT': 1.0, 'MRK': 1.0, 'DOW': 1.0, 'AAPL': 1.0, 'NKE': 1.0, 'PG': 1.0, 'CVX': 1.0, 'KO': 1.0, 'AXP': 1.0, 'CRM': 1.0, 'CSCO': 1.0}","{'V': '2022-11-16', 'MSFT': '2023-04-25', 'MRK': '2023-05-05', 'DOW': '2023-04-26', 'AAPL': '2023-05-05', 'NKE': '2022-07-21', 'PG': '2023-04-21', 'CVX': '2023-05-04', 'KO': '2023-04-26', 'AXP': '2023-04-21', 'CRM': '2023-03-08', 'CSCO': '2023-05-24'}",0.8636999999999999,"{'formula_version': 'market-regime-cash-v1', 'benchmark': 'DIA', 'as_of_date': '2023-05-31', 'data_quality': 'complete', 'observations': 2428, 'regime': 'neutral', 'target_cash_weight': 0.1363, 'target_equity_weight': 0.8637, 'scores': {'overheat': 0.0, 'fear': 0.015776, 'outlook': 0.112915}, 'components': {'overheat': {'distance_above_200d': 0.0, 'rsi': 0.0, 'six_month_momentum': 0.0}, 'fear': {'drawdown': 0.0, 'rsi': 0.047329, 'realized_volatility': 0.0}, 'outlook': {'price_vs_200d': 0.133885, '50d_vs_200d': 0.287917, 'six_month_momentum': -0.083058}}, 'metrics': {'close': 312.5445251464844, 'sma_50': 315.51916870117185, 'sma_200': 308.41531967163087, 'distance_to_sma_200': 0.013388457743441107, 'sma_50_to_sma_200': 0.023033385751085378, 'momentum_126': -0.016611615004522573, 'rsi_14': 39.05341178145382, 'drawdown_from_252d_peak': -0.038373298379176246, 'realized_volatility_20': 0.11271058370975197}, 'rationale': ['과열·공포·전망 신호가 중립 범위라 기준 현금비중에 근접']}",0.3387899777433969,0.0004246101646255555,1.2533138301604652
2023-06-30,2023-07-03,"{'style': 'growth_momentum', 'value_weight': 0.1, 'quality_weight': 0.2, 'growth_weight': 0.3, 'momentum_weight': 0.35, 'low_vol_weight': 0.05, 'momentum_lookback': 126, 'top_n': 12, 'weighting': 'equal'}",30,"['V', 'MSFT', 'AAPL', 'AXP', 'CSCO', 'MRK', 'DOW', 'CVX', 'CRM', 'UNH', 'KO', 'PG']","{'V': 0.7977616454930428, 'MSFT': 0.7763186833332024, 'AAPL': 0.722176960164256, 'AXP': 0.6707630937322407, 'CSCO': 0.6456002440793729, 'MRK': 0.6313218390804598, 'DOW': 0.6220114942528736, 'CVX': 0.6206674732809034, 'CRM': 0.6025406803319688, 'UNH': 0.5541533666978313, 'KO': 0.5486022789471066, 'PG': 0.5398365768129834}","{'V': 1.0, 'MSFT': 1.0, 'AAPL': 1.0, 'AXP': 1.0, 'CSCO': 1.0, 'MRK': 1.0, 'DOW': 1.0, 'CVX': 1.0, 'CRM': 1.0, 'UNH': 1.0, 'KO': 1.0, 'PG': 1.0}","{'V': '2022-11-16', 'MSFT': '2023-04-25', 'AAPL': '2023-05-05', 'AXP': '2023-04-21', 'CSCO': '2023-05-24', 'MRK': '2023-05-05', 'DOW': '2023-04-26', 'CVX': '2023-05-04', 'CRM': '2023-06-01', 'UNH': '2023-05-03', 'KO': '2023-04-26', 'PG': '2023-04-21'}",0.8835,"{'formula_version': 'market-regime-cash-v1', 'benchmark': 'DIA', 'as_of_date': '2023-06-30', 'data_quality': 'complete', 'observations': 2449, 'regime': 'risk_on', 'target_cash_weight': 0.1165, 'target_equity_weight': 0.8835, 'scores': {'overheat': 0.021378, 'fear': 0.0, 'outlook': 0.388198}, 'components': {'overheat': {'distance_above_200d': 0.022016, 'rsi': 0.042117, 'six_month_momentum': 0.0}, 'fear': {'drawdown': 0.0, 'rsi': 0.0, 'realized_volatility': 0.0}, 'outlook': {'price_vs_200d': 0.533025, '50d_vs_200d': 0.345915, 'six_month_momentum': 0.285655}}, 'metrics': {'close': 326.8718566894531, 'sma_50': 318.9183203125, 'sma_200': 310.33048126220706, 'distance_to_sma_200': 0.05330245150256374, 'sma_50_to_sma_200': 0.027673205079190355, 'momentum_126': 0.05713090359908257, 'rsi_14': 60.84234853932818, 'drawdown_from_252d_peak': -0.0004190220324398197, 'realized_volatility_20': 0.11360713243704963}, 'rationale': ['200일 추세·50/200일 추세·6개월 모멘텀이 긍정적이라 현금 축소']}",0.16953984452155033,0.0002222057597696055,1.3106403417832602
2023-07-31,2023-08-01,"{'style': 'growth_momentum', 'value_weight': 0.1, 'quality_weight': 0.2, 'growth_weight': 0.3, 'momentum_weight': 0.35, 'low_vol_weight': 0.05, 'momentum_lookback': 126, 'top_n': 12, 'weighting': 'equal'}",30,"['V', 'AAPL', 'AXP', 'MSFT', 'CSCO', 'CVX', 'DOW', 'DIS', 'CRM', 'MRK', 'WMT', 'CAT']","{'V': 0.8210375075620084, 'AAPL': 0.7524309284182242, 'AXP': 0.6973914462226622, 'MSFT': 0.6839382782976249, 'CSCO': 0.6381098226234342, 'CVX': 0.6295563621697923, 'DOW': 0.6253448275862069, 'DIS': 0.6027533960292581, 'CRM': 0.6025406803319688, 'MRK': 0.6014942528735632, 'WMT': 0.5792400607055779, 'CAT': 0.532824241900467}","{'V': 1.0, 'AAPL': 1.0, 'AXP': 1.0, 'MSFT': 1.0, 'CSCO': 1.0, 'CVX': 1.0, 'DOW': 1.0, 'DIS': 1.0, 'CRM': 1.0, 'MRK': 1.0, 'WMT': 1.0, 'CAT': 1.0}","{'V': '2022-11-16', 'AAPL': '2023-05-05', 'AXP': '2023-07-25', 'MSFT': '2023-07-27', 'CSCO': '2023-05-24', 'CVX': '2023-05-04', 'DOW': '2023-07-26', 'DIS': '2023-05-10', 'CRM': '2023-06-01', 'MRK': '2023-05-05', 'WMT': '2023-06-02', 'CAT': '2023-05-03'}",0.7994000000000001,"{'formula_version': 'market-regime-cash-v1', 'benchmark': 'DIA', 'as_of_date': '2023-07-31', 'data_quality': 'complete', 'observations': 2469, 'regime': 'risk_on', 'target_cash_weight': 0.2006, 'target_equity_weight': 0.7994, 'scores': {'overheat': 0.383422, 'fear': 0.0, 'outlook': 0.452804}, 'components': {'overheat': {'distance_above_200d': 0.150266, 'rsi': 1.0, 'six_month_momentum': 0.0}, 'fear': {'drawdown': 0.0, 'rsi': 0.0, 'realized_volatility': 0.0}, 'outlook': {'price_vs_200d': 0.725398, '50d_vs_200d': 0.345339, 'six_month_momentum': 0.287676}}, 'metrics': {'close': 338.2705078125, 'sma_50': 324.1054052734375, 'sma_200': 315.3920246887207, 'distance_to_sma_200': 0.07253982768384648, 'sma_50_to_sma_200': 0.027627143055746428, 'momentum_126': 0.05753516300638872, 'rsi_14': 86.24874821929788, 'drawdown_from_252d_peak': 0.0, 'realized_volatility_20': 0.08219606312695653}, 'rationale': ['가격의 장기 추세 이격·RSI·6개월 상승률이 과열 현금 확대 요인', '200일 추세·50/200일 추세·6개월 모멘텀이 긍정적이라 현금 축소']}",0.4860688758728897,0.0006485017792541526,1.334176721538822
2023-08-31,2023-09-01,"{'style': 'growth_momentum', 'value_weight': 0.1, 'quality_weight': 0.2, 'growth_weight': 0.3, 'momentum_weight': 0.35, 'low_vol_weight': 0.05, 'momentum_lookback': 126, 'top_n': 12, 'weighting': 'equal'}",30,"['AAPL', 'V', 'MSFT', 'CVX', 'CAT', 'CSCO', 'WMT', 'CRM', 'PG', 'UNH', 'KO', 'MRK']","{'AAPL': 0.7640182300055258, 'V': 0.7277041742286751, 'MSFT': 0.7061605005198471, 'CVX': 0.6745563621697923, 'CAT': 0.6434208483591424, 'CSCO': 0.6412849731434124, 'WMT': 0.6259067273722446, 'CRM': 0.5892073469986355, 'PG': 0.5833872062601645, 'UNH': 0.5688879041909894, 'KO': 0.5543521421107628, 'MRK': 0.5513793103448276}","{'AAPL': 1.0, 'V': 1.0, 'MSFT': 1.0, 'CVX': 1.0, 'CAT': 1.0, 'CSCO': 1.0, 'WMT': 1.0, 'CRM': 1.0, 'PG': 1.0, 'UNH': 1.0, 'KO': 1.0, 'MRK': 1.0}","{'AAPL': '2023-08-04', 'V': '2022-11-16', 'MSFT': '2023-07-27', 'CVX': '2023-08-03', 'CAT': '2023-08-02', 'CSCO': '2023-05-24', 'WMT': '2023-06-02', 'CRM': '2023-08-31', 'PG': '2023-08-04', 'UNH': '2023-08-02', 'KO': '2023-07-27', 'MRK': '2023-08-07'}",0.8871,"{'formula_version': 'market-regime-cash-v1', 'benchmark': 'DIA', 'as_of_date': '2023-08-31', 'data_quality': 'complete', 'observations': 2492, 'regime': 'risk_on', 'target_cash_weight': 0.1129, 'target_equity_weight': 0.8871, 'scores': {'overheat': 0.0, 'fear': 0.0, 'outlook': 0.37126}, 'components': {'overheat': {'distance_above_200d': 0.0, 'rsi': 0.0, 'six_month_momentum': 0.0}, 'fear': {'drawdown': 0.0, 'rsi': 0.0, 'realized_volatility': 0.0}, 'outlook': {'price_vs_200d': 0.374721, '50d_vs_200d': 0.42409, 'six_month_momentum': 0.314968}}, 'metrics': {'close': 331.3777770996094, 'sma_50': 330.2454864501953, 'sma_200': 319.4088415527344, 'distance_to_sma_200': 0.03747214851251668, 'sma_50_to_sma_200': 0.03392719138512579, 'momentum_126': 0.06299360133590448, 'rsi_14': 41.26026181495452, 'drawdown_from_252d_peak': -0.02210871243409185, 'realized_volatility_20': 0.10029986763074057}, 'rationale': ['200일 추세·50/200일 추세·6개월 모멘텀이 긍정적이라 현금 축소']}",0.467386246602549,0.0006241937309067186,1.3354987132035014
2023-09-29,2023-10-02,"{'style': 'growth_momentum', 'value_weight': 0.1, 'quality_weight': 0.2, 'growth_weight': 0.3, 'momentum_weight': 0.35, 'low_vol_weight': 0.05, 'momentum_lookback': 126, 'top_n': 12, 'weighting': 'equal'}",30,"['CSCO', 'V', 'AAPL', 'CVX', 'MSFT', 'WMT', 'CAT', 'HD', 'AMGN', 'CRM', 'MRK', 'PG']","{'CSCO': 0.7784502714466418, 'V': 0.7609800362976407, 'AAPL': 0.7271331725342615, 'CVX': 0.7005333736640452, 'MSFT': 0.6976087763819161, 'WMT': 0.6175022391401701, 'CAT': 0.6023480514242765, 'HD': 0.5921143375680581, 'AMGN': 0.5838495795392348, 'CRM': 0.5761613699871413, 'MRK': 0.5713793103448276, 'PG': 0.5586745625820035}","{'CSCO': 1.0, 'V': 1.0, 'AAPL': 1.0, 'CVX': 1.0, 'MSFT': 1.0, 'WMT': 1.0, 'CAT': 1.0, 'HD': 1.0, 'AMGN': 1.0, 'CRM': 1.0, 'MRK': 1.0, 'PG': 1.0}","{'CSCO': '2023-09-07', 'V': '2022-11-16', 'AAPL': '2023-08-04', 'CVX': '2023-08-03', 'MSFT': '2023-07-27', 'WMT': '2023-09-01', 'CAT': '2023-08-02', 'HD': '2023-08-22', 'AMGN': '2023-08-04', 'CRM': '2023-08-31', 'MRK': '2023-08-07', 'PG': '2023-08-04'}",0.9105,"{'formula_version': 'market-regime-cash-v1', 'benchmark': 'DIA', 'as_of_date': '2023-09-29', 'data_quality': 'complete', 'observations': 2512, 'regime': 'neutral', 'target_cash_weight': 0.0895, 'target_equity_weight': 0.9105, 'scores': {'overheat': 0.0, 'fear': 0.279922, 'outlook': 0.184742}, 'components': {'overheat': {'distance_above_200d': 0.0, 'rsi': 0.0, 'six_month_momentum': 0.0}, 'fear': {'drawdown': 0.0, 'rsi': 0.839765, 'realized_volatility': 0.0}, 'outlook': {'price_vs_200d': -0.011555, '50d_vs_200d': 0.416871, 'six_month_momentum': 0.148909}}, 'metrics': {'close': 319.9693298339844, 'sma_50': 331.02270141601565, 'sma_200': 320.33948471069334, 'distance_to_sma_200': -0.0011555081230253395, 'sma_50_to_sma_200': 0.03334967188003879, 'momentum_126': 0.029781768576847556, 'rsi_14': 23.204705203017397, 'drawdown_from_252d_peak': -0.0557748842678063, 'realized_volatility_20': 0.08279603527872409}, 'rationale': ['과열·공포·전망 신호가 중립 범위라 기준 현금비중에 근접']}",0.3428129340455783,0.00043969340650256295,1.282604484357361
2023-10-31,2023-11-01,"{'style': 'growth_momentum', 'value_weight': 0.1, 'quality_weight': 0.2, 'growth_weight': 0.3, 'momentum_weight': 0.35, 'low_vol_weight': 0.05, 'momentum_lookback': 126, 'top_n': 12, 'weighting': 'equal'}",30,"['CVX', 'V', 'CSCO', 'CAT', 'MSFT', 'UNH', 'AMGN', 'AAPL', 'WMT', 'IBM', 'MRK', 'JPM']","{'CVX': 0.7999586610203671, 'V': 0.7374742891712038, 'CSCO': 0.7339647760990774, 'CAT': 0.7112451504937893, 'MSFT': 0.7072612120688345, 'UNH': 0.6962496994838193, 'AMGN': 0.695206996069065, 'AAPL': 0.6648315852326742, 'WMT': 0.6285339851719162, 'IBM': 0.5639421830438165, 'MRK': 0.5613793103448276, 'JPM': 0.5583010687638637}","{'CVX': 1.0, 'V': 1.0, 'CSCO': 1.0, 'CAT': 1.0, 'MSFT': 1.0, 'UNH': 1.0, 'AMGN': 1.0, 'AAPL': 1.0, 'WMT': 1.0, 'IBM': 1.0, 'MRK': 1.0, 'JPM': 1.0}","{'CVX': '2023-08-03', 'V': '2022-11-16', 'CSCO': '2023-09-07', 'CAT': '2023-08-02', 'MSFT': '2023-10-24', 'UNH': '2023-08-02', 'AMGN': '2023-10-31', 'AAPL': '2023-08-04', 'WMT': '2023-09-01', 'IBM': '2023-10-31', 'MRK': '2023-08-07', 'JPM': '2023-08-03'}",0.8486,"{'formula_version': 'market-regime-cash-v1', 'benchmark': 'DIA', 'as_of_date': '2023-10-31', 'data_quality': 'complete', 'observations': 2534, 'regime': 'neutral', 'target_cash_weight': 0.1514, 'target_equity_weight': 0.8486, 'scores': {'overheat': 0.0, 'fear': 0.027343, 'outlook': -0.027494}, 'components': {'overheat': {'distance_above_200d': 0.0, 'rsi': 0.0, 'six_month_momentum': 0.0}, 'fear': {'drawdown': 0.0, 'rsi': 0.08203, 'realized_volatility': 0.0}, 'outlook': {'price_vs_200d': -0.153457, '50d_vs_200d': 0.117228, 'six_month_momentum': -0.046254}}, 'metrics': {'close': 315.8760986328125, 'sma_50': 323.8075311279297, 'sma_200': 320.7989959716797, 'distance_to_sma_200': -0.01534573798760197, 'sma_50_to_sma_200': 0.009378256148019792, 'momentum_126': -0.009250834236758765, 'rsi_14': 38.35940979308826, 'drawdown_from_252d_peak': -0.06785395355438595, 'realized_volatility_20': 0.11540899262142891}, 'rationale': ['과열·공포·전망 신호가 중립 범위라 기준 현금비중에 근접']}",0.5053265209816608,0.0006364036444025567,1.259390944228025
2023-11-30,2023-12-01,"{'style': 'growth_momentum', 'value_weight': 0.1, 'quality_weight': 0.2, 'growth_weight': 0.3, 'momentum_weight': 0.35, 'low_vol_weight': 0.05, 'momentum_lookback': 126, 'top_n': 12, 'weighting': 'equal'}",30,"['CSCO', 'V', 'UNH', 'CVX', 'MSFT', 'AMGN', 'CAT', 'WMT', 'IBM', 'AXP', 'HD', 'PG']","{'CSCO': 0.819728322897107, 'V': 0.782129461584997, 'UNH': 0.7176262731017723, 'CVX': 0.7156483161927808, 'MSFT': 0.6981002925286047, 'AMGN': 0.6848813255709808, 'CAT': 0.6444471209371391, 'WMT': 0.6314048116634323, 'IBM': 0.6048163512228848, 'AXP': 0.5925753542686392, 'HD': 0.5521718088324259, 'PG': 0.5337265603926221}","{'CSCO': 1.0, 'V': 1.0, 'UNH': 1.0, 'CVX': 1.0, 'MSFT': 1.0, 'AMGN': 1.0, 'CAT': 1.0, 'WMT': 1.0, 'IBM': 1.0, 'AXP': 1.0, 'HD': 1.0, 'PG': 1.0}","{'CSCO': '2023-11-21', 'V': '2023-11-15', 'UNH': '2023-11-06', 'CVX': '2023-11-02', 'MSFT': '2023-10-24', 'AMGN': '2023-10-31', 'CAT': '2023-11-01', 'WMT': '2023-11-30', 'IBM': '2023-10-31', 'AXP': '2023-10-20', 'HD': '2023-11-21', 'PG': '2023-10-18'}",0.7985,"{'formula_version': 'market-regime-cash-v1', 'benchmark': 'DIA', 'as_of_date': '2023-11-30', 'data_quality': 'complete', 'observations': 2555, 'regime': 'risk_on', 'target_cash_weight': 0.2015, 'target_equity_weight': 0.7985, 'scores': {'overheat': 0.377847, 'fear': 0.0, 'outlook': 0.42942}, 'components': {'overheat': {'distance_above_200d': 0.133542, 'rsi': 1.0, 'six_month_momentum': 0.0}, 'fear': {'drawdown': 0.0, 'rsi': 0.0, 'realized_volatility': 0.0}, 'outlook': {'price_vs_200d': 0.700313, '50d_vs_200d': 0.095794, 'six_month_momentum': 0.492153}}, 'metrics': {'close': 344.78790283203125, 'sma_50': 324.6916015625, 'sma_200': 322.2222512817383, 'distance_to_sma_200': 0.07003132608170648, 'sma_50_to_sma_200': 0.007663500180199012, 'momentum_126': 0.09843059121627706, 'rsi_14': 94.15026525683247, 'drawdown_from_252d_peak': 0.0, 'realized_volatility_20': 0.09787050505272407}, 'rationale': ['가격의 장기 추세 이격·RSI·6개월 상승률이 과열 현금 확대 요인', '200일 추세·50/200일 추세·6개월 모멘텀이 긍정적이라 현금 축소']}",0.46798151595783366,0.0006148295453642346,1.3137902340134995
2023-12-29,2024-01-02,"{'style': 'balanced', 'value_weight': 0.25, 'quality_weight': 0.25, 'growth_weight': 0.2, 'momentum_weight': 0.25, 'low_vol_weight': 0.05, 'momentum_lookback': 252, 'top_n': 12, 'weighting': 'equal'}",30,"['V', 'CSCO', 'DOW', 'CVX', 'AXP', 'MSFT', 'VZ', 'WMT', 'UNH', 'CAT', 'NKE', 'AAPL']","{'V': 0.8082652752571083, 'CSCO': 0.6807797249131188, 'DOW': 0.6764942528735632, 'CVX': 0.6732960274248841, 'AXP': 0.6516722579698986, 'MSFT': 0.6287227931374937, 'VZ': 0.6169096133751306, 'WMT': 0.5794256916455193, 'UNH': 0.5677970723569635, 'CAT': 0.5673158798249542, 'NKE': 0.5630103995621237, 'AAPL': 0.5617013013201761}","{'V': 1.0, 'CSCO': 1.0, 'DOW': 1.0, 'CVX': 1.0, 'AXP': 1.0, 'MSFT': 1.0, 'VZ': 1.0, 'WMT': 1.0, 'UNH': 1.0, 'CAT': 1.0, 'NKE': 1.0, 'AAPL': 1.0}","{'V': '2023-11-15', 'CSCO': '2023-11-21', 'DOW': '2023-10-25', 'CVX': '2023-11-02', 'AXP': '2023-10-20', 'MSFT': '2023-10-24', 'VZ': '2023-10-26', 'WMT': '2023-11-30', 'UNH': '2023-11-06', 'CAT': '2023-11-01', 'NKE': '2023-07-20', 'AAPL': '2023-11-03'}",0.7994000000000001,"{'formula_version': 'market-regime-cash-v1', 'benchmark': 'DIA', 'as_of_date': '2023-12-29', 'data_quality': 'complete', 'observations': 2575, 'regime': 'risk_on', 'target_cash_weight': 0.2006, 'target_equity_weight': 0.7994, 'scores': {'overheat': 0.465056, 'fear': 0.0, 'outlook': 0.656567}, 'components': {'overheat': {'distance_above_200d': 0.383389, 'rsi': 0.989411, 'six_month_momentum': 0.022367}, 'fear': {'drawdown': 0.0, 'rsi': 0.0, 'realized_volatility': 0.0}, 'outlook': {'price_vs_200d': 1.0, '50d_vs_200d': 0.436152, 'six_month_momentum': 0.53355}}, 'metrics': {'close': 361.7523498535156, 'sma_50': 338.03326293945315, 'sma_200': 326.63622314453124, 'distance_to_sma_200': 0.1075083662519758, 'sma_50_to_sma_200': 0.03489214908622951, 'momentum_126': 0.10670999185225338, 'rsi_14': 79.78821800016897, 'drawdown_from_252d_peak': -0.0004240686132730431, 'realized_volatility_20': 0.08555349862791307}, 'rationale': ['가격의 장기 추세 이격·RSI·6개월 상승률이 과열 현금 확대 요인', '200일 추세·50/200일 추세·6개월 모멘텀이 긍정적이라 현금 축소']}",0.5573954289852541,0.0007549560799897239,1.354435362636776
2024-01-31,2024-02-01,"{'style': 'balanced', 'value_weight': 0.25, 'quality_weight': 0.25, 'growth_weight': 0.2, 'momentum_weight': 0.25, 'low_vol_weight': 0.05, 'momentum_lookback': 252, 'top_n': 12, 'weighting': 'equal'}",30,"['V', 'CSCO', 'CVX', 'AXP', 'MSFT', 'WMT', 'CAT', 'AMGN', 'AAPL', 'UNH', 'VZ', 'JPM']","{'V': 0.7829779189352692, 'CSCO': 0.6829444758709733, 'CVX': 0.6740431538616657, 'AXP': 0.6600630625675997, 'MSFT': 0.6320917039201976, 'WMT': 0.5927858946608946, 'CAT': 0.5863005541544561, 'AMGN': 0.5673277106035727, 'AAPL': 0.5657051327378007, 'UNH': 0.5577970723569635, 'VZ': 0.5549747474747475, 'JPM': 0.5346339987900787}","{'V': 1.0, 'CSCO': 1.0, 'CVX': 1.0, 'AXP': 1.0, 'MSFT': 1.0, 'WMT': 1.0, 'CAT': 1.0, 'AMGN': 1.0, 'AAPL': 1.0, 'UNH': 1.0, 'VZ': 1.0, 'JPM': 1.0}","{'V': '2023-11-15', 'CSCO': '2023-11-21', 'CVX': '2023-11-02', 'AXP': '2023-10-20', 'MSFT': '2024-01-30', 'WMT': '2023-11-30', 'CAT': '2023-11-01', 'AMGN': '2023-10-31', 'AAPL': '2023-11-03', 'UNH': '2023-11-06', 'VZ': '2023-10-26', 'JPM': '2023-11-01'}",0.8961000000000001,"{'formula_version': 'market-regime-cash-v1', 'benchmark': 'DIA', 'as_of_date': '2024-01-31', 'data_quality': 'complete', 'observations': 2596, 'regime': 'risk_on', 'target_cash_weight': 0.1039, 'target_equity_weight': 0.8961, 'scores': {'overheat': 0.118391, 'fear': 0.0, 'outlook': 0.757072}, 'components': {'overheat': {'distance_above_200d': 0.355173, 'rsi': 0.0, 'six_month_momentum': 0.0}, 'fear': {'drawdown': 0.0, 'rsi': 0.0, 'realized_volatility': 0.0}, 'outlook': {'price_vs_200d': 1.0, '50d_vs_200d': 0.866779, 'six_month_momentum': 0.404436}}, 'metrics': {'close': 366.2799682617188, 'sma_50': 355.01424499511717, 'sma_200': 331.99308227539063, 'distance_to_sma_200': 0.1032759048813161, 'sma_50_to_sma_200': 0.06934229641758116, 'momentum_126': 0.08088717628577036, 'rsi_14': 59.76493872391496, 'drawdown_from_252d_peak': -0.008114490939221897, 'realized_volatility_20': 0.08206442224774972}, 'rationale': ['200일 추세·50/200일 추세·6개월 모멘텀이 긍정적이라 현금 축소']}",0.34499462743228365,0.0004769449563723049,1.3824706776511202
2024-02-29,2024-03-01,"{'style': 'balanced', 'value_weight': 0.25, 'quality_weight': 0.25, 'growth_weight': 0.2, 'momentum_weight': 0.25, 'low_vol_weight': 0.05, 'momentum_lookback': 252, 'top_n': 12, 'weighting': 'equal'}",30,"['V', 'JPM', 'CAT', 'AMZN', 'IBM', 'CSCO', 'AXP', 'TRV', 'MSFT', 'WMT', 'AMGN', 'UNH']","{'V': 0.7528256704980842, 'JPM': 0.6586877394636016, 'CAT': 0.6581375329651191, 'AMZN': 0.6488143130815545, 'IBM': 0.6466136736826392, 'CSCO': 0.6426068567447878, 'AXP': 0.6155120167189133, 'TRV': 0.6155011320097528, 'MSFT': 0.6032960143304971, 'WMT': 0.5976103398517192, 'AMGN': 0.5835358511220581, 'UNH': 0.557698661491765}","{'V': 1.0, 'JPM': 1.0, 'CAT': 1.0, 'AMZN': 1.0, 'IBM': 1.0, 'CSCO': 1.0, 'AXP': 1.0, 'TRV': 1.0, 'MSFT': 1.0, 'WMT': 1.0, 'AMGN': 1.0, 'UNH': 1.0}","{'V': '2023-11-15', 'JPM': '2024-02-16', 'CAT': '2024-02-16', 'AMZN': '2024-02-02', 'IBM': '2024-02-26', 'CSCO': '2024-02-20', 'AXP': '2024-02-09', 'TRV': '2024-02-15', 'MSFT': '2024-01-30', 'WMT': '2023-11-30', 'AMGN': '2024-02-14', 'UNH': '2024-02-28'}",0.8957000000000002,"{'formula_version': 'market-regime-cash-v1', 'benchmark': 'DIA', 'as_of_date': '2024-02-29', 'data_quality': 'complete', 'observations': 2616, 'regime': 'risk_on', 'target_cash_weight': 0.1043, 'target_equity_weight': 0.8957, 'scores': {'overheat': 0.170296, 'fear': 0.0, 'outlook': 0.882243}, 'components': {'overheat': {'distance_above_200d': 0.413068, 'rsi': 0.0, 'six_month_momentum': 0.097819}, 'fear': {'drawdown': 0.0, 'rsi': 0.0, 'realized_volatility': 0.0}, 'outlook': {'price_vs_200d': 1.0, '50d_vs_200d': 1.0, 'six_month_momentum': 0.646729}}, 'metrics': {'close': 375.11175537109375, 'sma_50': 365.8888226318359, 'sma_200': 337.34277908325197, 'distance_to_sma_200': 0.11196023341741923, 'sma_50_to_sma_200': 0.08462028926826126, 'momentum_126': 0.12934580854360922, 'rsi_14': 57.20235485689234, 'drawdown_from_252d_peak': -0.0033990928022955558, 'realized_volatility_20': 0.09323876071624512}, 'rationale': ['200일 추세·50/200일 추세·6개월 모멘텀이 긍정적이라 현금 축소']}",0.4831328543480418,0.0006755190879327113,1.3982056526548643
2024-03-28,2024-04-01,"{'style': 'balanced', 'value_weight': 0.25, 'quality_weight': 0.25, 'growth_weight': 0.2, 'momentum_weight': 0.25, 'low_vol_weight': 0.05, 'momentum_lookback': 252, 'top_n': 12, 'weighting': 'equal'}",30,"['V', 'CAT', 'AMZN', 'IBM', 'CRM', 'JPM', 'TRV', 'AXP', 'MSFT', 'JNJ', 'MCD', 'CSCO']","{'V': 0.7491187739463602, 'CAT': 0.7075384385729213, 'AMZN': 0.6805706697517042, 'IBM': 0.6471906876648256, 'CRM': 0.638588346519381, 'JPM': 0.6302490421455939, 'TRV': 0.6150596482062, 'AXP': 0.5992929292929293, 'MSFT': 0.5815718763994626, 'JNJ': 0.5807540926506444, 'MCD': 0.5729321540528438, 'CSCO': 0.5670321441011096}","{'V': 1.0, 'CAT': 1.0, 'AMZN': 1.0, 'IBM': 1.0, 'CRM': 1.0, 'JPM': 1.0, 'TRV': 1.0, 'AXP': 1.0, 'MSFT': 1.0, 'JNJ': 1.0, 'MCD': 1.0, 'CSCO': 1.0}","{'V': '2023-11-15', 'CAT': '2024-02-16', 'AMZN': '2024-02-02', 'IBM': '2024-02-26', 'CRM': '2024-03-06', 'JPM': '2024-02-16', 'TRV': '2024-02-15', 'AXP': '2024-02-09', 'MSFT': '2024-01-30', 'JNJ': '2024-02-16', 'MCD': '2024-02-22', 'CSCO': '2024-02-20'}",0.8447,"{'formula_version': 'market-regime-cash-v1', 'benchmark': 'DIA', 'as_of_date': '2024-03-28', 'data_quality': 'complete', 'observations': 2636, 'regime': 'risk_on', 'target_cash_weight': 0.1553, 'target_equity_weight': 0.8447, 'scores': {'overheat': 0.419269, 'fear': 0.0, 'outlook': 0.994946}, 'components': {'overheat': {'distance_above_200d': 0.446451, 'rsi': 0.48813, 'six_month_momentum': 0.323226}, 'fear': {'drawdown': 0.0, 'rsi': 0.0, 'realized_volatility': 0.0}, 'outlook': {'price_vs_200d': 1.0, '50d_vs_200d': 1.0, 'six_month_momentum': 0.984839}}, 'metrics': {'close': 383.5418701171875, 'sma_50': 372.6167608642578, 'sma_200': 343.37775619506834, 'distance_to_sma_200': 0.1169677219840135, 'sma_50_to_sma_200': 0.08515113207443514, 'momentum_126': 0.19696782247172573, 'rsi_14': 69.76259326776575, 'drawdown_from_252d_peak': 0.0, 'realized_volatility_20': 0.09306645917525677}, 'rationale': ['가격의 장기 추세 이격·RSI·6개월 상승률이 과열 현금 확대 요인', '200일 추세·50/200일 추세·6개월 모멘텀이 긍정적이라 현금 축소']}",0.47679625488090005,0.0006877332196535186,1.4424048272470364
2024-04-30,2024-05-01,"{'style': 'balanced', 'value_weight': 0.25, 'quality_weight': 0.25, 'growth_weight': 0.2, 'momentum_weight': 0.25, 'low_vol_weight': 0.05, 'momentum_lookback': 252, 'top_n': 12, 'weighting': 'equal'}",30,"['CAT', 'V', 'AMZN', 'JPM', 'TRV', 'IBM', 'CRM', 'AXP', 'MSFT', 'CSCO', 'JNJ', 'HD']","{'CAT': 0.739013534358362, 'V': 0.6991187739463602, 'AMZN': 0.6772425610787679, 'JPM': 0.6585823754789272, 'TRV': 0.6560366597004528, 'IBM': 0.6433017987759367, 'CRM': 0.623583121858984, 'AXP': 0.6190961337513061, 'MSFT': 0.5703597551873415, 'CSCO': 0.5680422451112106, 'JNJ': 0.5590822013235807, 'HD': 0.5458794845001741}","{'CAT': 1.0, 'V': 1.0, 'AMZN': 1.0, 'JPM': 1.0, 'TRV': 1.0, 'IBM': 1.0, 'CRM': 1.0, 'AXP': 1.0, 'MSFT': 1.0, 'CSCO': 1.0, 'JNJ': 1.0, 'HD': 1.0}","{'CAT': '2024-02-16', 'V': '2023-11-15', 'AMZN': '2024-02-02', 'JPM': '2024-02-16', 'TRV': '2024-04-17', 'IBM': '2024-04-30', 'CRM': '2024-03-06', 'AXP': '2024-04-19', 'MSFT': '2024-04-25', 'CSCO': '2024-02-20', 'JNJ': '2024-02-16', 'HD': '2024-03-13'}",0.9055,"{'formula_version': 'market-regime-cash-v1', 'benchmark': 'DIA', 'as_of_date': '2024-04-30', 'data_quality': 'complete', 'observations': 2658, 'regime': 'risk_on', 'target_cash_weight': 0.0945, 'target_equity_weight': 0.9055, 'scores': {'overheat': 0.085895, 'fear': 0.011659, 'outlook': 0.75252}, 'components': {'overheat': {'distance_above_200d': 0.0, 'rsi': 0.0, 'six_month_momentum': 0.257685}, 'fear': {'drawdown': 0.0, 'rsi': 0.034976, 'realized_volatility': 0.0}, 'outlook': {'price_vs_200d': 0.46941, '50d_vs_200d': 0.901624, 'six_month_momentum': 0.886528}}, 'metrics': {'close': 364.8046875, 'sma_50': 373.5816961669922, 'sma_200': 348.44817108154297, 'distance_to_sma_200': 0.046941031051155546, 'sma_50_to_sma_200': 0.0721298809158264, 'momentum_126': 0.1773055261243619, 'rsi_14': 39.300472837066266, 'drawdown_from_252d_peak': -0.04885303033919752, 'realized_volatility_20': 0.11282139680187436}, 'rationale': ['200일 추세·50/200일 추세·6개월 모멘텀이 긍정적이라 현금 축소']}",0.21183317926987694,0.0002909955140737201,1.3737013015462973
2024-05-31,2024-06-03,"{'style': 'balanced', 'value_weight': 0.25, 'quality_weight': 0.25, 'growth_weight': 0.2, 'momentum_weight': 0.25, 'low_vol_weight': 0.05, 'momentum_lookback': 252, 'top_n': 12, 'weighting': 'equal'}",30,"['CAT', 'V', 'AMZN', 'CSCO', 'AXP', 'TRV', 'JPM', 'IBM', 'CRM', 'MSFT', 'WMT', 'AMGN']","{'CAT': 0.7463315420211972, 'V': 0.7157854406130268, 'AMZN': 0.6815859954222023, 'CSCO': 0.6579412350102005, 'AXP': 0.6541971438523163, 'TRV': 0.6443699930337862, 'JPM': 0.6435823754789272, 'IBM': 0.6432060133353237, 'CRM': 0.6254970891177788, 'MSFT': 0.5582385430661293, 'WMT': 0.5505418097228442, 'AMGN': 0.5505309250136836}","{'CAT': 1.0, 'V': 1.0, 'AMZN': 1.0, 'CSCO': 1.0, 'AXP': 1.0, 'TRV': 1.0, 'JPM': 1.0, 'IBM': 1.0, 'CRM': 1.0, 'MSFT': 1.0, 'WMT': 1.0, 'AMGN': 1.0}","{'CAT': '2024-05-01', 'V': '2023-11-15', 'AMZN': '2024-05-01', 'CSCO': '2024-05-21', 'AXP': '2024-04-19', 'TRV': '2024-04-17', 'JPM': '2024-05-01', 'IBM': '2024-04-30', 'CRM': '2024-05-30', 'MSFT': '2024-04-25', 'WMT': '2024-03-15', 'AMGN': '2024-05-03'}",0.9084000000000001,"{'formula_version': 'market-regime-cash-v1', 'benchmark': 'DIA', 'as_of_date': '2024-05-31', 'data_quality': 'complete', 'observations': 2680, 'regime': 'risk_on', 'target_cash_weight': 0.0916, 'target_equity_weight': 0.9084, 'scores': {'overheat': 0.025582, 'fear': 0.012667, 'outlook': 0.629328}, 'components': {'overheat': {'distance_above_200d': 0.068892, 'rsi': 0.0, 'six_month_momentum': 0.007853}, 'fear': {'drawdown': 0.0, 'rsi': 0.038002, 'realized_volatility': 0.0}, 'outlook': {'price_vs_200d': 0.603337, '50d_vs_200d': 0.772867, 'six_month_momentum': 0.51178}}, 'metrics': {'close': 374.4306945800781, 'sma_50': 374.9588446044922, 'sma_200': 353.1253248596191, 'distance_to_sma_200': 0.060333734854413734, 'sma_50_to_sma_200': 0.061829379565322196, 'momentum_126': 0.10235593316581171, 'rsi_14': 39.239950758403324, 'drawdown_from_252d_peak': -0.031053816422358715, 'realized_volatility_20': 0.1208162574158525}, 'rationale': ['200일 추세·50/200일 추세·6개월 모멘텀이 긍정적이라 현금 축소']}",0.3266426932199701,0.00045096609472661405,1.380609773575805
2024-06-28,2024-07-01,"{'style': 'balanced', 'value_weight': 0.25, 'quality_weight': 0.25, 'growth_weight': 0.2, 'momentum_weight': 0.25, 'low_vol_weight': 0.05, 'momentum_lookback': 252, 'top_n': 12, 'weighting': 'equal'}",30,"['CAT', 'V', 'AXP', 'AMZN', 'JPM', 'TRV', 'IBM', 'CSCO', 'WMT', 'AMGN', 'CRM', 'VZ']","{'CAT': 0.7548616708961536, 'V': 0.7141187739463601, 'AXP': 0.6735405781957506, 'AMZN': 0.6500255635169429, 'JPM': 0.6462260536398468, 'TRV': 0.6285366597004528, 'IBM': 0.6220949022242126, 'CSCO': 0.5931380305518237, 'WMT': 0.5810015798377868, 'AMGN': 0.5755309250136836, 'CRM': 0.5734768870975768, 'VZ': 0.5486633577150819}","{'CAT': 1.0, 'V': 1.0, 'AXP': 1.0, 'AMZN': 1.0, 'JPM': 1.0, 'TRV': 1.0, 'IBM': 1.0, 'CSCO': 1.0, 'WMT': 1.0, 'AMGN': 1.0, 'CRM': 1.0, 'VZ': 1.0}","{'CAT': '2024-05-01', 'V': '2023-11-15', 'AXP': '2024-04-19', 'AMZN': '2024-05-01', 'JPM': '2024-05-01', 'TRV': '2024-04-17', 'IBM': '2024-04-30', 'CSCO': '2024-05-21', 'WMT': '2024-06-07', 'AMGN': '2024-05-03', 'CRM': '2024-05-30', 'VZ': '2024-04-25'}",0.8894,"{'formula_version': 'market-regime-cash-v1', 'benchmark': 'DIA', 'as_of_date': '2024-06-28', 'data_quality': 'complete', 'observations': 2699, 'regime': 'risk_on', 'target_cash_weight': 0.1106, 'target_equity_weight': 0.8894, 'scores': {'overheat': 0.037181, 'fear': 0.0, 'outlook': 0.486969}, 'components': {'overheat': {'distance_above_200d': 0.061432, 'rsi': 0.050111, 'six_month_momentum': 0.0}, 'fear': {'drawdown': 0.0, 'rsi': 0.0, 'realized_volatility': 0.0}, 'outlook': {'price_vs_200d': 0.592149, '50d_vs_200d': 0.629466, 'six_month_momentum': 0.239291}}, 'metrics': {'close': 378.7532958984375, 'sma_50': 375.58601318359376, 'sma_200': 357.57928771972655, 'distance_to_sma_200': 0.05921486200651338, 'sma_50_to_sma_200': 0.05035729440230052, 'momentum_126': 0.04785823344997042, 'rsi_14': 61.002229065671486, 'drawdown_from_252d_peak': -0.019867853008624148, 'realized_volatility_20': 0.07865684689859959}, 'rationale': ['200일 추세·50/200일 추세·6개월 모멘텀이 긍정적이라 현금 축소']}",0.18657667060304278,0.00026263704329091146,1.4076628253791355
2024-07-31,2024-08-01,"{'style': 'balanced', 'value_weight': 0.25, 'quality_weight': 0.25, 'growth_weight': 0.2, 'momentum_weight': 0.25, 'low_vol_weight': 0.05, 'momentum_lookback': 252, 'top_n': 12, 'weighting': 'equal'}",30,"['CAT', 'V', 'AMZN', 'MSFT', 'JPM', 'AXP', 'IBM', 'TRV', 'CSCO', 'AMGN', 'CRM', 'WMT']","{'CAT': 0.6979268049957705, 'V': 0.6823371647509578, 'AMZN': 0.6720266084490223, 'MSFT': 0.6539667612081406, 'JPM': 0.6401053639846743, 'AXP': 0.6351027516544758, 'IBM': 0.6184890157734986, 'TRV': 0.606611372344131, 'CSCO': 0.5968161914713639, 'AMGN': 0.579879584017515, 'CRM': 0.5738164900233866, 'WMT': 0.5733387445887446}","{'CAT': 1.0, 'V': 1.0, 'AMZN': 1.0, 'MSFT': 1.0, 'JPM': 1.0, 'AXP': 1.0, 'IBM': 1.0, 'TRV': 1.0, 'CSCO': 1.0, 'AMGN': 1.0, 'CRM': 1.0, 'WMT': 1.0}","{'CAT': '2024-05-01', 'V': '2023-11-15', 'AMZN': '2024-05-01', 'MSFT': '2024-07-30', 'JPM': '2024-05-01', 'AXP': '2024-07-19', 'IBM': '2024-07-30', 'TRV': '2024-07-19', 'CSCO': '2024-05-21', 'AMGN': '2024-05-03', 'CRM': '2024-05-30', 'WMT': '2024-06-07'}",0.8752,"{'formula_version': 'market-regime-cash-v1', 'benchmark': 'DIA', 'as_of_date': '2024-07-31', 'data_quality': 'complete', 'observations': 2721, 'regime': 'risk_on', 'target_cash_weight': 0.1248, 'target_equity_weight': 0.8752, 'scores': {'overheat': 0.138694, 'fear': 0.0, 'outlook': 0.599177}, 'components': {'overheat': {'distance_above_200d': 0.233953, 'rsi': 0.182129, 'six_month_momentum': 0.0}, 'fear': {'drawdown': 0.0, 'rsi': 0.0, 'realized_volatility': 0.0}, 'outlook': {'price_vs_200d': 0.850929, '50d_vs_200d': 0.588113, 'six_month_momentum': 0.358488}}, 'metrics': {'close': 395.752685546875, 'sma_50': 381.87741943359373, 'sma_200': 364.7177864074707, 'distance_to_sma_200': 0.08509291374326167, 'sma_50_to_sma_200': 0.0470490709958189, 'momentum_126': 0.07169757556970402, 'rsi_14': 63.64257923402057, 'drawdown_from_252d_peak': -0.007877824144221668, 'realized_volatility_20': 0.12482613806309527}, 'rationale': ['200일 추세·50/200일 추세·6개월 모멘텀이 긍정적이라 현금 축소']}",0.17323537632608746,0.00025250666506566514,1.4575929606338738
2024-08-30,2024-09-03,"{'style': 'balanced', 'value_weight': 0.25, 'quality_weight': 0.25, 'growth_weight': 0.2, 'momentum_weight': 0.25, 'low_vol_weight': 0.05, 'momentum_lookback': 252, 'top_n': 12, 'weighting': 'equal'}",30,"['V', 'CAT', 'AXP', 'AMZN', 'IBM', 'TRV', 'MSFT', 'VZ', 'AMGN', 'JPM', 'WMT', 'CSCO']","{'V': 0.6718486590038314, 'CAT': 0.6504883813504504, 'AXP': 0.6495855102751655, 'AMZN': 0.6363700427924566, 'IBM': 0.6362667935512764, 'TRV': 0.6227895332636711, 'MSFT': 0.618411205652585, 'VZ': 0.6122840473702543, 'AMGN': 0.6029551674379261, 'JPM': 0.6009386973180076, 'WMT': 0.5800054112554113, 'CSCO': 0.5756040702592427}","{'V': 1.0, 'CAT': 1.0, 'AXP': 1.0, 'AMZN': 1.0, 'IBM': 1.0, 'TRV': 1.0, 'MSFT': 1.0, 'VZ': 1.0, 'AMGN': 1.0, 'JPM': 1.0, 'WMT': 1.0, 'CSCO': 1.0}","{'V': '2023-11-15', 'CAT': '2024-08-07', 'AXP': '2024-07-19', 'AMZN': '2024-08-02', 'IBM': '2024-07-30', 'TRV': '2024-07-19', 'MSFT': '2024-07-30', 'VZ': '2024-07-25', 'AMGN': '2024-08-07', 'JPM': '2024-08-02', 'WMT': '2024-08-30', 'CSCO': '2024-05-21'}",0.8057000000000001,"{'formula_version': 'market-regime-cash-v1', 'benchmark': 'DIA', 'as_of_date': '2024-08-30', 'data_quality': 'complete', 'observations': 2743, 'regime': 'risk_on', 'target_cash_weight': 0.1943, 'target_equity_weight': 0.8057, 'scores': {'overheat': 0.407917, 'fear': 0.0, 'outlook': 0.576623}, 'components': {'overheat': {'distance_above_200d': 0.223752, 'rsi': 1.0, 'six_month_momentum': 0.0}, 'fear': {'drawdown': 0.0, 'rsi': 0.0, 'realized_volatility': 0.0}, 'outlook': {'price_vs_200d': 0.835629, '50d_vs_200d': 0.533778, 'six_month_momentum': 0.360462}}, 'metrics': {'close': 403.55706787109375, 'sma_50': 388.3391412353516, 'sma_200': 372.4353108215332, 'distance_to_sma_200': 0.08356285278350994, 'sma_50_to_sma_200': 0.04270226251838749, 'momentum_126': 0.07209248572158922, 'rsi_14': 87.95746048011827, 'drawdown_from_252d_peak': 0.0, 'realized_volatility_20': 0.14484547899939493}, 'rationale': ['가격의 장기 추세 이격·RSI·6개월 상승률이 과열 현금 확대 요인', '200일 추세·50/200일 추세·6개월 모멘텀이 긍정적이라 현금 축소']}",0.20624113833970728,0.00030625511723290255,1.4849370969261166
2024-09-30,2024-10-01,"{'style': 'balanced', 'value_weight': 0.25, 'quality_weight': 0.25, 'growth_weight': 0.2, 'momentum_weight': 0.25, 'low_vol_weight': 0.05, 'momentum_lookback': 252, 'top_n': 12, 'weighting': 'equal'}",30,"['CAT', 'AXP', 'TRV', 'V', 'JPM', 'IBM', 'MSFT', 'WMT', 'VZ', 'AMZN', 'AMGN', 'JNJ']","{'CAT': 0.6776670647360302, 'AXP': 0.6661267850923023, 'TRV': 0.665634360849878, 'V': 0.6531657088122605, 'JPM': 0.63955938697318, 'IBM': 0.6391898666467631, 'MSFT': 0.6191829626312385, 'WMT': 0.610120353784147, 'VZ': 0.5866518634622082, 'AMZN': 0.5833397397621536, 'AMGN': 0.5703226849778574, 'JNJ': 0.5651778872468528}","{'CAT': 1.0, 'AXP': 1.0, 'TRV': 1.0, 'V': 1.0, 'JPM': 1.0, 'IBM': 1.0, 'MSFT': 1.0, 'WMT': 1.0, 'VZ': 1.0, 'AMZN': 1.0, 'AMGN': 1.0, 'JNJ': 1.0}","{'CAT': '2024-08-07', 'AXP': '2024-07-19', 'TRV': '2024-07-19', 'V': '2023-11-15', 'JPM': '2024-08-02', 'IBM': '2024-07-30', 'MSFT': '2024-07-30', 'WMT': '2024-08-30', 'VZ': '2024-07-25', 'AMZN': '2024-08-02', 'AMGN': '2024-08-07', 'JNJ': '2024-07-25'}",0.8075,"{'formula_version': 'market-regime-cash-v1', 'benchmark': 'DIA', 'as_of_date': '2024-09-30', 'data_quality': 'complete', 'observations': 2763, 'regime': 'risk_on', 'target_cash_weight': 0.1925, 'target_equity_weight': 0.8075, 'scores': {'overheat': 0.415106, 'fear': 0.0, 'outlook': 0.61238}, 'components': {'overheat': {'distance_above_200d': 0.245319, 'rsi': 1.0, 'six_month_momentum': 0.0}, 'fear': {'drawdown': 0.0, 'rsi': 0.0, 'realized_volatility': 0.0}, 'outlook': {'price_vs_200d': 0.867979, '50d_vs_200d': 0.572036, 'six_month_momentum': 0.397126}}, 'metrics': {'close': 411.4756164550781, 'sma_50': 395.9392358398438, 'sma_200': 378.6128352355957, 'distance_to_sma_200': 0.08679785300736897, 'sma_50_to_sma_200': 0.04576284529146135, 'momentum_126': 0.079425291018693, 'rsi_14': 82.84486408128167, 'drawdown_from_252d_peak': 0.0, 'realized_volatility_20': 0.10560319235564576}, 'rationale': ['가격의 장기 추세 이격·RSI·6개월 상승률이 과열 현금 확대 요인', '200일 추세·50/200일 추세·6개월 모멘텀이 긍정적이라 현금 축소']}",0.16361457104968452,0.0002502487897788633,1.5295018541036343
2024-10-31,2024-11-01,"{'style': 'balanced', 'value_weight': 0.25, 'quality_weight': 0.25, 'growth_weight': 0.2, 'momentum_weight': 0.25, 'low_vol_weight': 0.05, 'momentum_lookback': 252, 'top_n': 12, 'weighting': 'equal'}",30,"['IBM', 'CAT', 'V', 'AXP', 'VZ', 'TRV', 'JPM', 'WMT', 'MSFT', 'AMZN', 'JNJ', 'MCD']","{'IBM': 0.6864120888689854, 'CAT': 0.685444842513808, 'V': 0.6614990421455939, 'AXP': 0.6590055729710902, 'VZ': 0.6309622082897944, 'TRV': 0.6261803378613724, 'JPM': 0.6120593869731801, 'WMT': 0.6008779295417227, 'MSFT': 0.5908496292979052, 'AMZN': 0.5861175175399314, 'JNJ': 0.5610922028163408, 'MCD': 0.5589422550629448}","{'IBM': 1.0, 'CAT': 1.0, 'V': 1.0, 'AXP': 1.0, 'VZ': 1.0, 'TRV': 1.0, 'JPM': 1.0, 'WMT': 1.0, 'MSFT': 1.0, 'AMZN': 1.0, 'JNJ': 1.0, 'MCD': 1.0}","{'IBM': '2024-10-30', 'CAT': '2024-08-07', 'V': '2023-11-15', 'AXP': '2024-10-18', 'VZ': '2024-10-25', 'TRV': '2024-10-17', 'JPM': '2024-10-30', 'WMT': '2024-08-30', 'MSFT': '2024-10-30', 'AMZN': '2024-08-02', 'JNJ': '2024-10-23', 'MCD': '2024-08-08'}",0.9244999999999999,"{'formula_version': 'market-regime-cash-v1', 'benchmark': 'DIA', 'as_of_date': '2024-10-31', 'data_quality': 'complete', 'observations': 2786, 'regime': 'risk_on', 'target_cash_weight': 0.0755, 'target_equity_weight': 0.9245, 'scores': {'overheat': 0.015263, 'fear': 0.12124, 'outlook': 0.60141}, 'components': {'overheat': {'distance_above_200d': 0.039646, 'rsi': 0.0, 'six_month_momentum': 0.006141}, 'fear': {'drawdown': 0.0, 'rsi': 0.363719, 'realized_volatility': 0.0}, 'outlook': {'price_vs_200d': 0.559469, '50d_vs_200d': 0.735548, 'six_month_momentum': 0.509212}}, 'metrics': {'close': 406.3157348632813, 'sma_50': 407.43043029785156, 'sma_200': 384.7880198669434, 'distance_to_sma_200': 0.055946947110728784, 'sma_50_to_sma_200': 0.058843854958732233, 'momentum_126': 0.10184244894520544, 'rsi_14': 32.72562400617383, 'drawdown_from_252d_peak': -0.03460131866684857, 'realized_volatility_20': 0.10714284861818794}, 'rationale': ['200일 추세·50/200일 추세·6개월 모멘텀이 긍정적이라 현금 축소']}",0.24829970027944448,0.0003816462169728836,1.53703857291558
2024-11-29,2024-12-02,"{'style': 'balanced', 'value_weight': 0.25, 'quality_weight': 0.25, 'growth_weight': 0.2, 'momentum_weight': 0.25, 'low_vol_weight': 0.05, 'momentum_lookback': 252, 'top_n': 12, 'weighting': 'equal'}",30,"['CAT', 'NVDA', 'V', 'AXP', 'TRV', 'IBM', 'JPM', 'MSFT', 'JNJ', 'CRM', 'AMZN', 'SHW']","{'CAT': 0.6998347716094107, 'NVDA': 0.6614830304146173, 'V': 0.6491991833030853, 'AXP': 0.6249514676473565, 'TRV': 0.6149352297535443, 'IBM': 0.5998021702864677, 'JPM': 0.5836559790280299, 'MSFT': 0.5766157192536109, 'JNJ': 0.5730544974721571, 'CRM': 0.5630063277771002, 'AMZN': 0.5604698219072282, 'SHW': 0.559683169778747}","{'CAT': 1.0, 'NVDA': 1.0, 'V': 1.0, 'AXP': 1.0, 'TRV': 1.0, 'IBM': 1.0, 'JPM': 1.0, 'MSFT': 1.0, 'JNJ': 1.0, 'CRM': 1.0, 'AMZN': 1.0, 'SHW': 1.0}","{'CAT': '2024-11-06', 'NVDA': '2024-11-20', 'V': '2024-11-13', 'AXP': '2024-10-18', 'TRV': '2024-10-17', 'IBM': '2024-10-30', 'JPM': '2024-10-30', 'MSFT': '2024-10-30', 'JNJ': '2024-10-23', 'CRM': '2024-08-29', 'AMZN': '2024-11-01', 'SHW': '2024-10-22'}",0.8587,"{'formula_version': 'market-regime-cash-v1', 'benchmark': 'DIA', 'as_of_date': '2024-11-29', 'data_quality': 'complete', 'observations': 2806, 'regime': 'risk_on', 'target_cash_weight': 0.1413, 'target_equity_weight': 0.8587, 'scores': {'overheat': 0.328062, 'fear': 0.0, 'outlook': 0.906995}, 'components': {'overheat': {'distance_above_200d': 0.478143, 'rsi': 0.272383, 'six_month_momentum': 0.23366}, 'fear': {'drawdown': 0.0, 'rsi': 0.0, 'realized_volatility': 0.0}, 'outlook': {'price_vs_200d': 1.0, '50d_vs_200d': 0.870496, 'six_month_momentum': 0.85049}}, 'metrics': {'close': 438.12060546875, 'sma_50': 417.77857482910156, 'sma_200': 390.57878311157225, 'distance_to_sma_200': 0.12172146673824069, 'sma_50_to_sma_200': 0.06963970623504001, 'momentum_126': 0.17009799626630429, 'rsi_14': 65.44765743225425, 'drawdown_from_252d_peak': 0.0, 'realized_volatility_20': 0.15123232314526988}, 'rationale': ['200일 추세·50/200일 추세·6개월 모멘텀이 긍정적이라 현금 축소']}",0.5024765154437953,0.0008223352695710893,1.636564584207064
2024-12-31,2025-01-02,"{'style': 'balanced', 'value_weight': 0.25, 'quality_weight': 0.25, 'growth_weight': 0.2, 'momentum_weight': 0.25, 'low_vol_weight': 0.05, 'momentum_lookback': 252, 'top_n': 8, 'weighting': 'score_inverse_vol'}",30,"['CAT', 'NVDA', 'V', 'AXP', 'TRV', 'IBM', 'WMT', 'JPM']","{'CAT': 0.6967912933485411, 'NVDA': 0.6614830304146173, 'V': 0.6339118269812463, 'AXP': 0.6232848009806898, 'TRV': 0.6122915515926247, 'IBM': 0.6022900929917816, 'WMT': 0.5938789317462481, 'JPM': 0.5796329905222828}","{'CAT': 1.0, 'NVDA': 1.0, 'V': 1.0, 'AXP': 1.0, 'TRV': 1.0, 'IBM': 1.0, 'WMT': 1.0, 'JPM': 1.0}","{'CAT': '2024-11-06', 'NVDA': '2024-11-20', 'V': '2024-11-13', 'AXP': '2024-10-18', 'TRV': '2024-10-17', 'IBM': '2024-10-30', 'WMT': '2024-12-06', 'JPM': '2024-10-30'}",0.9418,"{'formula_version': 'market-regime-cash-v1', 'benchmark': 'DIA', 'as_of_date': '2024-12-31', 'data_quality': 'complete', 'observations': 2827, 'regime': 'risk_on', 'target_cash_weight': 0.0582, 'target_equity_weight': 0.9418, 'scores': {'overheat': 0.0, 'fear': 0.210802, 'outlook': 0.601893}, 'components': {'overheat': {'distance_above_200d': 0.0, 'rsi': 0.0, 'six_month_momentum': 0.0}, 'fear': {'drawdown': 0.0, 'rsi': 0.632406, 'realized_volatility': 0.0}, 'outlook': {'price_vs_200d': 0.488744, '50d_vs_200d': 0.863519, 'six_month_momentum': 0.453417}}, 'metrics': {'close': 415.3811950683594, 'sma_50': 423.38373779296876, 'sma_200': 396.02568450927737, 'distance_to_sma_200': 0.04887438193072202, 'sma_50_to_sma_200': 0.06908151252258099, 'momentum_126': 0.0906833320432201, 'rsi_14': 27.35188151358372, 'drawdown_from_252d_peak': -0.05368921650005032, 'realized_volatility_20': 0.12275698177237808}, 'rationale': ['200일 추세·50/200일 추세·6개월 모멘텀이 긍정적이라 현금 축소']}",0.8287505085821348,0.0013157010416001724,1.587571926623774
2025-01-31,2025-02-03,"{'style': 'balanced', 'value_weight': 0.25, 'quality_weight': 0.25, 'growth_weight': 0.2, 'momentum_weight': 0.25, 'low_vol_weight': 0.05, 'momentum_lookback': 252, 'top_n': 8, 'weighting': 'score_inverse_vol'}",30,"['V', 'NVDA', 'CAT', 'WMT', 'AXP', 'TRV', 'IBM', 'AMZN']","{'V': 0.66460148215366, 'NVDA': 0.6614830304146173, 'CAT': 0.6599547116393957, 'WMT': 0.6072122650795815, 'AXP': 0.6004112377622991, 'TRV': 0.5999352297535443, 'IBM': 0.595623426325115, 'AMZN': 0.5853282260384959}","{'V': 1.0, 'NVDA': 1.0, 'CAT': 1.0, 'WMT': 1.0, 'AXP': 1.0, 'TRV': 1.0, 'IBM': 1.0, 'AMZN': 1.0}","{'V': '2024-11-13', 'NVDA': '2024-11-20', 'CAT': '2024-11-06', 'WMT': '2024-12-06', 'AXP': '2024-10-18', 'TRV': '2024-10-17', 'IBM': '2024-10-30', 'AMZN': '2024-11-01'}",0.8185000000000001,"{'formula_version': 'market-regime-cash-v1', 'benchmark': 'DIA', 'as_of_date': '2025-01-31', 'data_quality': 'complete', 'observations': 2847, 'regime': 'risk_on', 'target_cash_weight': 0.1815, 'target_equity_weight': 0.8185, 'scores': {'overheat': 0.411094, 'fear': 0.0, 'outlook': 0.712668}, 'components': {'overheat': {'distance_above_200d': 0.233283, 'rsi': 1.0, 'six_month_momentum': 0.0}, 'fear': {'drawdown': 0.0, 'rsi': 0.0, 'realized_volatility': 0.0}, 'outlook': {'price_vs_200d': 0.849925, '50d_vs_200d': 0.792709, 'six_month_momentum': 0.495369}}, 'metrics': {'close': 434.96142578125, 'sma_50': 426.3119647216797, 'sma_200': 400.8888934326172, 'distance_to_sma_200': 0.08499245777773057, 'sma_50_to_sma_200': 0.06341675138808944, 'momentum_126': 0.09907384502064454, 'rsi_14': 83.25648579483283, 'drawdown_from_252d_peak': -0.009082037150065614, 'realized_volatility_20': 0.11943810900494561}, 'rationale': ['가격의 장기 추세 이격·RSI·6개월 상승률이 과열 현금 확대 요인', '200일 추세·50/200일 추세·6개월 모멘텀이 긍정적이라 현금 축소']}",0.29885693715307166,0.0004955466652141314,1.6581400784426736
2025-02-28,2025-03-03,"{'style': 'balanced', 'value_weight': 0.25, 'quality_weight': 0.25, 'growth_weight': 0.2, 'momentum_weight': 0.25, 'low_vol_weight': 0.05, 'momentum_lookback': 252, 'top_n': 8, 'weighting': 'score_inverse_vol'}",30,"['V', 'NVDA', 'AMZN', 'TRV', 'WMT', 'AXP', 'CAT', 'JPM']","{'V': 0.6947595281306715, 'NVDA': 0.6743422258169162, 'AMZN': 0.6521344157466722, 'TRV': 0.6365025710828797, 'WMT': 0.6026842544636772, 'AXP': 0.5908416475574015, 'CAT': 0.5800316428707497, 'JPM': 0.579134906231095}","{'V': 1.0, 'NVDA': 1.0, 'AMZN': 1.0, 'TRV': 1.0, 'WMT': 1.0, 'AXP': 1.0, 'CAT': 1.0, 'JPM': 1.0}","{'V': '2024-11-13', 'NVDA': '2025-02-26', 'AMZN': '2025-02-07', 'TRV': '2025-02-13', 'WMT': '2024-12-06', 'AXP': '2025-02-07', 'CAT': '2025-02-14', 'JPM': '2025-02-14'}",0.8976,"{'formula_version': 'market-regime-cash-v1', 'benchmark': 'DIA', 'as_of_date': '2025-02-28', 'data_quality': 'complete', 'observations': 2866, 'regime': 'risk_on', 'target_cash_weight': 0.1024, 'target_equity_weight': 0.8976, 'scores': {'overheat': 0.009079, 'fear': 0.0, 'outlook': 0.49912}, 'components': {'overheat': {'distance_above_200d': 0.027238, 'rsi': 0.0, 'six_month_momentum': 0.0}, 'fear': {'drawdown': 0.0, 'rsi': 0.0, 'realized_volatility': 0.0}, 'outlook': {'price_vs_200d': 0.540857, '50d_vs_200d': 0.601724, 'six_month_momentum': 0.35478}}, 'metrics': {'close': 428.7445068359375, 'sma_50': 426.32526306152346, 'sma_200': 406.74538833618163, 'distance_to_sma_200': 0.054085723232768945, 'sma_50_to_sma_200': 0.04813791449593219, 'momentum_126': 0.07095603013169649, 'rsi_14': 44.16865235782661, 'drawdown_from_252d_peak': -0.023245262418667756, 'realized_volatility_20': 0.11310130303586244}, 'rationale': ['200일 추세·50/200일 추세·6개월 모멘텀이 긍정적이라 현금 축소']}",0.2862891394742653,0.0004790424184742683,1.6732818414068051
2025-03-31,2025-04-01,"{'style': 'balanced', 'value_weight': 0.25, 'quality_weight': 0.25, 'growth_weight': 0.2, 'momentum_weight': 0.25, 'low_vol_weight': 0.05, 'momentum_lookback': 252, 'top_n': 8, 'weighting': 'score_inverse_vol'}",30,"['V', 'NVDA', 'AMZN', 'VZ', 'TRV', 'WMT', 'AXP', 'JPM']","{'V': 0.7055641258318209, 'NVDA': 0.6554533369280272, 'AMZN': 0.6340359649720594, 'VZ': 0.6323467432950192, 'TRV': 0.6313588929219601, 'WMT': 0.611549196992413, 'AXP': 0.5863516955637014, 'JPM': 0.581634906231095}","{'V': 1.0, 'NVDA': 1.0, 'AMZN': 1.0, 'VZ': 1.0, 'TRV': 1.0, 'WMT': 1.0, 'AXP': 1.0, 'JPM': 1.0}","{'V': '2024-11-13', 'NVDA': '2025-02-26', 'AMZN': '2025-02-07', 'VZ': '2025-02-12', 'TRV': '2025-02-13', 'WMT': '2025-03-14', 'AXP': '2025-02-07', 'JPM': '2025-02-14'}",0.8654999999999999,"{'formula_version': 'market-regime-cash-v1', 'benchmark': 'DIA', 'as_of_date': '2025-03-31', 'data_quality': 'complete', 'observations': 2887, 'regime': 'neutral', 'target_cash_weight': 0.1345, 'target_equity_weight': 0.8655, 'scores': {'overheat': 0.0, 'fear': 0.0, 'outlook': 0.154584}, 'components': {'overheat': {'distance_above_200d': 0.0, 'rsi': 0.0, 'six_month_momentum': 0.0}, 'fear': {'drawdown': 0.0, 'rsi': 0.0, 'realized_volatility': 0.0}, 'outlook': {'price_vs_200d': 0.027631, '50d_vs_200d': 0.418708, 'six_month_momentum': 0.017415}}, 'metrics': {'close': 411.4449462890625, 'sma_50': 424.0552801513672, 'sma_200': 410.3112338256836, 'distance_to_sma_200': 0.0027630548956905088, 'sma_50_to_sma_200': 0.033496636681223935, 'momentum_126': 0.003482954364031343, 'rsi_14': 56.712494289758716, 'drawdown_from_252d_peak': -0.06265667749879422, 'realized_volatility_20': 0.1737553462387024}, 'rationale': ['과열·공포·전망 신호가 중립 범위라 기준 현금비중에 근접']}",0.2842664110061821,0.0004447563848376102,1.564575931652853
2025-04-30,2025-05-01,"{'style': 'balanced', 'value_weight': 0.25, 'quality_weight': 0.25, 'growth_weight': 0.2, 'momentum_weight': 0.25, 'low_vol_weight': 0.05, 'momentum_lookback': 252, 'top_n': 8, 'weighting': 'score_inverse_vol'}",30,"['V', 'TRV', 'VZ', 'NVDA', 'WMT', 'MRK', 'JPM', 'CVX']","{'V': 0.7272307924984877, 'TRV': 0.6520485480943738, 'VZ': 0.6447030651340996, 'NVDA': 0.608231114705805, 'WMT': 0.5991354038889647, 'MRK': 0.5822458467735829, 'JPM': 0.5649682395644283, 'CVX': 0.562061403508772}","{'V': 1.0, 'TRV': 1.0, 'VZ': 1.0, 'NVDA': 1.0, 'WMT': 1.0, 'MRK': 1.0, 'JPM': 1.0, 'CVX': 1.0}","{'V': '2024-11-13', 'TRV': '2025-04-16', 'VZ': '2025-04-25', 'NVDA': '2025-02-26', 'WMT': '2025-03-14', 'MRK': '2025-02-25', 'JPM': '2025-02-14', 'CVX': '2025-02-21'}",0.8491,"{'formula_version': 'market-regime-cash-v1', 'benchmark': 'DIA', 'as_of_date': '2025-04-30', 'data_quality': 'complete', 'observations': 2908, 'regime': 'neutral', 'target_cash_weight': 0.1509, 'target_equity_weight': 0.8491, 'scores': {'overheat': 0.0, 'fear': 0.275821, 'outlook': -0.211579}, 'components': {'overheat': {'distance_above_200d': 0.0, 'rsi': 0.0, 'six_month_momentum': 0.0}, 'fear': {'drawdown': 0.056514, 'rsi': 0.0, 'realized_volatility': 0.770949}, 'outlook': {'price_vs_200d': -0.318922, '50d_vs_200d': -0.177701, 'six_month_momentum': -0.138113}}, 'metrics': {'close': 398.3746948242188, 'sma_50': 405.64839721679687, 'sma_200': 411.49829299926756, 'distance_to_sma_200': -0.03189222992735985, 'sma_50_to_sma_200': -0.014216087604720928, 'momentum_126': -0.027622525767298067, 'rsi_14': 50.337205780566634, 'drawdown_from_252d_peak': -0.09243298911589126, 'realized_volatility_20': 0.4312848082718146}, 'rationale': ['중장기 추세와 모멘텀이 부정적이라 현금 확대']}",0.47436994921439274,0.0007510097943185798,1.5831732080886072
2025-05-30,2025-06-02,"{'style': 'balanced', 'value_weight': 0.25, 'quality_weight': 0.25, 'growth_weight': 0.2, 'momentum_weight': 0.25, 'low_vol_weight': 0.05, 'momentum_lookback': 252, 'top_n': 8, 'weighting': 'score_inverse_vol'}",30,"['V', 'TRV', 'VZ', 'WMT', 'NVDA', 'MRK', 'JPM', 'AMGN']","{'V': 0.7269434361766486, 'TRV': 0.6912152147610405, 'VZ': 0.6447030651340996, 'WMT': 0.6146909594445202, 'NVDA': 0.5971200035946939, 'MRK': 0.5879929732103645, 'JPM': 0.5866349062310949, 'AMGN': 0.552409671111414}","{'V': 1.0, 'TRV': 1.0, 'VZ': 1.0, 'WMT': 1.0, 'NVDA': 1.0, 'MRK': 1.0, 'JPM': 1.0, 'AMGN': 1.0}","{'V': '2024-11-13', 'TRV': '2025-04-16', 'VZ': '2025-04-25', 'WMT': '2025-03-14', 'NVDA': '2025-05-28', 'MRK': '2025-05-02', 'JPM': '2025-05-01', 'AMGN': '2025-05-02'}",0.8068,"{'formula_version': 'market-regime-cash-v1', 'benchmark': 'DIA', 'as_of_date': '2025-05-30', 'data_quality': 'complete', 'observations': 2929, 'regime': 'neutral', 'target_cash_weight': 0.1932, 'target_equity_weight': 0.8068, 'scores': {'overheat': 0.025798, 'fear': 0.0, 'outlook': -0.183549}, 'components': {'overheat': {'distance_above_200d': 0.0, 'rsi': 0.077393, 'six_month_momentum': 0.0}, 'fear': {'drawdown': 0.0, 'rsi': 0.0, 'realized_volatility': 0.0}, 'outlook': {'price_vs_200d': 0.024495, '50d_vs_200d': -0.336636, 'six_month_momentum': -0.238505}}, 'metrics': {'close': 414.8765258789063, 'sma_50': 402.71707641601563, 'sma_200': 413.86276901245117, 'distance_to_sma_200': 0.002449500033245622, 'sma_50_to_sma_200': -0.026930889731954122, 'momentum_126': -0.04770099209590373, 'rsi_14': 61.54785864732038, 'drawdown_from_252d_peak': -0.05483894090199648, 'realized_volatility_20': 0.1664811617328439}, 'rationale': ['과열·공포·전망 신호가 중립 범위라 기준 현금비중에 근접']}",0.2372038738132844,0.0003852950086776902,1.624320052129402
2025-06-30,2025-07-01,"{'style': 'balanced', 'value_weight': 0.25, 'quality_weight': 0.25, 'growth_weight': 0.2, 'momentum_weight': 0.25, 'low_vol_weight': 0.05, 'momentum_lookback': 252, 'top_n': 8, 'weighting': 'score_inverse_vol'}",30,"['V', 'TRV', 'VZ', 'NVDA', 'WMT', 'MRK', 'JPM', 'AMZN']","{'V': 0.7195871143375681, 'TRV': 0.6928818814277072, 'VZ': 0.6322030651340996, 'NVDA': 0.6054533369280273, 'WMT': 0.6047867448851332, 'MRK': 0.5879929732103645, 'JPM': 0.5737038717483364, 'AMZN': 0.5546414955401088}","{'V': 1.0, 'TRV': 1.0, 'VZ': 1.0, 'NVDA': 1.0, 'WMT': 1.0, 'MRK': 1.0, 'JPM': 1.0, 'AMZN': 1.0}","{'V': '2024-11-13', 'TRV': '2025-04-16', 'VZ': '2025-04-25', 'NVDA': '2025-05-28', 'WMT': '2025-06-06', 'MRK': '2025-05-02', 'JPM': '2025-05-01', 'AMZN': '2025-05-02'}",0.8296000000000001,"{'formula_version': 'market-regime-cash-v1', 'benchmark': 'DIA', 'as_of_date': '2025-06-30', 'data_quality': 'complete', 'observations': 2949, 'regime': 'neutral', 'target_cash_weight': 0.1704, 'target_equity_weight': 0.8296, 'scores': {'overheat': 0.132947, 'fear': 0.0, 'outlook': 0.128318}, 'components': {'overheat': {'distance_above_200d': 0.0, 'rsi': 0.398841, 'six_month_momentum': 0.0}, 'fear': {'drawdown': 0.0, 'rsi': 0.0, 'realized_volatility': 0.0}, 'outlook': {'price_vs_200d': 0.415432, '50d_vs_200d': -0.164954, 'six_month_momentum': 0.134477}}, 'metrics': {'close': 433.5703125, 'sma_50': 410.7835424804687, 'sma_200': 416.2768502807617, 'distance_to_sma_200': 0.041543175431385526, 'sma_50_to_sma_200': -0.013196284627857602, 'momentum_126': 0.026895372367634174, 'rsi_14': 67.97681322174844, 'drawdown_from_252d_peak': -0.012251235743420907, 'realized_volatility_20': 0.11265971345635094}, 'rationale': ['과열·공포·전망 신호가 중립 범위라 기준 현금비중에 근접']}",0.20881932901811448,0.00034229439450393076,1.6391892269428645
2025-07-31,2025-08-01,"{'style': 'balanced', 'value_weight': 0.25, 'quality_weight': 0.25, 'growth_weight': 0.2, 'momentum_weight': 0.25, 'low_vol_weight': 0.05, 'momentum_lookback': 252, 'top_n': 8, 'weighting': 'score_inverse_vol'}",30,"['V', 'TRV', 'VZ', 'MRK', 'NVDA', 'JPM', 'WMT', 'AXP']","{'V': 0.7182078039927405, 'TRV': 0.699491076830006, 'VZ': 0.6241570881226054, 'MRK': 0.5967067223963776, 'NVDA': 0.5915402934497663, 'JPM': 0.5812038717483363, 'WMT': 0.577564522662911, 'AXP': 0.5710235263149924}","{'V': 1.0, 'TRV': 1.0, 'VZ': 1.0, 'MRK': 1.0, 'NVDA': 1.0, 'JPM': 1.0, 'WMT': 1.0, 'AXP': 1.0}","{'V': '2024-11-13', 'TRV': '2025-07-17', 'VZ': '2025-07-25', 'MRK': '2025-05-02', 'NVDA': '2025-05-28', 'JPM': '2025-05-01', 'WMT': '2025-06-06', 'AXP': '2025-07-18'}",0.8683,"{'formula_version': 'market-regime-cash-v1', 'benchmark': 'DIA', 'as_of_date': '2025-07-31', 'data_quality': 'complete', 'observations': 2971, 'regime': 'neutral', 'target_cash_weight': 0.1317, 'target_equity_weight': 0.8683, 'scores': {'overheat': 0.0, 'fear': 0.0, 'outlook': 0.182779}, 'components': {'overheat': {'distance_above_200d': 0.0, 'rsi': 0.0, 'six_month_momentum': 0.0}, 'fear': {'drawdown': 0.0, 'rsi': 0.0, 'realized_volatility': 0.0}, 'outlook': {'price_vs_200d': 0.353549, '50d_vs_200d': 0.221047, 'six_month_momentum': -0.02626}}, 'metrics': {'close': 434.41595458984375, 'sma_50': 427.0014630126953, 'sma_200': 419.58168640136716, 'distance_to_sma_200': 0.035354899103690274, 'sma_50_to_sma_200': 0.017683747531894056, 'momentum_126': -0.005251955646984552, 'rsi_14': 46.775037546976186, 'drawdown_from_252d_peak': -0.01972424768608183, 'realized_volatility_20': 0.09882958279993075}, 'rationale': ['과열·공포·전망 신호가 중립 범위라 기준 현금비중에 근접']}",0.18321108504439135,0.00030003362211504774,1.6376390219093497
2025-08-29,2025-09-02,"{'style': 'balanced', 'value_weight': 0.25, 'quality_weight': 0.25, 'growth_weight': 0.2, 'momentum_weight': 0.25, 'low_vol_weight': 0.05, 'momentum_lookback': 252, 'top_n': 8, 'weighting': 'score_inverse_vol'}",30,"['V', 'TRV', 'NVDA', 'VZ', 'MSFT', 'AMZN', 'MRK', 'WMT']","{'V': 0.7292286751361162, 'TRV': 0.6808129159104658, 'NVDA': 0.6665402934497664, 'VZ': 0.6276053639846744, 'MSFT': 0.6115418546707507, 'AMZN': 0.6057509786773281, 'MRK': 0.6039289446185998, 'WMT': 0.5911877110687082}","{'V': 1.0, 'TRV': 1.0, 'NVDA': 1.0, 'VZ': 1.0, 'MSFT': 1.0, 'AMZN': 1.0, 'MRK': 1.0, 'WMT': 1.0}","{'V': '2024-11-13', 'TRV': '2025-07-17', 'NVDA': '2025-08-27', 'VZ': '2025-07-25', 'MSFT': '2025-07-30', 'AMZN': '2025-08-01', 'MRK': '2025-08-05', 'WMT': '2025-08-29'}",0.8114,"{'formula_version': 'market-regime-cash-v1', 'benchmark': 'DIA', 'as_of_date': '2025-08-29', 'data_quality': 'complete', 'observations': 2992, 'regime': 'risk_on', 'target_cash_weight': 0.1886, 'target_equity_weight': 0.8114, 'scores': {'overheat': 0.330845, 'fear': 0.0, 'outlook': 0.441357}, 'components': {'overheat': {'distance_above_200d': 0.092571, 'rsi': 0.899965, 'six_month_momentum': 0.0}, 'fear': {'drawdown': 0.0, 'rsi': 0.0, 'realized_volatility': 0.0}, 'outlook': {'price_vs_200d': 0.638857, '50d_vs_200d': 0.446537, 'six_month_momentum': 0.238677}}, 'metrics': {'close': 449.2108154296875, 'sma_50': 437.3194927978516, 'sma_200': 422.23597702026365, 'distance_to_sma_200': 0.06388569396617116, 'sma_50_to_sma_200': 0.03572295256323943, 'momentum_126': 0.04773544212796543, 'rsi_14': 77.99929068675958, 'drawdown_from_252d_peak': -0.0015324576871555973, 'realized_volatility_20': 0.10712607055260724}, 'rationale': ['200일 추세·50/200일 추세·6개월 모멘텀이 긍정적이라 현금 축소']}",0.42534480047237594,0.0007170798974670517,1.6858790719216101
2025-09-30,2025-10-01,"{'style': 'balanced', 'value_weight': 0.25, 'quality_weight': 0.25, 'growth_weight': 0.2, 'momentum_weight': 0.25, 'low_vol_weight': 0.05, 'momentum_lookback': 252, 'top_n': 8, 'weighting': 'score_inverse_vol'}",30,"['V', 'TRV', 'AMZN', 'CSCO', 'NVDA', 'VZ', 'MRK', 'JPM']","{'V': 0.7108953418027828, 'TRV': 0.6685140653357532, 'AMZN': 0.6539143969681827, 'CSCO': 0.6495580289998542, 'NVDA': 0.6432069601164331, 'VZ': 0.624985632183908, 'MRK': 0.6079136189481017, 'JPM': 0.5985601935874169}","{'V': 1.0, 'TRV': 1.0, 'AMZN': 1.0, 'CSCO': 1.0, 'NVDA': 1.0, 'VZ': 1.0, 'MRK': 1.0, 'JPM': 1.0}","{'V': '2024-11-13', 'TRV': '2025-07-17', 'AMZN': '2025-08-01', 'CSCO': '2025-09-03', 'NVDA': '2025-08-27', 'VZ': '2025-07-25', 'MRK': '2025-08-05', 'JPM': '2025-08-05'}",0.8630999999999999,"{'formula_version': 'market-regime-cash-v1', 'benchmark': 'DIA', 'as_of_date': '2025-09-30', 'data_quality': 'complete', 'observations': 3013, 'regime': 'risk_on', 'target_cash_weight': 0.1369, 'target_equity_weight': 0.8631, 'scores': {'overheat': 0.211841, 'fear': 0.0, 'outlook': 0.661029}, 'components': {'overheat': {'distance_above_200d': 0.19287, 'rsi': 0.398413, 'six_month_momentum': 0.044242}, 'fear': {'drawdown': 0.0, 'rsi': 0.0, 'realized_volatility': 0.0}, 'outlook': {'price_vs_200d': 0.789305, '50d_vs_200d': 0.627419, 'six_month_momentum': 0.566362}}, 'metrics': {'close': 458.0503234863281, 'sma_50': 445.8503076171875, 'sma_200': 424.54108474731447, 'distance_to_sma_200': 0.07893049681860176, 'sma_50_to_sma_200': 0.05019354695095357, 'momentum_126': 0.11327245022113552, 'rsi_14': 67.96825385216401, 'drawdown_from_252d_peak': 0.0, 'realized_volatility_20': 0.0767988039306455}, 'rationale': ['200일 추세·50/200일 추세·6개월 모멘텀이 긍정적이라 현금 축소']}",0.4823089763160583,0.000823595198522352,1.7076091032206873
2025-10-31,2025-11-03,"{'style': 'balanced', 'value_weight': 0.25, 'quality_weight': 0.25, 'growth_weight': 0.2, 'momentum_weight': 0.25, 'low_vol_weight': 0.05, 'momentum_lookback': 252, 'top_n': 8, 'weighting': 'score_inverse_vol'}",30,"['V', 'TRV', 'NVDA', 'MSFT', 'JPM', 'CSCO', 'VZ', 'MRK']","{'V': 0.7106941923774954, 'TRV': 0.6721922262552934, 'NVDA': 0.6615402934497664, 'MSFT': 0.6172053865411792, 'JPM': 0.607870538415003, 'CSCO': 0.6010714389615399, 'VZ': 0.5988362068965517, 'MRK': 0.5946760710553814}","{'V': 1.0, 'TRV': 1.0, 'NVDA': 1.0, 'MSFT': 1.0, 'JPM': 1.0, 'CSCO': 1.0, 'VZ': 1.0, 'MRK': 1.0}","{'V': '2024-11-13', 'TRV': '2025-10-16', 'NVDA': '2025-08-27', 'MSFT': '2025-10-29', 'JPM': '2025-08-05', 'CSCO': '2025-09-03', 'VZ': '2025-10-29', 'MRK': '2025-08-05'}",0.8378,"{'formula_version': 'market-regime-cash-v1', 'benchmark': 'DIA', 'as_of_date': '2025-10-31', 'data_quality': 'complete', 'observations': 3036, 'regime': 'risk_on', 'target_cash_weight': 0.1622, 'target_equity_weight': 0.8378, 'scores': {'overheat': 0.386623, 'fear': 0.0, 'outlook': 0.844541}, 'components': {'overheat': {'distance_above_200d': 0.296396, 'rsi': 0.661347, 'six_month_momentum': 0.202125}, 'fear': {'drawdown': 0.0, 'rsi': 0.0, 'realized_volatility': 0.0}, 'outlook': {'price_vs_200d': 0.944594, '50d_vs_200d': 0.785842, 'six_month_momentum': 0.803188}}, 'metrics': {'close': 469.9925231933594, 'sma_50': 456.42601013183594, 'sma_200': 429.4289343261719, 'distance_to_sma_200': 0.09445937528833936, 'sma_50_to_sma_200': 0.06286738886848853, 'momentum_126': 0.1606375100929327, 'rsi_14': 73.2269343976385, 'drawdown_from_252d_peak': -0.0031017631139272916, 'realized_volatility_20': 0.11626422865539085}, 'rationale': ['가격의 장기 추세 이격·RSI·6개월 상승률이 과열 현금 확대 요인', '200일 추세·50/200일 추세·6개월 모멘텀이 긍정적이라 현금 축소']}",0.31550881516483426,0.0005477195154205917,1.7359879949295283
2025-11-28,2025-12-01,"{'style': 'balanced', 'value_weight': 0.25, 'quality_weight': 0.25, 'growth_weight': 0.2, 'momentum_weight': 0.25, 'low_vol_weight': 0.05, 'momentum_lookback': 252, 'top_n': 8, 'weighting': 'score_inverse_vol'}",30,"['V', 'NVDA', 'MSFT', 'TRV', 'AMZN', 'JPM', 'DIS', 'MRK']","{'V': 0.6940541817906836, 'NVDA': 0.6448253176043558, 'MSFT': 0.6293085584400782, 'TRV': 0.6244479733817302, 'AMZN': 0.6033390596368482, 'JPM': 0.5993935269207502, 'DIS': 0.593541614609362, 'MRK': 0.5881317674496085}","{'V': 1.0, 'NVDA': 1.0, 'MSFT': 1.0, 'TRV': 1.0, 'AMZN': 1.0, 'JPM': 1.0, 'DIS': 1.0, 'MRK': 1.0}","{'V': '2025-11-06', 'NVDA': '2025-11-19', 'MSFT': '2025-10-29', 'TRV': '2025-10-16', 'AMZN': '2025-10-31', 'JPM': '2025-11-04', 'DIS': '2025-11-13', 'MRK': '2025-11-05'}",0.8983,"{'formula_version': 'market-regime-cash-v1', 'benchmark': 'DIA', 'as_of_date': '2025-11-28', 'data_quality': 'complete', 'observations': 3055, 'regime': 'risk_on', 'target_cash_weight': 0.1017, 'target_equity_weight': 0.8983, 'scores': {'overheat': 0.13493, 'fear': 0.0, 'outlook': 0.820798}, 'components': {'overheat': {'distance_above_200d': 0.278537, 'rsi': 0.0, 'six_month_momentum': 0.126254}, 'fear': {'drawdown': 0.0, 'rsi': 0.0, 'realized_volatility': 0.0}, 'outlook': {'price_vs_200d': 0.917806, '50d_vs_200d': 0.855208, 'six_month_momentum': 0.689381}}, 'metrics': {'close': 472.0780944824219, 'sma_50': 461.97568664550784, 'sma_200': 432.39283615112305, 'distance_to_sma_200': 0.09178056390700395, 'sma_50_to_sma_200': 0.06841660643065195, 'momentum_126': 0.1378761270774127, 'rsi_14': 56.80935071280067, 'drawdown_from_252d_peak': -0.010314154562161004, 'realized_volatility_20': 0.13902044808185268}, 'rationale': ['200일 추세·50/200일 추세·6개월 모멘텀이 긍정적이라 현금 축소']}",0.4895568416265231,0.0008595414892041983,1.7557542171169
