date,strategy,benchmark,strategy_return,benchmark_return
2018-01-02,1.0004115067455177,0.9977127644435925,0.00041150674551770905,-0.0022872355564075297
2018-01-03,1.000629167878706,1.0014540141242971,0.0002175716010068829,0.0037498264170159334
2018-01-04,1.004078733404641,1.0080915824879166,0.0034473965347701085,0.006627931257955577
2018-01-05,1.0160416306872244,1.0166194755947324,0.011914302020937573,0.008459442827376318
2018-01-08,1.0136371016257308,1.016097031284886,-0.0023665654918757495,-0.000513903503118307
2018-01-09,1.0111488430574482,1.0210445211704786,-0.002454782450535542,0.004869111643143187
2018-01-10,1.0067176314383715,1.0202397115865403,-0.004382353448259879,-0.0007882218328890689
2018-01-11,1.013294950623261,1.0282451603835092,0.006533430010053465,0.007846635164318272
2018-01-12,1.0206769428135887,1.0374974759249314,0.007285136658173652,0.008998161039699193
2018-01-16,1.0173214065234717,1.0370950350525536,-0.003287559608103896,-0.0003878957604392941
2018-01-17,1.0338821806017628,1.0502494467341617,0.016278802325496056,0.012683901896166638
2018-01-18,1.0365748860876942,1.0465483184673072,0.002604460678840681,-0.0035240468617845355
2018-01-19,1.0422481073524827,1.0486575069662716,0.005473045257927023,0.0020153761290766514
2018-01-22,1.0487001353984795,1.0544536802121,0.006190491496680384,0.005527231920168685
2018-01-23,1.0526173244901196,1.0540106849609747,0.0037352804289967345,-0.00042011826544741115
2018-01-24,1.052872619656013,1.0568284926757805,0.00024253369192561713,0.002673414752821124
2018-01-25,1.0510368885653796,1.0615778289598767,-0.0017435452839804633,0.004493951778373528
2018-01-26,1.0715676190399819,1.070271258979232,0.019533786775672413,0.00818915936467235
2018-01-29,1.0635712969543654,1.0632279303456857,-0.007462265510393529,-0.006580881785299808
2018-01-30,1.0470265288101168,1.048979921493398,-0.015555861832324713,-0.013400709712032666
2018-01-31,1.0517576791394108,1.052280340747465,0.004518653729500555,0.003146313086115571
2018-02-01,1.0486088311443833,1.0530044745388063,-0.0029938911381222066,0.0006881567233565367
2018-02-02,1.018902412504335,1.0260778102666255,-0.028329361490908478,-0.025571272414558477
2018-02-05,0.9758858311438398,0.9791468688277295,-0.042218548933225075,-0.04573818960835052
2018-02-06,1.003333272574045,1.0020485470896043,0.028125668550832428,0.02338942092445606
2018-02-07,1.0008668646300207,1.0012438096664815,-0.0024582140465616575,-0.0008030922508296401
2018-02-08,0.9559616256723215,0.9606319909089744,-0.04486634590935212,-0.04056136813573419
2018-02-09,0.9757907093401527,0.9741558659699213,0.020742551934431086,0.014078101904716034
2018-02-12,0.9934932607883286,0.9908190251821889,0.018141750355613384,0.01710522904430367
2018-02-13,0.9964788032984885,0.9924292937974132,0.003005095885392217,0.0016251894385337362
2018-02-14,1.010868473620927,1.0034175820960143,0.014440518227589738,0.011072112005637846
2018-02-15,1.0222580183276606,1.0162973497108714,0.011267088650946055,0.012835899873264056
2018-02-16,1.024653858822573,1.0167210780240505,0.0023436749352496733,0.00041693340369297616
2018-02-20,1.0131384913254642,1.0061891347275864,-0.011238300034648985,-0.010358734095424094
2018-02-21,1.002074631065164,0.9996110268765785,-0.01092038290424202,-0.006537645482316612
2018-02-22,1.007109451009133,1.0067537209541388,0.005024396175579371,0.0071454734746960735
2018-02-23,1.0263717735887923,1.0205548378712224,0.01912634476854347,0.013708533308427917
2018-02-26,1.042821576700044,1.036735529865861,0.016027139029489934,0.015854799168254274
2018-02-27,1.033760390795972,1.0247915437164856,-0.008689104739034614,-0.01152076475175945
2018-02-28,1.0208696951099605,1.009618866164422,-0.012469713292154627,-0.014805623294898207
2018-03-01,1.003448785497396,0.9925901402568948,-0.0170647730028739,-0.016866489403293272
2018-03-02,1.0020713201351956,0.9900478425386351,-0.0013727311070663717,-0.0025612764172751046
2018-03-05,1.0184283593313777,1.004130747443281,0.016323228564185666,0.014224469060540645
2018-03-06,1.019300822572988,1.004130747443281,0.000856676106489429,0.0
2018-03-07,1.0187531108241459,1.0011849264403994,-0.0005373406326305563,-0.0029337026182918446
2018-03-08,1.0199531045448986,1.0053416059404114,0.0011779043499380304,0.004151759969849511
2018-03-09,1.0407370821466577,1.0231768732914683,0.020377385498554723,0.017740504566478688
2018-03-12,1.0276765067211546,1.0167210780240505,-0.012549351464025804,-0.006309559408482435
2018-03-13,1.0261791452280704,1.0096991811529388,-0.0014570358311114529,-0.006906414180729348
2018-03-14,1.0173364737338546,1.0002571548255241,-0.00861708361092306,-0.009351326121343484
2018-03-15,1.0213778522992112,1.0047766589097777,0.003972509262863522,0.0045183421707610805
2018-03-16,1.0252380411174393,1.0070163863253874,0.00377939350215839,0.00222907986142884
2018-03-19,1.0136392659952835,0.9941203103660515,-0.01131325083247392,-0.01280622255452446
2018-03-20,1.0233436044920303,0.9989306225399017,0.009573759445100194,0.004838762596127699
2018-03-21,1.023227400812951,0.9969905068334747,-0.00011355294406423244,-0.0019421926434631809
2018-03-22,0.9919925277981423,0.9676411153156053,-0.030525837159943725,-0.029437984932359607
2018-03-23,0.9747047300137894,0.9505404450742496,-0.01742734677923974,-0.01767253372215183
2018-03-26,1.0049967895620302,0.977586030371655,0.031078190774566306,0.028452850625722448
2018-03-27,0.9909902627780353,0.9633151465406072,-0.013936887092046213,-0.014598084861771499
2018-03-28,0.983008637273928,0.9632752416092061,-0.008054191654449205,-4.142458627842682e-05
2018-03-29,0.9995375330664171,0.9758878698822052,0.016814598738752684,0.01309348328306359
2018-04-02,0.9754537517704354,0.9546643635636716,-0.024094924401784734,-0.021747894377553312
2018-04-03,0.9924650454303007,0.9708344479183171,0.017439364633115684,0.016937978384658825
2018-04-04,1.0015546426621817,0.9801732842784555,0.009158606918937107,0.009619391215631934
2018-04-05,1.0164279339253155,0.9900778614382064,0.014850204501673403,0.010104924627732492
2018-04-06,0.9877501855717926,0.9667111067154255,-0.028214246575035684,-0.023600926384555132
2018-04-09,0.9894185474111252,0.9691367203937652,0.0016890524180128708,0.002509140177959779
2018-04-10,1.010980815557012,0.986438935794983,0.021792868349098216,0.017853224459586814
2018-04-11,1.0038860311671562,0.977828707196795,-0.007017724056362695,-0.008728597671632699
2018-04-12,1.0203483109328864,0.9896731114197079,0.016398554471955817,0.012112964301148388
2018-04-13,1.0135628453743495,0.9847006538916829,-0.006650146313598615,-0.005024343362114658
2018-04-16,1.0217700878020792,0.9929478414231806,0.008097418394118927,0.008375324520100147
2018-04-17,1.034057508626942,1.0017609140759236,0.012025621978515755,0.008875665251571796
2018-04-18,1.0429186871672984,1.00006282574729,0.008569328559030254,-0.0016951033972012475
2018-04-19,1.0352598526321326,0.9967881679046335,-0.0073436545239861095,-0.0032744521227550116
2018-04-20,1.0292319329719681,0.9888685904790341,-0.005822615109470908,-0.007945095739095076
2018-04-23,1.0329875174776766,0.9883426824500064,0.003648919534457118,-0.0005318280245637519
2018-04-24,1.0135520447035151,0.9711119062569029,-0.018814818616219586,-0.017434009983652743
2018-04-25,1.0185611831038799,0.9735794453694995,0.004942162000008743,0.0025409420857660514
2018-04-26,1.042453187236231,0.9833674106501467,0.023456621485951956,0.01005358661504241
2018-04-27,1.046621076173507,0.9826800788751069,0.003998154534234688,-0.0006989572438498293
2018-04-30,1.033538636519363,0.9769769209214597,-0.012499690625354165,-0.005803677184720857
2018-05-01,1.0389877906600264,0.9738219778730071,0.0052723274661645725,-0.003229291276888091
2018-05-02,1.037639649973219,0.967147896136351,-0.0012975520010211072,-0.006853492618058787
2018-05-03,1.0373715394711445,0.9671079190441335,-0.0002583849818011963,-4.133503508318981e-05
2018-05-04,1.0545701755727408,0.9809410032028278,0.01657905142680538,0.014303557944563838
2018-05-07,1.0663033552763368,0.9845811555799281,0.011126030277903265,0.0037108779888035404
2018-05-08,1.06649340018775,0.9845811555799281,0.00017822780963117069,0.0
2018-05-09,1.0765350950764947,0.9925897794528135,0.009415618406055648,0.008134041391609115
2018-05-10,1.0839337366113442,1.0009224775515995,0.006872643138795098,0.00839490620523975
2018-05-11,1.0864734380258503,1.0052903717608546,0.002343041210660868,0.004363868638397994
2018-05-14,1.089063355907973,1.008243120202099,0.002383783893353808,0.002937209510991634
2018-05-15,1.0798990387740568,1.0003150278001787,-0.008414861343191249,-0.007863274485157001
2018-05-16,1.086196654952876,1.0029851944848815,0.0058316712513870606,0.0026693257728767072
2018-05-17,1.0832377314972297,1.0020542477940901,-0.002724113945807294,-0.0009281759051982252
2018-05-18,1.0864254382306793,1.001880051583597,0.002942758215265906,-0.0001738391019014962
2018-05-21,1.10155182200561,1.0138056367248218,0.013923075843626398,0.011903206498996344
2018-05-22,1.093351389764806,1.006666550688076,-0.007444436182651337,-0.0070418685575759365
2018-05-23,1.1019160844627256,1.0084917142141734,0.007833432854337907,0.001813076559313176
2018-05-24,1.1019316168967996,1.0055717989443353,1.4095841138095366e-05,-0.0028953289637221324
2018-05-25,1.10212811268001,1.003381140883794,0.00017831939858825585,-0.002178519786295796
2018-05-29,1.0904281744296833,0.987480721499576,-0.010615769723790414,-0.015846838989033274
2018-05-30,1.1018282887554616,1.000663781025246,0.010454713655707604,0.013350194326477771
2018-05-31,1.0933355528667088,0.9904416241130595,-0.007707857908009874,-0.010215376139339427
2018-06-01,1.1044298169855766,0.9992842105396599,0.010147172192268794,0.008927922869274463
2018-06-04,1.1128156318975682,1.0067473708023065,0.007592890723359558,0.007468506140626552
2018-06-05,1.1146764850580395,1.0065451040342814,0.0016722025707871513,-0.0002009111460244961
2018-06-06,1.1293171532446218,1.0202140223359455,0.013134455048470883,0.01358003555615972
2018-06-07,1.1284111442711418,1.0243109526800798,-0.0008022626512640407,0.004015755767357243
2018-06-08,1.1286364497066854,1.027312914798025,0.00019966608508559247,0.002930713676438268
2018-06-11,1.1300269814045654,1.0277992065389165,0.0012320457116561379,0.00047336282245336037
2018-06-12,1.1324191382924074,1.0274344336126358,0.002116902452071301,-0.0003549067988767307
2018-06-13,1.1271900207037502,1.022891405102276,-0.004617652079372481,-0.004421721096484754
2018-06-14,1.1300239793144795,1.022120438941171,0.0025141800039711892,-0.0007537126201854205
2018-06-15,1.1268616840959,1.0185705597452335,-0.00279843195938001,-0.0034730537231160152
2018-06-18,1.1232226606930602,1.0144672792492668,-0.0032293434537704613,-0.004028469561296766
2018-06-19,1.1086835736492135,1.0028900143682116,-0.012944082729666073,-0.011412161947325417
2018-06-20,1.1119866846323456,1.0011836997065227,0.0029793090306731163,-0.0017013975981841067
2018-06-21,1.1010692730672291,0.993221836042585,-0.009817933718087701,-0.007952450350791285
2018-06-22,1.103809798104828,0.9980562499290717,0.0024889669566063866,0.00486740596214541
2018-06-25,1.0821847549221,0.9843250568429607,-0.0195912767035199,-0.01375793507338574
2018-06-26,1.0845592822747108,0.9857879009105305,0.002194197748407234,0.0014861392152929476
2018-06-27,1.0777658830948165,0.9794913645646364,-0.006263741679151114,-0.006387313477958401
2018-06-28,1.082200477527778,0.9833912958803344,0.0041146175644635186,0.003981588257729429
2018-06-29,1.0993210491023038,0.9860314436654661,0.015820147865427625,0.0026847378009058342
2018-07-02,1.100587752958781,0.9860314436654661,0.0011522601677751432,0.0
2018-07-03,1.0878839726117961,0.9816851977010941,-0.01154272370634013,-0.004407816801678566
2018-07-05,1.0990420029621188,0.9893628920705325,0.010256636398029206,0.007820933215065384
2018-07-06,1.1052257337071556,0.993628534403123,0.005626473536380239,0.004311504268836419
2018-07-09,1.1216248718116535,1.0067898013622771,0.014837817836082845,0.013245661234014605
2018-07-10,1.1274351651038823,1.0124360244318815,0.005180246478347028,0.005608144879859278
2018-07-11,1.1143676794810535,1.0037024008378599,-0.011590454180684273,-0.008626346142634023
2018-07-12,1.1291069351815266,1.0127205545304625,0.013226564240751193,0.008984888035611593
2018-07-13,1.13279851582076,1.0163765101263273,0.003269469457859664,0.003610033961994441
2018-07-16,1.1260081666164414,1.0182859574858365,-0.005994313295333731,0.0018786811191373598
2018-07-17,1.1238665077499705,1.0207641763992423,-0.0019019923034008235,0.0024337160845511185
2018-07-18,1.1262750227405611,1.0238106617408302,0.002143061452567485,0.002984514358972179
2018-07-19,1.1248314051566437,1.0187735481214213,-0.0012817629395746044,-0.00491996597382971
2018-07-20,1.125673503611295,1.0186431535264084,0.0007486441530621946,-0.00012799173599797875
2018-07-23,1.1260856570656181,1.0179110098844604,0.0003661394294178777,-0.0007187439874439816
2018-07-24,1.1295234174779574,1.0258425660055621,0.0030528409546548563,0.00779199364589056
2018-07-25,1.145805282500522,1.0332044846429715,0.014414809618484403,0.007176460483673708
2018-07-26,1.1468022221198706,1.0376787438954191,0.0008700776952021982,0.004330468284788447
2018-07-27,1.126839465912742,1.0341807483263852,-0.017407322572350115,-0.003370981230571002
2018-07-30,1.1148643194269598,1.0285271648535204,-0.010627198325967702,-0.005466726664573929
2018-07-31,1.121290523034371,1.0338146765054113,0.0057641127224470345,0.005140857560766543
2018-08-01,1.128859182825937,1.0295031398936687,0.006749954303621575,-0.004170512094408219
2018-08-02,1.1358339716574717,1.0294627298365535,0.006178617260369279,-3.925199987186989e-05
2018-08-03,1.1394134626937742,1.0347094706272475,0.0031514210048491087,0.0050965815843833084
2018-08-06,1.1416317844167914,1.0365805284324976,0.0019468979397283537,0.0018082929154170646
2018-08-07,1.1480537998143236,1.0417464491089614,0.005625294850049256,0.004983617321343781
2018-08-08,1.1482474686312303,1.0397123078589252,0.00016869315439560495,-0.0019526260461708578
2018-08-09,1.1496946589941826,1.0378414665361242,0.001260347096325276,-0.0017993836455140189
2018-08-10,1.145921011002672,1.0302761987184457,-0.003282304533633207,-0.007289425275064598
2018-08-13,1.1414771143081042,1.0251511932248107,-0.003878013102037059,-0.004974399583344669
2018-08-14,1.1448268421929073,1.0299100547366553,0.002934555448212972,0.004642106982165828
2018-08-15,1.1327222274444966,1.0240122069006925,-0.010573314934880784,-0.005726565935382455
2018-08-16,1.1419197370637977,1.041014088984565,0.008119827965282767,0.016603202549050566
2018-08-17,1.1453228852674553,1.0455304901537181,0.0029801991271365402,0.004338463059187392
2018-08-20,1.1495921307499517,1.0492803991323758,0.0037275475216751452,0.0035866089166909365
2018-08-21,1.1501093079629203,1.0518888683191618,0.00044987887367597956,0.0024859600817310756
2018-08-22,1.1537892183994567,1.0482611276024614,0.0031996179937490155,-0.003448787059128544
2018-08-23,1.154995691380723,1.0454487319488763,0.001045661514275542,-0.0026829151434980547
2018-08-24,1.1622683689124316,1.0509919815336533,0.006296713992945291,0.005302268217824091
2018-08-27,1.1716509001007709,1.0621193237252202,0.00807260305734614,0.010587466305241877
2018-08-28,1.1734592223463551,1.0623639488923997,0.0015433967962885653,0.00023031797060379944
2018-08-29,1.182627999075651,1.0651764167068012,0.00781346002885619,0.002647367521585897
2018-08-30,1.1779755019513838,1.0597962505668104,-0.003934032618797767,-0.005050962503117207
2018-08-31,1.18132220886343,1.0591440611092977,0.0028410666490961134,-0.0006153913614658224
2018-09-04,1.1804714878083513,1.0586545942924899,-0.0007201431148046167,-0.0004621343165491787
2018-09-05,1.1713141878742723,1.0594291684944086,-0.007757324110453823,0.0007316590378907417
2018-09-06,1.170007114497283,1.0609371852329683,-0.0011159033080282432,0.0014234238431463098
2018-09-07,1.1668673885924197,1.0578800200905707,-0.002683510096613717,-0.0028815703558606742
2018-09-10,1.1686361852237697,1.0554350673134691,0.0015158506001986538,-0.0023111815429619487
2018-09-11,1.181626139320471,1.0598772150026732,0.011115481670811,0.004208830866792468
2018-09-12,1.1830582415092061,1.0607744625922635,0.0012119757181054958,0.0008465580511494153
2018-09-13,1.1918986913985021,1.067011033299831,0.00747253987937091,0.005879261735173058
2018-09-14,1.1924487495969895,1.0674595849338098,0.00046149744307721896,0.0004203814393479721
2018-09-17,1.1839564429538687,1.0637498695298182,-0.00712173722014553,-0.003475274807918427
2018-09-18,1.194890541515543,1.0716165530770865,0.009235220287660884,0.007395238084255018
2018-09-19,1.1936516763803164,1.0777712934189962,-0.001036802194161912,0.005743416639316434
2018-09-20,1.2025087563850692,1.0884498674941356,0.007420154623006381,0.009908014938182275
2018-09-21,1.2073788753485202,1.091007174662181,0.004049965488892804,0.002349494675333963
2018-09-24,1.2051659871495846,1.0840639330808115,-0.0018328034754598876,-0.006364065922407347
2018-09-25,1.205132295339278,1.0812455480794751,-2.79561576295162e-05,-0.0025998328284262406
2018-09-26,1.1986151609715656,1.0773652445058048,-0.005407816546711741,-0.0035887348443307543
2018-09-27,1.2062825191260553,1.079285083022858,0.0063968472985731495,0.0017819755434320683
2018-09-28,1.2084991633285331,1.0798977283530506,0.0018375829603198834,0.0005676399496570284
2018-10-01,1.218334326750763,1.089414368964496,0.008138328697838038,0.008812538781759471
2018-10-02,1.2181538346228629,1.0928453271352085,-0.00014814663260898087,0.003149360122699507
2018-10-03,1.2213395479894342,1.0943974341325136,0.0026151979134536596,0.0014202439803385758
2018-10-04,1.2059890729950034,1.0874536152646135,-0.012568556401617248,-0.0063448786074724595
2018-10-05,1.200712098050842,1.0795709120161319,-0.0043756407602072445,-0.0072487719364136005
2018-10-08,1.1986284274516374,1.0816537618171551,-0.001735362375865912,0.001929331160964276
2018-10-09,1.2054398209883976,1.0792031804963835,0.005682656426930999,-0.0022655875727318753
2018-10-10,1.1660105719255716,1.0458349366375914,-0.03270942968392743,-0.030919334247554997
2018-10-11,1.1401479171174027,1.0221861774447998,-0.022180463394477434,-0.022612324721933197
2018-10-12,1.1619952577777886,1.0345615409538795,0.019161847627298778,0.0121067607664338
2018-10-15,1.148504014654305,1.0306403221973799,-0.011610411516897456,-0.0037902228154395035
2018-10-16,1.17364733517447,1.053431377927902,0.0218922356381428,0.02211349123419737
2018-10-17,1.1666930667991549,1.0495507857109663,-0.005925347561311023,-0.003683763649198424
2018-10-18,1.1523081340596482,1.0361136479511845,-0.012329663344080699,-0.01280275137012965
2018-10-19,1.1569806735580035,1.0393626165432464,0.004054939265154545,0.003135726084186219
2018-10-22,1.1540994732990044,1.0341317511321328,-0.002490275183368973,-0.005032762702694149
2018-10-23,1.1453310586268155,1.0285323604322922,-0.0075976247065812075,-0.005414581549894937
2018-10-24,1.1082619379799339,1.0038887200654876,-0.03236541990865538,-0.0239600048718418
2018-10-25,1.1377510917066638,1.0207678566008724,0.02660846927620808,0.016813752558434647
2018-10-26,1.118191890948585,1.0075262024923852,-0.01719110700103943,-0.012972248315676338
2018-10-29,1.1058217222879931,0.9991075608614132,-0.011062652806485662,-0.008355754530399606
2018-10-30,1.1122729139609886,1.0163947668128455,0.00583384422911104,0.01730264751127253
2018-10-31,1.1298221418728032,1.0265711737675123,0.01577780748909796,0.010012258314333389
2018-11-01,1.140394205536112,1.0369510020632646,0.00935728135561642,0.010111162831173637
2018-11-02,1.1340815351065385,1.03176105183498,-0.005535516051316525,-0.005005010090118001
2018-11-05,1.1406135808313886,1.0400165378603496,0.005759767285371087,0.008001354587563902
2018-11-06,1.1434285524795604,1.0471686128440254,0.0024679450564843997,0.006876885821825329
2018-11-07,1.176176530656194,1.0698504170987038,0.028640161298769895,0.021660126150149228
2018-11-08,1.1726368275232384,1.0711580432504617,-0.003009499884324973,0.001222251382865247
2018-11-09,1.1657259259679453,1.062943616729554,-0.005893471357103608,-0.007668734387673237
2018-11-12,1.138549323074364,1.0389541141623013,-0.023313029493631343,-0.022568932340045644
2018-11-13,1.1275146729051178,1.0342132206937098,-0.009691850801377577,-0.004563140377392028
2018-11-14,1.117529866569428,1.0254267032213569,-0.008855588823481364,-0.008495847177876215
2018-11-15,1.1296398344393117,1.0348672863324457,0.010836370670842754,0.009206492362088259
2018-11-16,1.1387919058134948,1.0407294867251677,0.00810176048609823,0.005664688091066683
2018-11-19,1.1210608007481833,1.0235650263222231,-0.015570101064816821,-0.0164927203676678
2018-11-20,1.093478636903441,1.001607428019702,-0.024603628836486147,-0.02145207948479544
2018-11-21,1.0974900340221128,1.0022220216919344,0.0036684732406215836,0.0006136073425968558
2018-11-23,1.0844905555124755,0.9946843193060736,-0.011844734901142018,-0.007520990581643572
2018-11-26,1.1019859689046032,1.009349778480525,0.016132379671909947,0.014743832681189284
2018-11-27,1.1108479800184448,1.01389735312231,0.00804185476395003,0.004505449685272778
2018-11-28,1.1445928741908882,1.0398688246694303,0.030377598716867737,0.025615484118920673
2018-11-29,1.1435800155084324,1.0388450070080903,-0.0008849073808639973,-0.0009845642421921763
2018-11-30,1.1534324332455483,1.046710247339033,0.008615416152349953,0.007571139369091151
2018-12-03,1.1650929165077786,1.0599013888761262,0.010109376957105232,0.012602476731863321
2018-12-04,1.1375759420278064,1.0271286882340693,-0.023617836903901956,-0.03092051863127343
2018-12-06,1.138427419963803,1.0229914921544523,0.0007485020599844461,-0.004027923790864141
2018-12-07,1.1172611039403053,1.0008290292945208,-0.01859259154542381,-0.021664366741952712
2018-12-10,1.1205686576682832,1.0024673684672767,0.002960412491147313,0.001636982066667958
2018-12-11,1.1217870386644957,1.0005013470278061,0.0010872881263230827,-0.001961182479661705
2018-12-12,1.1200685857691406,1.0072603620452203,-0.0015318887062565345,0.006755628103343625
2018-12-13,1.129004435449163,1.0088580025175962,0.007977948666318735,0.001586124633289332
2018-12-14,1.1097687276425134,0.9889899649720123,-0.01703776105981103,-0.019693591661069543
2018-12-17,1.084764518485339,0.9685481767762087,-0.022531008970032018,-0.02066935855752794
2018-12-18,1.0778480542683058,0.9723579070715601,-0.00637600520589543,0.0039334442898153466
2018-12-19,1.064084836601425,0.9562175529732203,-0.012769163160222807,-0.01659919046367353
2018-12-20,1.042088693290973,0.9376603166553109,-0.02067141881347112,-0.019406918708204324
2018-12-21,1.023788415346758,0.9204737750425853,-0.017561152003695235,-0.018329176683120174
2018-12-24,0.9905434315337103,0.8958691736773865,-0.03247251415888275,-0.026730366505075653
2018-12-26,1.0369653715998404,0.9394511316328606,0.04686512331342452,0.04864768119721963
2018-12-27,1.0472761754898527,0.9499252019546706,0.009943248031614393,0.011149138011686599
2018-12-28,1.0446545105671334,0.9467215503552309,-0.002503317638724134,-0.0033725303769681636
2018-12-31,1.0559981484917715,0.9578945703435015,0.010858745939343883,0.011801801685065838
2019-01-02,1.0615665664811136,0.9585513780932557,0.005273132341467868,0.0006856785392559406
2019-01-03,1.033118543450874,0.9312768986866191,-0.026798152775797335,-0.028453852375540767
2019-01-04,1.0624323271428826,0.9623302235592406,0.028374075635205553,0.03334488906190636
2019-01-07,1.0711955914800777,0.9667668870264077,0.008248303551494418,0.0046103337072360695
2019-01-08,1.0829736621564177,0.9772820168526795,0.010995256860669267,0.010876592865746826
2019-01-09,1.0896490164171557,0.981389915640888,0.006163911915868736,0.004203391362339826
2019-01-10,1.0904550421862673,0.9858257853390762,0.0007397113721645532,0.00451998703827261
2019-01-11,1.0881571208506882,0.9853329991247194,-0.0021073049751524353,-0.0004998715003049492
2019-01-14,1.0825962301006926,0.9814716016849138,-0.005110374819445429,-0.003918875591536808
2019-01-15,1.0878781855567161,0.9884543152327873,0.004878970856505127,0.007114534476480028
2019-01-16,1.0851953420613873,0.9934659560840503,-0.0024661249126489704,0.005070179546014408
2019-01-17,1.0884285015043758,1.001434747186351,0.0029793340587389583,0.008021201988351212
2019-01-18,1.0995073902822794,1.015509353597125,0.010178793336071967,0.014054441839888465
2019-01-22,1.0872069261549422,1.0029719168946867,-0.011187250068577792,-0.012345958860967898
2019-01-23,1.1009090390342715,1.010042450155969,0.012603040460557713,0.007049582487985928
2019-01-24,1.0964241001993016,1.0090148079713666,-0.004073850496226439,-0.0010174247472903852
2019-01-25,1.1011558633915064,1.0169069642867805,0.004315632236964406,0.007821645681574507
2019-01-28,1.0915893820978904,1.007493802285877,-0.008687672301132543,-0.009256659981186632
2019-01-29,1.091684748868567,1.010001318490691,8.736505891371316e-05,0.00248886514152713
2019-01-30,1.104150282172852,1.028374761209543,0.011418619997397794,0.018191503696558087
2019-01-31,1.112634690088863,1.0281282598611403,0.007684106097690435,-0.00023969992039951649
2019-02-01,1.120947514919788,1.0296082782029843,0.007471297547141154,0.0014395269536155997
2019-02-04,1.12511391722883,1.0371717420002562,0.0037168576169599454,0.007345962496021041
2019-02-05,1.1304979066099448,1.0439129332960502,0.004785283782086314,0.006499590205565342
2019-02-06,1.1281588690618913,1.0435431091126297,-0.002069033064437509,-0.00035426726849030477
2019-02-07,1.1208233034121289,1.0354455831140907,-0.006502245251914118,-0.007759646849112567
2019-02-08,1.1224471182361053,1.0330613175834777,0.0014487696847782505,-0.002302646869613678
2019-02-11,1.1196868635409354,1.0314993245543431,-0.002459140079140276,-0.001512004178792048
2019-02-12,1.1311224764630803,1.0462562114830174,0.010213224156243594,0.01430624972541783
2019-02-13,1.1389803228678577,1.0514761806108728,0.006946945682971606,0.0049891881840837815
2019-02-14,1.1393180996819217,1.0488457745359385,0.00029656071073591583,-0.002501631633163637
2019-02-15,1.1570023753581766,1.066108301488204,0.015521807018770373,0.016458594172154006
2019-02-19,1.1638425011097462,1.066767851348977,0.005911937518237265,0.00061865183851606
2019-02-20,1.1590641506287598,1.0696117812792754,-0.004105667628076959,0.002665931417695333
2019-02-21,1.1532485444845515,1.0656132782885428,-0.0050175015257382105,-0.0037382750084804517
2019-02-22,1.1629790048242161,1.0723734478790177,0.008437435612818067,0.006343923943339158
2019-02-25,1.1627855990003182,1.0753412057700473,-0.00016630207690393473,0.0027674667783872398
2019-02-26,1.161820055726063,1.0738979894445044,-0.0008303708569192825,-0.0013421008306934157
2019-02-27,1.1590511757914932,1.071136467166395,-0.0023832261467024995,-0.002571494038775435
2019-02-28,1.1587261536593338,1.0687050084619367,-0.00028042086402046973,-0.002269980323693521
2019-03-01,1.1587842371547787,1.0734036878530062,5.012702549378467e-05,0.004396610246855559
2019-03-04,1.156070250355762,1.0645826775104728,-0.0023420984787301258,-0.008217793959863329
2019-03-05,1.1544308270272925,1.0642122038797062,-0.001418100092070551,-0.00034799892821191225
2019-03-06,1.1480524529077052,1.058771566975675,-0.0055251245637747415,-0.005112360940982219
2019-03-07,1.1380913262368921,1.050280331563528,-0.00867654317151123,-0.008019893692840396
2019-03-08,1.1369465485970927,1.0498677881768719,-0.0010058750237423864,-0.0003927935944892935
2019-03-11,1.1526009785324247,1.0583181805670057,0.013768835443186411,0.008049006251356738
2019-03-12,1.155291140090641,1.0546080321981168,0.002333992082534486,-0.003505702195251925
2019-03-13,1.163246345562322,1.0607497835930966,0.006885888063728363,0.005823729013497481
2019-03-14,1.164693024080781,1.0615328727713358,0.0012436561902624543,0.0007382411859531146
2019-03-15,1.1684563404580215,1.0670882453732475,0.0032311658947306032,0.005233349568731116
2019-03-18,1.174569159076938,1.06977334934692,0.0052315336117054745,0.002516290461744619
2019-03-19,1.1704112403955058,1.0693180867570273,-0.00353995220230352,-0.0004255692013364065
2019-03-20,1.1607658092054884,1.0627513081541755,-0.008241061651764414,-0.0061410899938737495
2019-03-21,1.1714263922393475,1.0722104365950476,0.009184094629006934,0.008900603902620485
2019-03-22,1.1507966597017587,1.0531270757656612,-0.01761078004922889,-0.017798148738402686
2019-03-25,1.1476776763935055,1.0535816167473908,-0.002710281857319252,0.0004316107639708022
2019-03-26,1.1565548997828674,1.0593234528985627,0.007734944725297677,0.005449825680233555
2019-03-27,1.1533870397751038,1.0578772779795524,-0.0027390485383429475,-0.0013651872948278188
2019-03-28,1.1575729362328697,1.0618837186600754,0.003629220992965365,0.0037872452352647468
2019-03-29,1.1657337389815325,1.0703517182893807,0.0070499253163440745,0.007974507453594404
2019-04-01,1.1806220319659575,1.0838172874107763,0.01277160683144718,0.012580508716252714
2019-04-02,1.1666314034718324,1.0809259478241837,-0.011850218033648052,-0.0026677370993961613
2019-04-03,1.1663503351545907,1.0822059363833076,-0.00024092298253342026,0.0011841593419978924
2019-04-04,1.168268225820528,1.0895586905970502,0.00164435213685854,0.006794228313249828
2019-04-05,1.1746543539841554,1.0911284048335268,0.005466320167307748,0.0014406880969546343
2019-04-08,1.177069415229969,1.0872455756312867,0.002055976072980359,-0.0035585447001835746
2019-04-09,1.16710745892011,1.080182041969183,-0.00846335499076123,-0.006496723298232254
2019-04-10,1.1692890225230108,1.080554175298724,0.0018692054328222074,0.0003445098280494552
2019-04-11,1.164803175602164,1.0797280782739833,-0.0038363884672136805,-0.0007645123619205441
2019-04-12,1.1628669136112932,1.0907564879864344,-0.0016623083036064745,0.010214062164689341
2019-04-15,1.1619628537860953,1.0896822299145166,-0.0007774404917845201,-0.0009848743360683088
2019-04-16,1.1665615716231656,1.0926567709222765,0.003957715018243491,0.0027297325092594527
2019-04-17,1.1670595949062308,1.0926567709222765,0.00042691555694918115,0.0
2019-04-18,1.1705213830767351,1.0975665207009566,0.0029662479839194233,0.004493405348630963
2019-04-22,1.1726386138270117,1.0955412552313224,0.0018087928857064561,-0.0018452325498602429
2019-04-23,1.1814405028618202,1.1013688905930477,0.0075060542361664595,0.005319412056732364
2019-04-24,1.170566082935856,1.0990542602501423,-0.009204373728192827,-0.002101594082305147
2019-04-25,1.1689775973774799,1.0933094655055031,-0.001357023393666168,-0.005227034690108656
2019-04-26,1.1759609660650285,1.0966573665766808,0.005973911478898586,0.003062171486487353
2019-04-29,1.1795453342874207,1.0970710645363977,0.0030480333325910713,0.0003772353811914986
2019-04-30,1.180591322233873,1.0985173116162241,0.0008867721452048283,0.0013182802159106277
2019-05-01,1.1785301880407841,1.0917394626257615,-0.001745849011653755,-0.006169997430892082
2019-05-02,1.1696247235873187,1.0864899075632322,-0.007556416071335503,-0.004808432086812697
2019-05-03,1.1831845879915566,1.095127918075687,0.011593346250965642,0.007950382651807697
2019-05-06,1.1785864770774657,1.0922346301470551,-0.0038862160315121796,-0.002641963446348594
2019-05-07,1.1591890272571692,1.0726036408829418,-0.01645823212599229,-0.017973234616696088
2019-05-08,1.1562864129632782,1.0731817933429542,-0.002504004287168904,0.0005390178048774175
2019-05-09,1.1506352518550396,1.0681393398231402,-0.004887336774766826,-0.004698601440215167
2019-05-10,1.1520071116204036,1.0742563400581369,0.0011922629374967464,0.005726781148243765
2019-05-13,1.1195355775229376,1.0475984748265885,-0.028186921564912648,-0.024815180732473685
2019-05-14,1.13097860493586,1.057269395263234,0.010221227125484456,0.009231514429463239
2019-05-15,1.137193692929253,1.0618571634796854,0.0054953188029098765,0.004339261343424328
2019-05-16,1.143449992085317,1.0711150354039607,0.0055015246698639775,0.00871856615247335
2019-05-17,1.1347576036266809,1.066656940174359,-0.007601896470158409,-0.004162106853369152
2019-05-20,1.1298120600118546,1.063466710486747,-0.004358237917084895,-0.0029908676046214167
2019-05-21,1.141025573985428,1.0721677895526278,0.009925114424301551,0.008181806708268624
2019-05-22,1.1341716510916902,1.0673201702367623,-0.006006809181145822,-0.004521325265598786
2019-05-23,1.1156661533862577,1.05555290592645,-0.016316311281118767,-0.011025055684745544
2019-05-24,1.1199226872837937,1.0611879440695313,0.0038152397871142885,0.005338470588677424
2019-05-28,1.1086373222418369,1.0502082429080672,-0.010076914388910008,-0.010346613173306651
2019-05-29,1.0997638296339607,1.0410928885959394,-0.00800396345121468,-0.008679568431958828
2019-05-30,1.098137280812204,1.0435786122342379,-0.0014789982884761965,0.0023876098526143252
2019-05-31,1.0799205570074883,1.0284554370021408,-0.016588749078113696,-0.01449164926801183
2019-06-03,1.0828157617910033,1.0296157829278771,0.002680942375555606,0.0011282413257678314
2019-06-04,1.1096053684843858,1.0509535919793938,0.02474068778706351,0.02072405008287581
2019-06-05,1.1126208909515052,1.0595721912322698,0.0027176530979100555,0.008200741991512217
2019-06-06,1.1245992830767282,1.067817141778463,0.010765924154973572,0.0077813957504910825
2019-06-07,1.138072712299114,1.0782997992374097,0.011980648952153672,0.009816903146439238
2019-06-10,1.1456637193602301,1.0813658401602093,0.00667005453964431,0.0028434030359347773
2019-06-11,1.1464047827251882,1.0809103610878679,0.0006468419593246288,-0.00042120719503579984
2019-06-12,1.1405632539649697,1.0791284218907202,-0.0050955202283196055,-0.0016485540904189744
2019-06-13,1.1438826674209117,1.083727952320225,0.0029103282473836867,0.004262264190434406
2019-06-14,1.1409634081141387,1.0835202734909795,-0.0025520618415829643,-0.00019163372948061141
2019-06-17,1.141079750729816,1.0842246352186604,0.00010196875276635708,0.0006500678805128057
2019-06-18,1.1569514116494586,1.0993479547723903,0.01390933535494887,0.013948511279380682
2019-06-19,1.158716551596522,1.1003007661905133,0.0015256820029692086,0.000866705954185587
2019-06-20,1.1714572369685432,1.1107417868584686,0.010995515127894429,0.009489242386065522
2019-06-21,1.1720070736621553,1.1093174766667906,0.00046936130168528933,-0.0012823054003454626
2019-06-24,1.1730719502032068,1.1096081404347549,0.0009085922474205699,0.00026202036304123766
2019-06-25,1.1657641702172685,1.1016752854189602,-0.006229609347212062,-0.00714924010262441
2019-06-26,1.1696218473573443,1.1015093877023392,0.0033091402520604163,-0.00015058676437307295
2019-06-27,1.1722136812312474,1.1012184352911099,0.002215958841534249,-0.0002641397472210594
2019-06-28,1.178047132423749,1.1041257224180994,0.0049764401200080854,0.0026400639816939186
2019-07-01,1.1855944570217645,1.1087777137610375,0.006406640609096348,0.004213280470225733
2019-07-02,1.1854059516459643,1.1116433640970351,-0.00015899650566320034,0.0025845129284545187
2019-07-03,1.1936082193160436,1.1195337885528585,0.006919374462976302,0.007097981880396009
2019-07-05,1.1911359786120472,1.1183294245291933,-0.002071232975769055,-0.0010757728225621044
2019-07-08,1.1857168548536872,1.1133046504093675,-0.004549542500323578,-0.004493107316693501
2019-07-09,1.1873855707561525,1.1124741515748338,0.0014073477117531041,-0.000745976255671299
2019-07-10,1.1928337500026707,1.1159217067332903,0.004588382561402149,0.00309899798892066
2019-07-11,1.1981425619689012,1.1251826815726655,0.004450588329026228,0.008298946766154058
2019-07-12,1.2057451212689358,1.135441351857888,0.006345287732322458,0.009117337525035518
2019-07-15,1.2071795488991257,1.1363129101968834,0.0011896607374868307,0.0007675943258269591
2019-07-16,1.2014407184335787,1.1355656127835174,-0.004753916242849265,-0.0006576510806662883
2019-07-17,1.1904605574254146,1.1308305643410441,-0.00913916170785345,-0.004169770895815272
2019-07-18,1.2004069955897008,1.1307895048365828,0.00835511777542397,-3.630915696484216e-05
2019-07-19,1.1966193233724143,1.1283081108472606,-0.0031553233455006158,-0.0021943907143715524
2019-07-22,1.2009841315093932,1.1291392591291407,0.0036476162900977993,0.0007366323736306413
2019-07-23,1.2133682962019023,1.1362053184198142,0.010311680535649348,0.006257916579858636
2019-07-24,1.21505816210292,1.1331295357868176,0.001392706490112916,-0.0027070658648863377
2019-07-25,1.2128639344360979,1.1280581457796768,-0.001805862250268353,-0.004475560690084257
2019-07-26,1.211417732026401,1.1300120442020127,-0.0011923863581361216,0.0017320901672008837
2019-07-29,1.2170881413392283,1.13113457786002,0.004680804286513185,0.0009933820296579299
2019-07-30,1.2117365163234686,1.1302199395137071,-0.004397072680267011,-0.0008086025873624836
2019-07-31,1.1986947806488317,1.1161295298841685,-0.010762847779983375,-0.012466962523773217
2019-08-01,1.1815401299879689,1.1046567538650829,-0.014311108163478692,-0.010279072197181494
2019-08-02,1.1697360390634983,1.1007082583200307,-0.009990427430163318,-0.003574409454553895
2019-08-05,1.133105686289473,1.0686607017207426,-0.03131505874039053,-0.029115395798157362
2019-08-06,1.1467330658240935,1.081920396033299,0.012026574131178691,0.012407768238511974
2019-08-07,1.1486063087437333,1.0817125728824208,0.0016335474884849877,-0.00019208728446207246
2019-08-08,1.1697950127698753,1.0978818634680878,0.0184473164258665,0.014947862298189785
2019-08-09,1.160246285121275,1.0939326463148724,-0.008162735816415023,-0.003597123957162607
2019-08-12,1.1450749598834449,1.0782207831435866,-0.013075952435602334,-0.014362733596272381
2019-08-13,1.1641896706101422,1.093890937363064,0.016692977662041475,0.01453334462148903
2019-08-14,1.124493365413246,1.0602645021036325,-0.034097798837273374,-0.030740208288489446
2019-08-15,1.1215742883779072,1.0655845582836647,-0.002595904186830089,0.0050176688642096234
2019-08-16,1.136496466033256,1.0788959197406753,0.013304671665512302,0.01249207428310628
2019-08-19,1.1495810385384002,1.0891483120348822,0.011513078039576907,0.009502670374980315
2019-08-20,1.1395980860656323,1.0822723243342827,-0.00868399193975955,-0.006313178494261162
2019-08-21,1.151019929412133,1.0920237762418934,0.010022694392137543,0.009010164713958657
2019-08-22,1.151979328549152,1.0942326188281366,0.0008335208735341659,0.002022705580499995
2019-08-23,1.1146292911629194,1.0681021770027574,-0.03242248924142821,-0.0238801525158
2019-08-26,1.1272441289657313,1.0798127229114765,0.01131751866098063,0.010963881696768318
2019-08-27,1.1238097020138738,1.074395393951103,-0.0030467463645241777,-0.005016915290428137
2019-08-28,1.1340698630696442,1.0851888480457557,0.00912980288155918,0.0100460725682745
2019-08-29,1.1503212003678416,1.0998171443998241,0.014330102427912994,0.01347995455391171
2019-08-30,1.152848216631833,1.1007759451656984,0.0021967918727250346,0.0008717819782646519
2019-09-03,1.1393568589216287,1.0894816228452664,-0.01170263137468408,-0.010260328062248747
2019-09-04,1.155763618575945,1.099942126933616,0.014400018331258257,0.009601358911434543
2019-09-05,1.1788528258408564,1.1155705722012856,0.019977447718384056,0.01420842504799591
2019-09-06,1.1805514650253404,1.1182374916492561,0.001440925573785945,0.002390632663165304
2019-09-09,1.1924589802160317,1.120238294602172,0.01008640075715439,0.001789246888838525
2019-09-10,1.196724326725659,1.1226973187384481,0.003576933530119897,0.002195090230466823
2019-09-11,1.2045029127559248,1.1322822956429077,0.006499897976962377,0.008537454169063041
2019-09-12,1.2051930205458379,1.1349082999080489,0.0005729399095715237,0.0023192133933791492
2019-09-13,1.2068839203174067,1.1360745630207199,0.001403011586312397,0.001027627617813165
2019-09-16,1.204686536305611,1.130115450651738,-0.001820708665351889,-0.005245353221479787
2019-09-17,1.2032981173852122,1.1317409451991969,-0.0011525146820819954,0.0014383437962215417
2019-09-18,1.2036997991132858,1.133449352524558,0.0003338172995288602,0.0015095392038328992
2019-09-19,1.2017804158335406,1.131157524999596,-0.0015945697433522588,-0.0020219937660710396
2019-09-20,1.1926809531169769,1.124795177989257,-0.007571651690007286,-0.005624633943306145
2019-09-23,1.195238316479582,1.125253976459147,0.0021442141386778246,0.0004078951251462737
2019-09-24,1.1839508011069564,1.11944770069904,-0.009443736213102127,-0.005159969110598128
2019-09-25,1.1972697969164108,1.126173088776069,0.011249619322865057,0.006007773362551427
2019-09-26,1.194386132401064,1.1232489160180708,-0.002408533584304595,-0.0025965571253139252
2019-09-27,1.1911606332572648,1.119530757798575,-0.0027005497270091716,-0.0033101818897602886
2019-09-30,1.1960146771418567,1.124502421557621,0.004075053984380128,0.004440846063776149
2019-10-01,1.176772766979389,1.109129064775491,-0.016088356213529553,-0.013671252713564841
2019-10-02,1.1483889728142456,1.089160507212833,-0.024120029764115536,-0.01800381776732185
2019-10-03,1.1553917761597021,1.0945495491332258,0.006097936771628509,0.00494788590359696
2019-10-04,1.1706320918271633,1.1097975625774823,0.013190604245182591,0.013930857178947598
2019-10-07,1.165418335333998,1.1059542053417457,-0.004453795970198904,-0.0034631155855221474
2019-10-08,1.1465499167293873,1.0927536107377203,-0.016190253776300123,-0.011935932374294245
2019-10-09,1.1569056103512805,1.100481601196104,0.00903204777288158,0.007072033789178311
2019-10-10,1.1686447523750354,1.1070818624177086,0.010147017975122852,0.005997611604256381
2019-10-11,1.1893647952826656,1.1202406759091095,0.017729975568298917,0.01188603475326011
2019-10-14,1.1890070909137145,1.1189873868520082,-0.0003007524439683218,-0.0011187676756017062
2019-10-15,1.1963157946178462,1.1288467913407694,0.006146896650141231,0.008811005918930137
2019-10-16,1.1933708348694652,1.1282622165681084,-0.0024616909361476758,-0.0005178512949189917
2019-10-17,1.1955304854771565,1.1295155056252097,0.001809706207481998,0.0011108136377318
2019-10-18,1.1889230532613313,1.1187850479231671,-0.005526778527264464,-0.009500053473018188
2019-10-21,1.1990976326055156,1.1211670764684754,0.008557811471713306,0.002129120825962172
2019-10-22,1.2022467711685754,1.11953725227204,0.002626257009795685,-0.001453685387880932
2019-10-23,1.1986887090794103,1.1212925641279814,-0.0029595106216893097,0.001567890530108862
2019-10-24,1.1990154730501938,1.1202060387172965,0.00027260119187610954,-0.0009689936823311651
2019-10-25,1.2129390787854326,1.126978403485722,0.011612532155084176,0.006045642082219249
2019-10-28,1.2179810981114425,1.1320361550985865,0.004156861143478574,0.004487886899359417
2019-10-29,1.2106289484720627,1.1322870582567819,-0.006036341328104156,0.00022163882051406958
2019-10-30,1.211133899904144,1.1359239633971496,0.00041709842864623425,0.0032119992133152753
2019-10-31,1.2051358708182913,1.1306569454170814,-0.004952407893402677,-0.004636769845330568
2019-11-01,1.2202067120171207,1.142611900010531,0.012505512086862236,0.0105734587682913
2019-11-04,1.2340154203458509,1.1476702289099256,0.011316695927612974,0.00442698776316619
2019-11-05,1.2340126221075052,1.1487565378381617,-2.2675878271760652e-06,0.0009465340311805015
2019-11-06,1.2316339654129196,1.148714973207986,-0.0019275789015213984,-3.618227954016451e-05
2019-11-07,1.2447336074455204,1.1581197645542014,0.010635986340478132,0.008187227959561616
2019-11-08,1.2458066890988804,1.1582044813525108,0.0008620974375088686,7.315029144838725e-05
2019-11-11,1.2401932657981578,1.1585804392053147,-0.004505854198601944,0.00032460403914602587
2019-11-12,1.2385749437742732,1.159123954473514,-0.0013048950260531322,0.00046912173709068306
2019-11-13,1.238783842853623,1.1623006900884827,0.0001686608310622617,0.0027406349447860467
2019-11-14,1.2297932755143528,1.1630526057940902,-0.007257575557782503,0.0006469201231829036
2019-11-15,1.2406246606822062,1.1723669796375105,0.008807484463861037,0.008008557649944681
2019-11-18,1.2373477152417278,1.1737485706259525,-0.0026413673243255165,0.0011784628980844314
2019-11-19,1.2362428481647176,1.1698124145804836,-0.0008929317631578559,-0.003353491662502983
2019-11-20,1.2308712949396743,1.1650803968922943,-0.004345063134656546,-0.004045108112386009
2019-11-21,1.2334222586609895,1.1630697800683643,0.0020724861582219756,-0.0017257322578708711
2019-11-22,1.237123817202013,1.167843867512443,0.003001047301547599,0.004104730022129965
2019-11-25,1.2464601321232676,1.1759683816562698,0.00754679102563105,0.006956849601079229
2019-11-26,1.2447248311447308,1.1783132473811953,-0.00139218329877977,0.0019939870505896184
2019-11-27,1.248180474276809,1.1806176308881893,0.0027762305737086823,0.001955662903829314
2019-11-29,1.2446541440852328,1.176596758044411,-0.0028251765383682237,-0.0034057367420079476
2019-12-02,1.2327197172023183,1.1650803968922943,-0.00958854870618353,-0.009787857287026469
2019-12-03,1.2210123644025515,1.1538145780942914,-0.009497173312305707,-0.00966956342931613
2019-12-04,1.228669748246273,1.1602632294408977,0.0062713401329628216,0.005588984113250817
2019-12-05,1.2330783309721518,1.1615621962947023,0.003588094141791398,0.0011195449625949205
2019-12-06,1.250050130676116,1.1755496324394135,0.01376376445654004,0.012041917505003275
2019-12-09,1.2473275687005956,1.1716134763939448,-0.0021779622342408267,-0.003348353771589152
2019-12-10,1.247941958024738,1.1703570844217432,0.0004925645352185093,-0.001072360464876576
2019-12-11,1.2489596702108308,1.1714453416920187,0.0008155124359339183,0.0009298506282919838
2019-12-12,1.266273700761164,1.1807848274995036,0.01386276191561131,0.007972617650256808
2019-12-13,1.2663548478046505,1.181454407713739,6.408333635743446e-05,0.0005670637008889923
2019-12-16,1.2752607420218847,1.1854754970399661,0.00703270037831305,0.00340350782897203
2019-12-17,1.2800107350361998,1.1868568715459593,0.0037247229980468255,0.0011652493108817996
2019-12-18,1.2803803618462124,1.1860614428681364,0.00028876852349379867,-0.0006701976429447365
2019-12-19,1.2852174587960346,1.1912963492849613,0.0037778593720754206,0.004413689061644188
2019-12-20,1.2903712023884506,1.194934336837573,0.004010016792989957,0.003053805675468979
2019-12-23,1.294201282064847,1.1985883440913987,0.002968199901940638,0.003057914682990992
2019-12-24,1.2925829032936658,1.1972447096923182,-0.0012504845989637081,-0.0011210140710145033
2019-12-26,1.2993326867147208,1.2016555395872581,0.00522193462706011,0.0036841506663023438
2019-12-27,1.2995679847415178,1.2027898354583184,0.0001810914396311869,0.0009439442782828156
2019-12-30,1.29217825896946,1.1952286086463515,-0.005686294106058365,-0.006286407308293995
2019-12-31,1.2972916217630042,1.197622904530427,0.003957165165139331,0.0020032116590542604
2020-01-02,1.3156019266791719,1.2124095217154072,0.014114255121207231,0.012346638603056626
2020-01-03,1.3071047382150442,1.2027474048983475,-0.0064587838401667375,-0.007969350820825727
2020-01-06,1.307517860165226,1.2055206893895105,0.0003160587962873773,0.0023057912907302747
2020-01-07,1.300749340721558,1.2003113279016477,-0.005176617199563638,-0.004321254320820422
2020-01-08,1.3075974072201644,1.2072842997393236,0.005264708798397466,0.005809302699713692
2020-01-09,1.317588206621867,1.2163585945469895,0.007640577555856565,0.007516286602604838
2020-01-10,1.3119263617205679,1.210813324459357,-0.004297127792161515,-0.004558910597986632
2020-01-13,1.3206411391675053,1.214089714161604,0.006642733693915659,0.002705941234756315
2020-01-14,1.3173795939514448,1.2149295217414375,-0.0024696680417789496,0.0006917178936924895
2020-01-15,1.3207025743648877,1.2196768375226774,0.002522416795204485,0.003907482447570443
2020-01-16,1.3330826953063806,1.2305140932328105,0.009373890217065917,0.00888535009990421
2020-01-17,1.339320312598025,1.2325231946795985,0.004679092537624552,0.0016327333899197605
2020-01-21,1.3387460894820076,1.2264714999833328,-0.0004287421840886152,-0.004910004714222649
2020-01-22,1.344029392756153,1.2263873604715536,0.003946456550390165,-6.860290824561854e-05
2020-01-23,1.3410176993891423,1.225252415153147,-0.0022407942737284747,-0.0009254378795703344
2020-01-24,1.3287777435742385,1.2179397823532545,-0.009127363360289187,-0.005968266382872955
2020-01-27,1.3104530878000247,1.1992800776762311,-0.013790610102275558,-0.015320712031402617
2020-01-28,1.324905413723993,1.2073915307123115,0.011028495455896792,0.006763601920076523
2020-01-29,1.3277530308158911,1.2073915307123115,0.0021492984045510255,0.0
2020-01-30,1.3351007664619088,1.2126449102981034,0.005533962623683442,0.004351015765940103
2020-01-31,1.3092440202882432,1.1869236203010158,-0.019366887371495944,-0.02121090005710291
2020-02-03,1.3183496211871153,1.1934798634246913,0.006954853913991865,0.005523727905939468
2020-02-04,1.343981158049014,1.2105425770766853,0.01944213920949034,0.01429660790675813
2020-02-05,1.3576954135494295,1.2307997057436355,0.010204202207956259,0.01673392497756554
2020-02-06,1.3609604341007726,1.2344982362211039,0.002404825499710217,0.003004981606843815
2020-02-07,1.3516772534744745,1.2237819220390513,-0.006821051070769579,-0.008680704327983513
2020-02-10,1.362266009030893,1.2311779727425602,0.007833789855677509,0.0060436018626470744
2020-02-11,1.3581890797148295,1.2311364081123846,-0.0029927556652197262,-3.376005020871986e-05
2020-02-12,1.3731985628746974,1.2428196772325506,0.011051099868230052,0.009489825045527756
2020-02-13,1.3694504515496082,1.2390372958865683,-0.0027294751293962527,-0.0030433870780068872
2020-02-14,1.372407427466666,1.2378607859379858,0.002159242719378174,-0.0009495355406075046
2020-02-18,1.361509311923419,1.2311779727425602,-0.007940874790632657,-0.005398679133664985
2020-02-19,1.3724842704971518,1.2360114485384353,0.008060876615106238,0.003925895283123149
2020-02-20,1.3568054306620532,1.2304640136263143,-0.0114236936423463,-0.004488174376281684
2020-02-21,1.3375407067368386,1.221040532628683,-0.01419858993032952,-0.007658477528212471
2020-02-24,1.2837808018649721,1.1781398449396814,-0.040193098124858606,-0.035134532018068376
2020-02-25,1.237410619824075,1.1408012408085049,-0.036120015172009245,-0.03169284554083496
2020-02-26,1.2333596968094989,1.13675568896556,-0.0032737095913659697,-0.0035462372394317043
2020-02-27,1.1702445301150446,1.0851729726661747,-0.051173365610796995,-0.0453771349464942
2020-02-28,1.1707840686182354,1.0727827440289415,0.00046104766081467297,-0.011417745326619766
2020-03-02,1.2371827025724846,1.125335157377459,0.056712963332865574,0.048987004723017646
2020-03-03,1.2005875509046586,1.092758229029962,-0.02957942395390223,-0.02894864532928665
2020-03-04,1.2509358728403512,1.1416015042610186,0.041936401804061996,0.04469723854142438
2020-03-05,1.2082888871051891,1.1018615324857717,-0.03409206391877517,-0.03481072127788709
2020-03-06,1.1942036533474656,1.0908623479039128,-0.011657173965630707,-0.009982365531034598
2020-03-09,1.126347277728612,1.0060287933938186,-0.0568214436697172,-0.07776742379375501
2020-03-10,1.1800037694772816,1.0555463392921685,0.047637609474116216,0.04922080384131289
2020-03-11,1.1220314534825344,0.9938918492217182,-0.04912892441049388,-0.05841002689829289
2020-03-12,1.0223006379871689,0.893887276858335,-0.08888415310089881,-0.1006191694213946
2020-03-13,1.1191434668548395,0.9781725534863556,0.09473028311744636,0.09429072189532706
2020-03-16,0.984864044272247,0.8533460313791469,-0.11998410084094191,-0.12761196545773856
2020-03-17,1.0529854915267205,0.8996191548168605,0.06916837674261012,0.054225509624658
2020-03-18,1.0166374873923545,0.8402823258435991,-0.03451899805539116,-0.06595772072610095
2020-03-19,1.0195326558699926,0.848373357368673,0.002847788433480103,0.009628944077755053
2020-03-20,0.9833317563072312,0.8111428501402799,-0.03550734677730383,-0.043884578534936325
2020-03-23,0.9608812889110868,0.7867536488116683,-0.02283102040806051,-0.03006770179185292
2020-03-24,1.0354594642533796,0.8734476534870197,0.07761434862240701,0.11019205923772457
2020-03-25,1.049962737162021,0.8963570529562361,0.014006606158261325,0.026228703434895584
2020-03-26,1.1105211753953896,0.9513492956638998,0.05767674993595873,0.06135082278462156
2020-03-27,1.0723061108100929,0.9144907774434154,-0.03441182881694327,-0.03874341252837388
2020-03-30,1.115131835806012,0.9430222261087834,0.039937966000739955,0.031199274360241835
2020-03-31,1.0914021791936483,0.9266641628277358,-0.021279687163815897,-0.01734642389983354
2020-04-01,1.0564234465913476,0.8850291758562352,-0.03204935198878178,-0.044929963455639155
2020-04-02,1.07593872955691,0.9043884796470651,0.018472974098151962,0.021874198409448375
2020-04-03,1.055162920948724,0.8901860042698481,-0.019309471847659743,-0.015703954325866243
2020-04-06,1.142450004065734,0.9575205608327368,0.08272379685075348,0.07564099664554735
2020-04-07,1.1340620164721826,0.9578164201794732,-0.007342104743052413,0.00030898484987007535
2020-04-08,1.1610924590513887,0.9904906934681279,0.0238350656195081,0.03411329415560882
2020-04-09,1.1644303435371994,1.0023681473448953,0.0028747792303618347,0.011991484579405132
2020-04-13,1.1590486510006022,0.9889264634536884,-0.004621738489096083,-0.013409927207694738
2020-04-14,1.2039850600439765,1.0131043057514244,0.03877008010369609,0.024448574480753882
2020-04-15,1.1753097499553955,0.9936607181271825,-0.023816998267016443,-0.019192088626867054
2020-04-16,1.1912814299836891,0.994759438715818,0.013589336793045304,0.0011057301235639638
2020-04-17,1.2117940907060283,1.025294721088386,0.017218988062812413,0.03069614741428084
2020-04-20,1.1886750676361848,1.0008074532104538,-0.019078342803581116,-0.023883150253556473
2020-04-21,1.1535211180359495,0.9736557193523045,-0.029574061539073826,-0.027129827791599892
2020-04-22,1.1907721647217735,0.9928988442289286,0.032293337419994295,0.019763787645005637
2020-04-23,1.1781615868773643,0.9941677921831618,-0.010590252458039018,0.0012780233974576394
2020-04-24,1.1904491074944865,1.005840092859254,0.010429401835863272,0.0117407753176757
2020-04-27,1.1982801947097865,1.0206001548638444,0.006578262914390232,0.014674362365724392
2020-04-28,1.1894019121406414,1.0196274270604286,-0.007409187440751586,-0.0009530939210424805
2020-04-29,1.217746644217844,1.0422960980465446,0.02383107996370115,0.022232307982798627
2020-04-30,1.2024888045752222,1.0286360555252825,-0.012529568211146147,-0.013105721634057321
2020-05-01,1.178029856684893,1.003513916785744,-0.02034027077613354,-0.024422767026875736
2020-05-04,1.186864447507742,1.0041059962832979,0.007499462575346172,0.0005900062646368998
2020-05-05,1.1994498407500922,1.0099428682295066,0.01060390111842846,0.005813003774316705
2020-05-06,1.2018175078983082,1.001737606132266,0.0019739609509101808,-0.008124481448762433
2020-05-07,1.2074033632431485,1.0104078003687802,0.00464783988261952,0.00865515498613445
2020-05-08,1.2292745440160322,1.030327577219635,0.018114228797687426,0.019714591320043606
2020-05-11,1.234741968058784,1.0258448029908664,0.004447683448230988,-0.004350824269758413
2020-05-12,1.2142052261568441,1.0068976817826114,-0.016632415867605777,-0.018469773549580237
2020-05-13,1.196500085241857,0.9846515845366146,-0.014581670819377668,-0.022093701920747666
2020-05-14,1.2122161324205742,1.0012726018321763,0.013135015511127612,0.016880100084725624
2020-05-15,1.2184784595928706,1.0039080591642497,0.00516601537037098,0.002632107706983078
2020-05-18,1.2490501646575416,1.042130921938086,0.02509006607706943,0.03807406706711447
2020-05-19,1.238716584822473,1.0264093170566027,-0.008273150372548721,-0.01508601707379087
2020-05-20,1.2606833394022667,1.0412831766684623,0.017733479028975596,0.014491158025058404
2020-05-21,1.250101198675117,1.0382745035946033,-0.008393972059761778,-0.0028893898809401186
2020-05-22,1.251705169415923,1.037681269523989,0.0012830727164376832,-0.0005713653456388412
2020-05-26,1.2558373253852007,1.0604366056504537,0.003301221461924575,0.021929022711283164
2020-05-27,1.2695507472852008,1.0838276785683199,0.010919743841658613,0.022057964420719278
2020-05-28,1.2650499276454366,1.0778108375463162,-0.0035452065617611606,-0.005551473856020728
2020-05-29,1.2836057841785464,1.077556182025674,0.014668082363868962,-0.00023627107073997955
2020-06-01,1.2735614626581098,1.0817088205199745,-0.007825082781832915,0.0038537559002205235
2020-06-02,1.2840970812400858,1.0926416171508582,0.008272563901224439,0.010106968181722298
2020-06-03,1.2915510394571206,1.1151851612815495,0.0058048245151653965,0.020632148525950633
2020-06-04,1.2825034836976277,1.1158631843112896,-0.00700518638682357,0.0006079914379069074
2020-06-05,1.3055916558099727,1.150652996250741,0.018002424481357915,0.03117748880739679
2020-06-08,1.310018113517416,1.1707393202655632,0.0033903844956002516,0.01745645653404715
2020-06-09,1.3110619665589849,1.158450549736016,0.000796823365110555,-0.010496589904197995
2020-06-10,1.3222530041889509,1.1460763407999963,0.008535857126065416,-0.010681689381423776
2020-06-11,1.2545284533431533,1.0679795036150865,-0.05121905613467581,-0.0681427880540626
2020-06-12,1.2630603964488571,1.087938102985098,0.006800916378554289,0.018688185777397504
2020-06-15,1.270371473152277,1.0947606916816526,0.00578838250647018,0.006271118437560563
2020-06-16,1.290627262617596,1.1179392509955828,0.015944776699886587,0.02117226119831339
2020-06-17,1.2894195676071007,1.1094645404103634,-0.0009357426775922217,-0.0075806539377450965
2020-06-18,1.2874966578290934,1.1078966301942939,-0.0014912987411660472,-0.001413213454744211
2020-06-19,1.27718634690121,1.0998348959606281,-0.008008029275406559,-0.007276612288505624
2020-06-22,1.2964402566817723,1.1062948765553902,0.015075254936194327,0.00587359122581721
2020-06-23,1.3056301976614677,1.1113096924825696,0.007088595816375554,0.004532983053120443
2020-06-24,1.282077945969911,1.0821135705384728,-0.01803899123483932,-0.026271814366052415
2020-06-25,1.2912390094312252,1.0940556083458088,0.007145480889138689,0.011035845157540747
2020-06-26,1.261880422752389,1.0640520068675707,-0.022736756297169425,-0.02742420152080105
2020-06-29,1.279795372835043,1.0875532693518923,0.014197026722689188,0.02208657314928275
2020-06-30,1.2985500247458037,1.0958826480531296,0.01465441453285976,0.007658823651186308
2020-07-01,1.2922871643780902,1.0935030008147584,-0.004822964266578356,-0.002171443486762681
2020-07-02,1.2971372356287303,1.0982202976964273,0.00375309094165166,0.004313931354696043
2020-07-06,1.3140539068176367,1.1176837295451452,0.013041543118378573,0.017722702712327898
2020-07-07,1.3081055850967076,1.1008549612595218,-0.004526695358590516,-0.015056824968251115
2020-07-08,1.3183088058380654,1.1079944081003492,0.007799997842378614,0.006485365549571576
2020-07-09,1.3194390550198738,1.093205337447615,0.0008573478207860585,-0.01334760405342661
2020-07-10,1.3296400342172228,1.1084195074690377,0.007731300023702259,0.013917028668140707
2020-07-13,1.3112614918779453,1.1093544951655407,-0.013822193876778965,0.0008435323360900249
2020-07-14,1.3277792878226942,1.132940907413069,0.01259687411478283,0.021261384300794273
2020-07-15,1.333831640969991,1.1428002397410142,0.00455825241650043,0.008702424163020028
2020-07-16,1.3242707860653462,1.136680425234183,-0.007167962290722141,-0.005355104325335258
2020-07-17,1.3294750703154516,1.134473242346714,0.00392992453270713,-0.0019417796228997641
2020-07-20,1.344089874248355,1.1348134805954608,0.010992913112267244,0.00029990857082085043
2020-07-21,1.3422333997879885,1.1412780073216482,-0.00138121303934724,0.005696554400107523
2020-07-22,1.3487230545959148,1.148252855340547,0.004834967457188366,0.0061114364547052435
2020-07-23,1.3302261576725298,1.1342605844211455,-0.013714377358906127,-0.012185705312486972
2020-07-24,1.2994290078135948,1.1257539065943152,-0.023151814961164363,-0.007499756179195516
2020-07-27,1.3048670273900722,1.1311134347408507,0.004184930106822415,0.004760834597278274
2020-07-28,1.2974135193086789,1.1225216793116295,-0.005712082476558189,-0.007595838901152896
2020-07-29,1.3017158155233437,1.1291991526066507,0.0033160562539515936,0.005948636376551741
2020-07-30,1.2972123581142114,1.119757270600869,-0.0034596317840094315,-0.008361573761356489
2020-07-31,1.3154222929850918,1.1243080924793865,0.014037743902896915,0.004064114605905278
2020-08-03,1.3306957664987473,1.1343875874577933,0.011611080027384535,0.008965064865964933
2020-08-04,1.3407024132525798,1.1415760314928727,0.0075198606666957435,0.006336850045396636
2020-08-05,1.3433756977566838,1.1568446107697683,0.0019939432328002216,0.01337499987357682
2020-08-06,1.3568575731660844,1.1649247460115844,0.010035819042963245,0.006984633170776133
2020-08-07,1.3491131163222496,1.1679872510543858,-0.0057076416839859645,0.00262892951092919
2020-08-10,1.358723507130752,1.1829587442506684,0.007123487787814797,0.012818199156512389
2020-08-11,1.3396505147467344,1.1789182436648629,-0.014037434609705413,-0.00341558875611081
2020-08-12,1.3634129452969332,1.1910396011006472,0.017737783316338573,0.010281762540295558
2020-08-13,1.3442181348753672,1.188402628391432,-0.014078500932368399,-0.0022140092628141206
2020-08-14,1.3467012860385879,1.190018309067877,0.0018472828916646922,0.0013595398039736306
2020-08-17,1.350515388104399,1.1864036294589226,0.0028321812010965175,-0.003037499155610246
2020-08-18,1.3491932857719033,1.1832133997713106,-0.000978961324055172,-0.002688991847628608
2020-08-19,1.344531699582893,1.1799380203204912,-0.003455091452180814,-0.0027682068606156296
2020-08-20,1.3557712674037437,1.1818098718947203,0.008359466589249909,0.0015863982192223514
2020-08-21,1.3659606662997597,1.190436986123917,0.007515573711433188,0.007299917215419338
2020-08-24,1.3684016594250252,1.2070170160758331,0.0017870156773094337,0.013927683821300718
2020-08-25,1.371217747097152,1.2046306578815482,0.002057939386970631,-0.0019770708801134518
2020-08-26,1.3791688323329871,1.2080834086187766,0.005798557707313412,0.0028662318318382063
2020-08-27,1.390494103740499,1.2149459744075486,0.008211664258939377,0.0056805397208608
2020-08-28,1.4050301487609844,1.2220211981218894,0.010453870305082713,0.0058234883388876835
2020-08-31,1.404695399262093,1.2117065310432353,-0.00023825075866634737,-0.008440661335913369
2020-09-01,1.4231238154385262,1.222404372056321,0.013119154648127962,0.008828739252461748
2020-09-02,1.4414678701113548,1.2412444066132207,0.01288999205397734,0.015412276810829129
2020-09-03,1.3865341478702364,1.2076993687545499,-0.0381095710699918,-0.027025328517048197
2020-09-04,1.3768861739259888,1.2010075354570895,-0.006958338501123262,-0.005540976066221948
2020-09-08,1.3336360907091933,1.1739419616135751,-0.0314115168238448,-0.022535723585792145
2020-09-09,1.3577704171976048,1.1928237051222832,0.018096635698856556,0.01608405196007756
2020-09-10,1.332481563928334,1.1755181703235167,-0.018625279317446175,-0.014508040647123521
2020-09-11,1.333600278466743,1.1810596880487032,0.0008395722452705368,0.004714106395872664
2020-09-14,1.3500725463568937,1.1957223329513196,0.01235172799235551,0.012414821241457652
2020-09-15,1.3583093124750756,1.1959360732891322,0.006100980380949528,0.00017875415715029597
2020-09-16,1.348698365913959,1.197853386177616,-0.007075668607177343,0.0016031901130055815
2020-09-17,1.3457997969341964,1.1916305260251407,-0.002149160296341379,-0.0051950098603741335
2020-09-18,1.3304132363785013,1.1814488513308856,-0.011433023389323171,-0.008544321811071454
2020-09-21,1.3251104578582578,1.15974468181513,-0.003985813110727987,-0.01837080758198395
2020-09-22,1.3409930615371781,1.1655979342666336,0.01198587150582986,0.0050470181439785655
2020-09-23,1.3077595566966538,1.1432523272549906,-0.024782756744787915,-0.019170939098911766
2020-09-24,1.31087132981712,1.1454739423057148,0.0023794688438953937,0.001943241223097525
2020-09-25,1.3303172018094893,1.1608550924560026,0.014834310240870341,0.013427760843976344
2020-09-28,1.3478578488978978,1.178800621534331,0.013185311792217602,0.015458888189361586
2020-09-29,1.3435418682011884,1.172476447595803,-0.0032021037680186604,-0.0053649224669533035
2020-09-30,1.3604320755982455,1.1856365599818968,0.012571403836987072,0.011224201913035525
2020-10-01,1.3723335049177683,1.1883707333106375,0.00874827162119729,0.0023060804811740887
2020-10-02,1.345140503591716,1.1826449168606792,-0.019815155156239994,-0.004818207222258786
2020-10-05,1.3708504777370087,1.2027692696256793,0.01911322577577823,0.017016394758978093
2020-10-06,1.3524766617479447,1.1865763824530902,-0.013403223974795209,-0.013463003737723245
2020-10-07,1.3732509379211049,1.2087938318550249,0.015360173495571727,0.018723994283455392
2020-10-08,1.3653665300836146,1.2146460740551008,-0.005741418133983656,0.0048413898597539085
2020-10-09,1.3766121601183539,1.2216536109237734,0.008236345176888538,0.00576920060777697
2020-10-12,1.4006671965547792,1.232463156880456,0.017474083938323837,0.008848290431940686
2020-10-13,1.3976419833329663,1.22511415502916,-0.0021598372755884387,-0.005962857234529828
2020-10-14,1.381582459294656,1.2182357860216233,-0.01149044192276849,-0.0056144719080263306
2020-10-15,1.3783026452070497,1.2178514575141313,-0.002373954638422937,-0.00031547957456345976
2020-10-16,1.3807503641021333,1.2223261497314764,0.0017758936352587629,0.0036742512313272524
2020-10-19,1.3597382517859282,1.205485114107086,-0.015217893735533172,-0.013777857593973653
2020-10-20,1.3599987919127545,1.209417734272557,0.00019161050039162575,0.003262271860058563
2020-10-21,1.3574150652790702,1.2052291596917508,-0.0018998006829480385,-0.0034632984634754838
2020-10-22,1.3583924131998244,1.2124100990019375,0.0007200066845827191,0.005958152648765314
2020-10-23,1.3441298909779253,1.2110850820934567,-0.010499559687838889,-0.001092878481935844
2020-10-26,1.3220359313017098,1.183985592666292,-0.01643736950164909,-0.022376206121142994
2020-10-27,1.3180091369579692,1.1739838148870159,-0.003045903858131749,-0.008447550241513113
2020-10-28,1.2711592325528156,1.1347459380714255,-0.03554596329528148,-0.03342284307332344
2020-10-29,1.2814964914166425,1.139489934455117,0.008132151031202461,0.004180668310436175
2020-10-30,1.2676150724607997,1.132950504801634,-0.010832194273507012,-0.005738909538161141
2020-11-02,1.2792823273316891,1.1506465017772762,0.009204099197274385,0.015619391050750941
2020-11-03,1.2979986246329709,1.173940879201331,0.014630310214884368,0.020244599351820547
2020-11-04,1.3353768381067552,1.1904400168782006,0.028796805146348747,0.014054487725220444
2020-11-05,1.3534651841854246,1.2135213755726053,0.013545499339582934,0.019388930451895492
2020-11-06,1.3547168069801379,1.210572235172175,0.0009247543337929098,-0.0024302335828561006
2020-11-09,1.371447076996001,1.246904412398734,0.012349643799841381,0.030012399236458265
2020-11-10,1.3804237329104458,1.2588288429668983,0.0065453899497947,0.00956322750131644
2020-11-11,1.3910357278552623,1.2571192089076604,0.007687490943409481,-0.0013581147816795758
2020-11-12,1.3771219186263648,1.2440400609574296,-0.010002481568428312,-0.010404063399520824
2020-11-13,1.3992193844855838,1.2615644595119646,0.01604612166892272,0.014086683463431227
2020-11-16,1.4111856320693097,1.2822095247272207,0.008552088197466778,0.016364653474181257
2020-11-17,1.3925644759304845,1.2750719540676168,-0.013195398050871443,-0.005566618030795278
2020-11-18,1.3748194133985532,1.2598976889775952,-0.012742722393571326,-0.011900712772807798
2020-11-19,1.3740401972207563,1.2623342711000092,-0.0005667771128359256,0.001933952370681169
2020-11-20,1.362608694733648,1.253132179486716,-0.00831962740990444,-0.007289742363783214
2020-11-23,1.3723140508759966,1.267525953187884,0.007122628954195687,0.011486237395215149
2020-11-24,1.3851568355216808,1.2869744477476326,0.009358488049791669,0.01534366575361612
2020-11-25,1.384213476728141,1.279734408728915,-0.0006810483617072371,-0.0056256276349452294
2020-11-27,1.3936449043163885,1.2818761417560205,0.006813564343081335,0.0016735761830712903
2020-11-30,1.3948650031895742,1.2706536916086002,0.0008754732783127217,-0.00875470709053594
2020-12-01,1.40754555585631,1.2784495132342844,0.009090881653593508,0.006135284284906062
2020-12-02,1.412317087930987,1.2816192492500738,0.0033899663530068125,0.0024793595546612757
2020-12-03,1.4155006587857655,1.285389363257289,0.002254147373832671,0.0029416802294608413
2020-12-04,1.4265096770705015,1.2962273405755844,0.007777473091520548,0.008431668744193654
2020-12-07,1.4122929489473925,1.2898444277326069,-0.009966093011233301,-0.004924223277178563
2020-12-08,1.4211364847423402,1.294556529035504,0.006261828186240548,0.0036532322825786334
2020-12-09,1.4111077161062702,1.2889028734018229,-0.0070568652228278905,-0.004367252805787647
2020-12-10,1.404207380061429,1.2874455135562897,-0.004890013686468686,-0.0011306979568497244
2020-12-11,1.3986356425523139,1.2891163250963706,-0.003967887926120572,0.0012977726222103136
2020-12-14,1.4001307970585206,1.2812772069809202,0.001069009297860024,-0.00608100135173173
2020-12-15,1.4102969487977026,1.2963556425069254,0.0072608586001676745,0.011768285148484381
2020-12-16,1.4124671909125326,1.2943422114111607,0.0015388547189867374,-0.0015531471686820453
2020-12-17,1.4185228360837412,1.300083181632537,0.004287282005677184,0.004435434594315835
2020-12-18,1.4048704781148296,1.2957822526607874,-0.009624348386666148,-0.0033081952235924916
2020-12-21,1.3964370081511979,1.2968118431874296,-0.006003023122066353,0.0007945706344780756
2020-12-22,1.3830375096932064,1.2879278364522861,-0.009595490795343276,-0.006850652067849294
2020-12-23,1.3852316506850793,1.2931203844699564,0.0015864652813064595,0.004031707267057483
2020-12-24,1.3935860686686523,1.2962969036024758,0.006031062010055432,0.002456475955888271
2020-12-28,1.4051648612552001,1.3047952829354341,0.00830863112574698,0.00655588955689157
2020-12-29,1.4148614831605382,1.3024770445517149,0.006900700531805359,-0.001776706594542432
2020-12-30,1.4117531062037114,1.3053536633317866,-0.002196947894774315,0.002208575415670211
2020-12-31,1.4250368839403247,1.3124783893660934,0.009409419875359148,0.005458081004745985
2021-01-04,1.4214329061388786,1.2975849741730228,-0.002529041768716045,-0.011347550796827921
2021-01-05,1.4185637688704626,1.3041081676428432,-0.0020184823750911685,0.0050271801844636865
2021-01-06,1.4277980626207127,1.3228647842961268,0.006509607782809068,0.014382715420903969
2021-01-07,1.4386110730892276,1.3326945306893982,0.007573207130333159,0.0074306508949073535
2021-01-08,1.4387313174339673,1.3350111815351595,8.358363632043897e-05,0.0017383209673433875
2021-01-11,1.436144257545151,1.331277725222613,-0.0017981535937025006,-0.002796573065592889
2021-01-12,1.4410964998160132,1.3337236882511427,0.003448290270872345,0.0018373048554694016
2021-01-13,1.4443627451290963,1.3332519008343229,0.002266500066789634,-0.0003537370003816598
2021-01-14,1.4332012165786632,1.330763218602557,-0.007727649157439065,-0.0018666256768195
2021-01-15,1.4334975531343566,1.3230257029164247,0.00020676549270648437,-0.005814344413769934
2021-01-19,1.4315811890297128,1.328177119268817,-0.001336845047592572,0.003893663094403088
2021-01-20,1.4469747091399443,1.3386978776387584,0.010752809710125488,0.007921201334753603
2021-01-21,1.4601482643827528,1.3391270901739747,0.009104205595022785,0.00032061941860495047
2021-01-22,1.4456418988210344,1.3309677223558865,-0.00993485792886284,-0.006093049627595937
2021-01-25,1.4491744442373506,1.3295946463437651,0.002443582618349094,-0.0010316373485683705
2021-01-26,1.4431375856071615,1.328478895802488,-0.00416572252857117,-0.0008391659400444063
2021-01-27,1.4125152036421493,1.3021566505274444,-0.021219308727330133,-0.019813822679616733
2021-01-28,1.4305791201199083,1.314223093582042,0.012788475785026288,0.009266506491143023
2021-01-29,1.4024943266310625,1.2873429008755437,-0.0196317652717396,-0.020453295059085996
2021-02-01,1.4153996416876597,1.2968321925376196,0.009201687886750465,0.007371223048359576
2021-02-02,1.4306319608118496,1.3174429092043278,0.010761850346399315,0.01589312540613097
2021-02-03,1.4325368533463594,1.3193326566609933,0.0013315042489536744,0.0014344055772457232
2021-02-04,1.461170467169092,1.3339743749268895,0.019988046908423485,0.011097821456911294
2021-02-05,1.466842410068075,1.3377105733504546,0.003881780412638758,0.0028008022446233127
2021-02-08,1.4730185452612206,1.3478008202904865,0.004210496745085779,0.007542922318958478
2021-02-09,1.470639714362925,1.34792926654346,-0.001614936149954338,9.530061937912393e-05
2021-02-10,1.4628901067450981,1.3504199692780814,-0.005269548715528871,0.001847799284756535
2021-02-11,1.4717384861734457,1.351192667298777,0.00604856057714076,0.0005721909022928795
2021-02-12,1.4721516715364695,1.352738784948331,0.0002807464552334604,0.0011442614269399076
2021-02-16,1.4697384593686016,1.3550573119753153,-0.0016392415364031576,0.001713950285733068
2021-02-17,1.4859382310157512,1.35943761784497,0.011022213880222509,0.003232561332235706
2021-02-18,1.4735718973420386,1.3549707189957827,-0.008322239387608454,-0.0032858431976220404
2021-02-19,1.4627766243076905,1.3548044604750802,-0.007325922171710908,-0.00012270266683378495
2021-02-22,1.4541609339684933,1.3560513993803491,-0.005889956262648655,0.0009203829346942083
2021-02-23,1.4526145024931347,1.356825251974105,-0.0010634527714469266,0.0005706661223237042
2021-02-24,1.4599365082414704,1.374636273290893,0.005040570458141991,0.013126982484202632
2021-02-25,1.432274714062835,1.3507598467227468,-0.01894725833793609,-0.017369268534567106
2021-02-26,1.423464173836876,1.3312716637140456,-0.006151431802469354,-0.014427570567769
2021-03-01,1.4450015754103875,1.357685986190659,0.015130273012392337,0.019841421699701378
2021-03-02,1.4373987693781691,1.3516633001425364,-0.00526145172544823,-0.004435993380929482
2021-03-03,1.4270535950618985,1.3465007710244377,-0.007197149835286076,-0.0038193898713935193
2021-03-04,1.4102309676968807,1.3318307657185608,-0.01178836409734707,-0.010894910438644323
2021-03-05,1.44311852341068,1.3561798456333225,0.023320687509443605,0.018282412857180574
2021-03-08,1.4564233069207078,1.369128959792622,0.009219466935108667,0.009548227840867396
2021-03-09,1.4632702335562018,1.370677963874827,0.0047011927115958585,0.0011313792401554945
2021-03-10,1.4830615759927444,1.3909838732535806,0.013525418601896488,0.014814500498242511
2021-03-11,1.4846662231529872,1.3995878960215686,0.0010819828294510447,0.006185566154597311
2021-03-12,1.4905494207015386,1.4124084196062623,0.003962639855884298,0.009160213246439897
2021-03-15,1.5047868002545013,1.4200656924646944,0.009551766184486388,0.005421429631923935
2021-03-16,1.511609415136872,1.414774139807092,0.0045339412076295105,-0.003726273147559911
2021-03-17,1.5197313794994987,1.4229913805998347,0.005373057538075265,0.005808164399911275
2021-03-18,1.5153016808972655,1.4169249650970484,-0.0029147905096833515,-0.004263142831005151
2021-03-19,1.5202733971171425,1.4053759150951577,0.0032810075264571026,-0.008150784470862704
2021-03-22,1.535246140387864,1.4106790134833644,0.00984871753930161,0.0037734376484228616
2021-03-23,1.5240325065013038,1.3969709118584621,-0.007304127717088438,-0.00971737829362973
2021-03-24,1.526065214266711,1.3970562059433014,0.0013337692973975912,6.10564501488664e-05
2021-03-25,1.5415937954079473,1.4061523654782997,0.010175568511793909,0.006510947445279358
2021-03-26,1.574986206165714,1.4252065733379102,0.021660965980295988,0.013550599726886103
2021-03-29,1.5803621925172167,1.4297326440564446,0.0034133545617458516,0.0031757296122583156
2021-03-30,1.570957512734852,1.4261111813307603,-0.0059509648021791595,-0.002532964985264341
2021-03-31,1.5657033025092366,1.423352329002853,-0.003344590915427381,-0.0019345282219391802
2021-04-01,1.5722833779174468,1.4288274587770644,0.004202632387416472,0.00384664405477686
2021-04-05,1.59969332490479,1.4449927805178358,0.017433210432872936,0.011313697564720115
2021-04-06,1.5947308240602902,1.4414147586035504,-0.003102157624365387,-0.0024761521043745738
2021-04-07,1.5930389675056411,1.4414147586035504,-0.0010609041533050645,0.0
2021-04-08,1.5941673957833309,1.4446911483057974,0.0007083494507711396,0.0022730374326269676
2021-04-09,1.6056127959662994,1.4564594228675378,0.0071795472754254686,0.0081458757295918
2021-04-12,1.598421811445058,1.455123437514983,-0.004478654218069922,-0.0009172829201958832
2021-04-13,1.5966307496333336,1.4518474807776336,-0.001120518876118859,-0.0022513256627521017
2021-04-14,1.594294655021821,1.4550375661436132,-0.0014631401856998183,0.002197259290811271
2021-04-15,1.60845655469842,1.4675824354101281,0.008882862168539951,0.008621680675752863
2021-04-16,1.6210450299656518,1.4741880365321374,0.00782643163749741,0.004501008572076026
2021-04-19,1.6168670209296474,1.4694014652668423,-0.0025773553225063583,-0.00324692043801611
2021-04-20,1.6109462117349627,1.4580599497725648,-0.0036619023816073515,-0.007718459360742447
2021-04-21,1.6202291990382005,1.4717733912978717,0.005762443982062049,0.009405265899695037
2021-04-22,1.6044516933759805,1.4580599497725648,-0.009737823310174809,-0.009317631101628865
2021-04-23,1.606569556048414,1.4680214618163583,0.001319991546755217,0.0068320318690238135
2021-04-26,1.5932863919843037,1.4656068165820928,-0.008268029239133612,-0.00164482965479118
2021-04-27,1.583060517227464,1.4654343522311903,-0.006418102111638624,-0.00011767436460530245
2021-04-28,1.5709929353510448,1.4591380323677452,-0.007622944129485498,-0.004296555389095902
2021-04-29,1.588719433462983,1.4686258808134953,0.011283626878931363,0.006502365256256137
2021-04-30,1.585437018331223,1.4615958297701444,-0.002066076024893393,-0.004786822250100187
2021-05-03,1.6054510964372208,1.4709536444249636,0.012623697992786953,0.006402463980956341
2021-05-04,1.6104348603794358,1.4725925608842498,0.0031042763951358854,0.0011141863412880149
2021-05-05,1.6202316259646206,1.4759995616639585,0.006083304470245077,0.0023136072191365376
2021-05-06,1.6395279050419145,1.4899280424217713,0.011909580561239697,0.009436642882272084
2021-05-07,1.6484054873988838,1.5001480345094693,0.005414718669727314,0.006859386357401576
2021-05-10,1.6495537912275517,1.4995441927988624,0.0006966149029750124,-0.000402521415697743
2021-05-11,1.6253843439587428,1.4787164163967927,-0.014652112224132319,-0.013889404861883503
2021-05-12,1.5881714855985243,1.4489184732449445,-0.02289480546464706,-0.020151222250211598
2021-05-13,1.6151395594484224,1.4681077661526258,0.016980580557227842,0.013243873455975441
2021-05-14,1.6299138884404554,1.484537052159339,0.009147400858089627,0.011190790203207124
2021-05-17,1.6299518722239488,1.4819073676925676,2.3304165798432308e-05,-0.0017713835184823834
2021-05-18,1.6214298097270108,1.4709536444249636,-0.005228413575985025,-0.007391638307770676
2021-05-19,1.6141802433158499,1.4637524279254028,-0.004471094812535492,-0.0048956107671060956
2021-05-20,1.6242752523082271,1.472722306031916,0.0062539540018407,0.006128002205418204
2021-05-21,1.622437092081251,1.478007219894421,-0.0011316802520779934,0.0035885338606329586
2021-05-24,1.6269969163814217,1.4863031159769058,0.0028104783368343433,0.005612892799723657
2021-05-25,1.6189770392790992,1.482932051283703,-0.004929251568687287,-0.0022680869446923824
2021-05-26,1.616052309027802,1.4833214310483345,-0.0018065297903171462,0.0002625742455930613
2021-05-27,1.619484150487858,1.4890686070999106,0.002123595530221678,0.0038745317982187277
2021-05-28,1.6206870737483818,1.4935627827376508,0.000742781743286125,0.0030181118696022136
2021-06-01,1.6193569869288376,1.4945573031075823,-0.0008206931745732282,0.0006658711514682114
2021-06-02,1.623511997678822,1.4966742128138883,0.002565839888006627,0.0014164125402915673
2021-06-03,1.62321901196538,1.4952047299512206,-0.00018046415047179298,-0.0009818321516377182
2021-06-04,1.6333729653557771,1.5033288832909657,0.00625544262083455,0.0054334722041777805
2021-06-07,1.6253341670742834,1.4976672899674943,-0.004921593813537073,-0.003766037748890616
2021-06-08,1.6248398864749252,1.4965879084776208,-0.0003041101389309464,-0.0007207084624896165
2021-06-09,1.6174222883809086,1.4898903744756746,-0.004565125558376626,-0.0044752025350512925
2021-06-10,1.6267683219339852,1.4907105543134804,0.005778350910714991,0.0005504967693308327
2021-06-11,1.6306799245372077,1.4913159835620458,0.002404523465622921,0.0004061346763886142
2021-06-14,1.6232196572107656,1.4877727431612058,-0.004574942767238244,-0.002375915258667649
2021-06-15,1.6186577756798073,1.483926715975267,-0.0028103907630080416,-0.0025850905009637826
2021-06-16,1.596872241689625,1.4724758046835134,-0.013459011730279191,-0.007716628569644612
2021-06-17,1.5917094174383055,1.463357708260367,-0.003233085350558107,-0.006192357384850911
2021-06-18,1.5663563461907435,1.4408679239378022,-0.015928203332719604,-0.015368617116385486
2021-06-21,1.5908355346158842,1.4660543579646437,0.015628109455854133,0.01748004352682697
2021-06-22,1.5963563559044232,1.4689533465977613,0.0034703909790849696,0.0019774086938648683
2021-06-23,1.5846917042305577,1.4660543579646437,-0.00730704747140043,-0.0019735062654181457
2021-06-24,1.5940677434706338,1.4799021629298585,0.0059166330050479665,0.00944562859486342
2021-06-25,1.6033497135033619,1.4905912003233581,0.005822820310333432,0.00722280003452247
2021-06-28,1.6017811357780138,1.4834505989094702,-0.0009783129108624777,-0.00479044919380911
2021-06-29,1.6008834852125409,1.4837096562399055,-0.0005604077519847372,0.0001746315857269476
2021-06-30,1.6087948690524247,1.492754870238612,0.004941886097871384,0.006096350428580033
2021-07-01,1.6158226436187728,1.4988560672548437,0.00436834720295165,0.004087206237187724
2021-07-02,1.6236699955081526,1.5056935932403674,0.004856567594451411,0.004561829607860002
2021-07-06,1.60948055864055,1.49651950002379,-0.008739113801977783,-0.006092935015306833
2021-07-07,1.6176586303647167,1.501280237716858,0.0050811870204099385,0.0031812065883485285
2021-07-08,1.6067384333188912,1.4902876919300967,-0.006750618975378875,-0.0073221144930800675
2021-07-09,1.624714275571769,1.5091122840723132,0.011187783823498165,0.01263151554169828
2021-07-12,1.6231626696392008,1.5147379413092787,-0.0009550023385017647,0.0037277923560363746
2021-07-13,1.6200674040738559,1.5102807120094726,-0.0019069349136972003,-0.0029425745392985814
2021-07-14,1.6316334569047282,1.5120547135168296,0.007139241738824076,0.0011746170716810944
2021-07-15,1.6342716632866479,1.5143482729013822,0.0016169111823218785,0.001516849465862391
2021-07-16,1.6299187339055026,1.501388334619641,-0.0026635286402697522,-0.008558096254113856
2021-07-19,1.6124186755964554,1.471685210780381,-0.010736767389080026,-0.019783771562861485
2021-07-20,1.623346291513601,1.4942006843535405,0.00677715787005706,0.015299109760857244
2021-07-21,1.6270863158134077,1.5068014060918542,0.002303898015696637,0.008433085240999949
2021-07-22,1.6226166555122956,1.5079696897073809,-0.0027470333058990937,0.0007753401415764305
2021-07-23,1.6284528218622978,1.51797276638135,0.0035967622606212224,0.006633473300057036
2021-07-26,1.6314547552884622,1.5216096715217178,0.0018434267089981748,0.002395896172127987
2021-07-27,1.626573259567942,1.5181885272220188,-0.002992112226647081,-0.0022483718155377197
2021-07-28,1.6142757309271945,1.5127333138330998,-0.007560390267336681,-0.0035932384490487967
2021-07-29,1.620486064371129,1.5190553229471395,0.0038471330051945696,0.004179196065974278
2021-07-30,1.620923525840316,1.513252294423765,0.0002699569461319662,-0.0038201561429086484
2021-08-02,1.6190812331657232,1.5083602240450729,-0.0011365697673108022,-0.003232818741936816
2021-08-03,1.6379375067608841,1.5202244724924618,0.011646280130300779,0.007865659845876838
2021-08-04,1.615130912589182,1.5068014060918542,-0.0139239708948381,-0.00882966077937164
2021-08-05,1.6223324232526741,1.5181455193755173,0.004458778299244903,0.007528605453777759
2021-08-06,1.6215761913432252,1.5245544101123552,-0.00046613868934008984,0.004221525970365514
2021-08-09,1.6171173668412133,1.520483818466162,-0.002749685476276298,-0.0026700205772867136
2021-08-10,1.6285752099407156,1.5273258184222949,0.007085350348987607,0.004499883440413743
2021-08-11,1.6380189918199082,1.5368944869822756,0.00579879997039634,0.006264981868678854
2021-08-12,1.6336249043658493,1.538150662472028,-0.0026825619702839365,0.0008173466040723998
2021-08-13,1.6355359238204912,1.5388431176650235,0.001169803086090715,0.0004501868444295454
2021-08-16,1.650333530601694,1.5439534023521377,0.009047558397027755,0.003320861385056828
2021-08-17,1.640998415414592,1.532088432296586,-0.005656502163958632,-0.007684798024005124
2021-08-18,1.6247768334542296,1.5160238470553373,-0.009885190508404085,-0.010485416443728357
2021-08-19,1.6302614257776777,1.513252294423765,0.0033755973192872712,-0.0018281721867078327
2021-08-20,1.6378039676765817,1.5231902820414522,0.0046265842886554776,0.006567303849006612
2021-08-23,1.637122925635714,1.5331235070452651,-0.0004158263469307144,0.006521329029554934
2021-08-24,1.6316189714110403,1.5343812700729755,-0.003361967594789239,0.0008203925006240453
2021-08-25,1.6282897290338403,1.536290212306771,-0.002040453338392423,0.0012441120541732964
2021-08-26,1.617787213897859,1.5275275800646055,-0.006450028486154613,-0.0057037610289844
2021-08-27,1.6244798403472127,1.5379812288754093,0.0041369015602668036,0.006843509045094676
2021-08-30,1.6278854826895213,1.5358559485144152,0.002096450973242403,-0.0013818636541800267
2021-08-31,1.6279210594904947,1.5351626273916243,2.1854609155047555e-05,-0.0004514232753803915
2021-09-01,1.6232213647130451,1.5335570492294581,-0.002886930388946829,-0.0010458684529691675
2021-09-02,1.6253600417092477,1.5392825770361513,0.0013175510393683698,0.003733495150747723
2021-09-03,1.6270711211224052,1.5361161604179105,0.0010527386974261699,-0.0020570729932756215
2021-09-07,1.6085756961103062,1.524404892901029,-0.011367311958275228,-0.007623946559936923
2021-09-08,1.6157865273905894,1.5213250692623208,0.0044827428996470076,-0.0020203448919972056
2021-09-09,1.609545381376069,1.5151658549498022,-0.003862605553840992,-0.004048585300382435
2021-09-10,1.6036926289208968,1.5038448331273473,-0.0036362767542276186,-0.007471803687676082
2021-09-13,1.6103283387824519,1.5151229914249336,0.004137769134737512,0.007499549188284549
2021-09-14,1.596655207467748,1.5028469933598672,-0.008490896536691328,-0.008102311254297057
2021-09-15,1.6035393171975152,1.5130410075537055,0.004311581922990859,0.00678313510216233
2021-09-16,1.6019599457818732,1.5102638263784636,-0.0009849284010087223,-0.001835496302728834
2021-09-17,1.5933940821460313,1.50242283208179,-0.00534711473804117,-0.005191804345520135
2021-09-20,1.5745405878851764,1.4752985914946424,-0.01183228585577678,-0.018053666390016043
2021-09-21,1.5739461700854085,1.474038230677546,-0.0003775182452211423,-0.0008543089679354798
2021-09-22,1.584211658796636,1.4887736136829697,0.00652213455983075,0.009996608431689369
2021-09-23,1.5983280517095921,1.5107692407356688,0.008910673541993042,0.014774326231028256
2021-09-24,1.5956407991543295,1.5121161945322978,-0.0016812897404812066,0.0008915681894430261
2021-09-27,1.5961585189141065,1.515332257792137,0.0003244588381365876,0.002126862519870043
2021-09-28,1.5737998463531584,1.4906001482645765,-0.014007802042217632,-0.016321245324504408
2021-09-29,1.5792841139245777,1.4942944934147009,0.0034847300208649123,0.002478428003932054
2021-09-30,1.5553822911159605,1.4704737749967205,-0.01513459332483269,-0.01594111369810791
2021-10-01,1.5636643075453678,1.4917291763960487,0.005324746511975009,0.014454798011868997
2021-10-04,1.5578335351348809,1.477949924206297,-0.00372891571570122,-0.009237100411913723
2021-10-05,1.5682359961846177,1.491513126912115,0.006677517729027471,0.009177038060407705
2021-10-06,1.567774482426685,1.495815932065088,-0.0002942884610833696,0.002884859057111333
2021-10-07,1.5792009804197313,1.5110730377721955,0.00728835564115049,0.010199855062410057
2021-10-08,1.577460426735224,1.5106381966933093,-0.0011021736346977784,-0.0002877697292033021
2021-10-11,1.5659568808856388,1.4995538623482436,-0.007292446551824705,-0.007337517593113074
2021-10-12,1.5542426819173714,1.4943379342260996,-0.007480537370634588,-0.003478319954427045
2021-10-13,1.5588409524904157,1.4948156388298544,0.002958528051341114,0.0003196764217874293
2021-10-14,1.5817755299215295,1.5175930561660997,0.014712583342433527,0.015237609739001456
2021-10-15,1.5875206207391717,1.5342773584975364,0.0036320518992523088,0.010993923742367517
2021-10-18,1.5821808407662983,1.5327554868822515,-0.0033635972365430034,-0.0009919142760310695
2021-10-19,1.595936090751868,1.5412784008927443,0.008693854476778728,0.00556051769733279
2021-10-20,1.610544121373034,1.5481048141125613,0.009153267919571828,0.0044290591601510165
2021-10-21,1.5974254778039771,1.5478001511462394,-0.008145472946045618,-0.00019679737673095055
2021-10-22,1.5755439622299614,1.55119199815453,-0.013697988343153833,0.0021913985508907885
2021-10-25,1.578091275661114,1.5547140232753842,0.0016167834679441384,0.002270528164820762
2021-10-26,1.5745972804329715,1.5544966748967575,-0.002214064092508683,-0.00013979958717347252
2021-10-27,1.5617716485497526,1.5435393435883396,-0.008145341061234546,-0.0070487968777068755
2021-10-28,1.5714777815706755,1.5536267040957203,0.006214822141211274,0.0065352143755079695
2021-10-29,1.5747315153599772,1.5576708848831562,0.0020704930273016675,0.0026030582357876586
2021-11-01,1.5797743575889949,1.5615841659498653,0.0032023504831328875,0.002512264371560491
2021-11-02,1.5914744623101047,1.5678458486214975,0.0074061872601642875,0.004009827205069927
2021-11-03,1.603421699030966,1.572150529955694,0.007507023834689264,0.0027456024059899775
2021-11-04,1.5952410140606228,1.571237984273053,-0.005102017127052272,-0.0005804442165385781
2021-11-05,1.6080216161299874,1.5797160142558213,0.008011706041102906,0.005395764402100323
2021-11-08,1.6066970153187667,1.5841518839540094,-0.0008237456498927376,0.002808017174072752
2021-11-09,1.5986259468132864,1.579629998562819,-0.005023391733804283,-0.002854451922819301
2021-11-10,1.6019973327823076,1.5700200540159277,0.002108927342097555,-0.006083668046083401
2021-11-11,1.5907925189280983,1.5630190116207199,-0.006994277471579213,-0.004459205713519321
2021-11-12,1.5944286954626368,1.5709334656283636,0.002285764165517179,0.005063568612282632
2021-11-15,1.592427109148703,1.5707589807746056,-0.0012553627011542279,-0.00011107081081129788
2021-11-16,1.5860412151538577,1.5737592831937763,-0.004010164081079459,0.0019100972560992524
2021-11-17,1.568600898913168,1.5647153680897627,-0.01099613053813231,-0.005746695317761619
2021-11-18,1.547854186362723,1.5625413070169654,-0.013226253130939503,-0.001389429104573514
2021-11-19,1.5382712542361539,1.5506079285075827,-0.006191107800075146,-0.007637160346285254
2021-11-22,1.5482400575157826,1.5518710314356976,0.006480523673686456,0.0008145856247043781
2021-11-23,1.5587476116313483,1.5598002062498617,0.006786773190990525,0.005109428975440311
2021-11-24,1.5601726976599464,1.5598437913828933,0.0009142506573636133,2.794276655238015e-05
2021-11-26,1.531803809453033,1.5205898948660894,-0.018183171804930898,-0.025165274070170218
2021-11-29,1.5379812395501071,1.5300438277281896,0.004032781521335904,0.006217279816220778
2021-11-30,1.503186447025244,1.5026396031738862,-0.02262367812434518,-0.01791074481506405
2021-12-01,1.4932132946396768,1.4832968963708002,-0.0066346742317320295,-0.01287248569931887
2021-12-02,1.5110436064956154,1.5100897744896031,0.01194090082103183,0.018063058167489876
2021-12-03,1.5250589206586553,1.5084784234621347,0.009275254600721983,-0.001067056445709036
2021-12-06,1.5563243112752052,1.53714502933639,0.02050110339543254,0.019003656551124015
2021-12-07,1.5688068300466416,1.5585802554898807,0.008020512614885789,0.013944830022151189
2021-12-08,1.5623062331363078,1.559670028137298,-0.004143656685979935,0.0006992085544383908
2021-12-09,1.5648341346209196,1.5601924724471445,0.0016180576067581498,0.00033497105183877274
2021-12-10,1.5782171240292349,1.5694284796440876,0.008552337345042238,0.005919787051950287
2021-12-13,1.572898716764222,1.5555311723589065,-0.0033698831320716494,-0.008855011531543444
2021-12-14,1.5748265980165597,1.5517405646798685,0.0012256868365330131,-0.0024368574197646264
2021-12-15,1.5963775151360688,1.5675987699865646,0.013684628610319383,0.010219624122520532
2021-12-16,1.6110739642512355,1.565986408707668,0.009206123849667236,-0.0010285548252314536
2021-12-17,1.597717006352942,1.5435169737352936,-0.008290716748378002,-0.014348422724126508
2021-12-20,1.5868684254230947,1.5244873005532174,-0.006790051609083747,-0.012328774808368137
2021-12-21,1.6024227380481395,1.5491042414179994,0.009801891811476171,0.016147685097703812
2021-12-22,1.608888476176452,1.5599287968244677,0.004034976523228817,0.006987622341386057
2021-12-23,1.6159481118890093,1.5685270467271537,0.004387896250792167,0.005511950237850227
2021-12-27,1.6292599360200637,1.5840657239393745,0.00823777943927495,0.009906540817796738
2021-12-28,1.6367183155107468,1.5887368378986262,0.004577771370787076,0.0029488132270389933
2021-12-29,1.6420343863643219,1.5924463368201687,0.0032480059660822125,0.0023348731099159803
2021-12-30,1.6376912765208627,1.5890853746412448,-0.0026449566948931746,-0.0021105654245373584
2021-12-31,1.6352540085177887,1.5858118713716487,-0.0014882341000507227,-0.002059992069548211
2022-01-03,1.6423850295381415,1.5961129722168426,0.004360803265552882,0.006495789968001597
2022-01-04,1.636755958032575,1.605671971227442,-0.0034273762877328195,0.005988923827442427
2022-01-05,1.6231449980448092,1.5891729778722052,-0.008315815147009853,-0.010275444580766013
2022-01-06,1.6210607532221224,1.581752392491162,-0.0012840780245740868,-0.004669463604257129
2022-01-07,1.6171286493067454,1.5814032784620133,-0.002425636366534256,-0.00022071345098384487
2022-01-10,1.6183266988582787,1.574769245978391,0.000740849871188054,-0.004195028917654775
2022-01-11,1.6282453020095864,1.5824077570245911,0.006128925116483108,0.004850558941068339
2022-01-12,1.6302062324091247,1.5841972009466314,0.0012043212390160374,0.0011308361666559907
2022-01-13,1.6188485961267887,1.576558834222064,-0.006966993535260646,-0.004821600947156779
2022-01-14,1.6179576417050456,1.56756687490577,-0.0005503630320183861,-0.0057035355237667895
2022-01-18,1.597192340597926,1.5444770012350446,-0.012834267456616866,-0.014729753505485
2022-01-19,1.585913132516506,1.52920084507244,-0.00706189717714123,-0.009890827866254503
2022-01-20,1.5590100098535358,1.5160189401198303,-0.016963805968540413,-0.00862012664659828
2022-01-21,1.5393235433929375,1.4953929253600715,-0.012627543335945401,-0.0136053806544979
2022-01-24,1.5419215549040328,1.5017704983026448,0.0016877618238519965,0.004264814173196463
2022-01-25,1.5244209923792063,1.498057824305186,-0.01134983973028103,-0.0024721979834168017
2022-01-26,1.5230434846220602,1.4915051892223243,-0.0009036268616297027,-0.0043740868853984205
2022-01-27,1.5105370824823685,1.4918991872791976,-0.00821145441083393,0.00026416137182772026
2022-01-28,1.5420775323046578,1.5161847656756353,0.02088028833456823,0.01627829722243357
2022-01-31,1.5514976205291962,1.5335263087217241,0.006108699483131641,0.011437618579659858
2022-02-01,1.5608134232614157,1.5460187892356219,0.0060043938250076145,0.008146244666849434
2022-02-02,1.5736171022251724,1.5551481427461076,0.008203209155519975,0.005905072806391631
2022-02-03,1.5444021894902913,1.5330894471399823,-0.018565451972763714,-0.014184305018796195
2022-02-04,1.5299922717989611,1.5326085674603114,-0.009330417807867697,-0.00031366707309088415
2022-02-07,1.5264236087444294,1.5327396115026708,-0.0023324712943391113,8.550392131545514e-05
2022-02-08,1.5512401400087081,1.5486399587260726,0.016257958224775937,0.010373808508682858
2022-02-09,1.5612999257471576,1.5623109696914086,0.006484995764996837,0.008827752950777423
2022-02-10,1.5247883326417628,1.5399468895107986,-0.023385380671123945,-0.01431474310458658
2022-02-11,1.5096780208909935,1.516971318573056,-0.009909776607871956,-0.014919716448819398
2022-02-14,1.4976702700823827,1.5108561223584664,-0.00795384886210626,-0.004031187761903032
2022-02-15,1.511117735260964,1.5297693279830713,0.00897892242852727,0.012518204311262382
2022-02-16,1.504099434505918,1.5273676716957356,-0.00464444337544212,-0.0015699466863426936
2022-02-17,1.4969519755552134,1.5012031699650739,-0.0047519856644666625,-0.017130454058656985
2022-02-18,1.494008333291358,1.4916622111585436,-0.0019664239814798368,-0.006355541340052118
2022-02-22,1.4675463087210918,1.469919291284447,-0.0177120997123017,-0.014576302671909458
2022-02-23,1.4413295671410098,1.4502776943803408,-0.017864336835086925,-0.013362364192759824
2022-02-24,1.4511992718141646,1.4538648085574772,0.006847639081415835,0.0024733981574949215
2022-02-25,1.4819439565757968,1.4897371049019021,0.021185708509347423,0.024673749672789347
2022-02-28,1.4739952414927424,1.4844874055177402,-0.005363708288551483,-0.0035239099347718073
2022-03-01,1.455249639846374,1.4574516340913486,-0.012717545565061994,-0.01821219319604961
2022-03-02,1.4687073093158691,1.4829998824510036,0.009247670709553235,0.017529397039362626
2022-03-03,1.468367091264009,1.4791936880356498,-0.00023164455552315832,-0.0025665507195207216
2022-03-04,1.4626832528418265,1.4719318564504162,-0.0038708565834785214,-0.0049093175856348426
2022-03-07,1.4454608490656073,1.4369353037723307,-0.011774527220953734,-0.02377593264574096
2022-03-08,1.4459715770027537,1.4284480372050792,0.0003533322521163118,-0.005906505703471954
2022-03-09,1.4561250612162084,1.4585020069330785,0.007021911339710529,0.021039596082755185
2022-03-10,1.4605460651627307,1.4528585981353088,0.003036143023889437,-0.0038693185000386876
2022-03-11,1.4618575040166646,1.4437155340697305,0.0008979099565666893,-0.006293154803442724
2022-03-14,1.4632107134089294,1.4439350472728456,0.0009256780421802446,0.0001520474068019695
2022-03-15,1.4671633488962894,1.4707072873981932,0.0027013440040712933,0.018541166499083328
2022-03-16,1.4744562475494947,1.4933237861141408,0.004970747571285461,0.015377974196318922
2022-03-17,1.4868696690043932,1.5112162048316893,0.008418982574443401,0.011981606992350402
2022-03-18,1.4899466231879093,1.5222298215768035,0.002069417547253094,0.007287915991041727
2022-03-21,1.4886204836018786,1.5145569619820556,-0.0008900584526936317,-0.005040539533511468
2022-03-22,1.4913440608074722,1.5263949438923199,0.0018295980981020143,0.00781613515200652
2022-03-23,1.4828498414263254,1.5056569355456988,-0.0056956805638450625,-0.013586266404774006
2022-03-24,1.4894679355593468,1.521660039771479,0.004463091236976302,0.01062865241608324
2022-03-25,1.494826124950157,1.5281485960494867,0.003597384853268437,0.004264130034578706
2022-03-28,1.493617824812401,1.5323132854001054,-0.0008083215282288503,0.002725317002145733
2022-03-29,1.4977251997997802,1.5475724116100686,0.002749950435209314,0.00995822874822827
2022-03-30,1.4953916353179046,1.543845449770987,-0.0015580725237096527,-0.0024082632974854468
2022-03-31,1.4846485275057653,1.5206520974897202,-0.00718414330962569,-0.01502310499066295
2022-04-01,1.489607949576131,1.525825017765363,0.003340468790076212,0.003401777621707236
2022-04-04,1.4885424386531223,1.5312178842090185,-0.0007152962115379857,0.0035343937744274356
2022-04-05,1.485012793972862,1.5185030040593546,-0.002371208632421795,-0.008303769359533142
2022-04-06,1.4815829534370142,1.5115322692069832,-0.002309637027888445,-0.0045905308278855195
2022-04-07,1.4827545967261637,1.516880684587812,0.0007908050551146406,0.0035384063508183683
2022-04-08,1.4890357802650525,1.5230192609068753,0.004236158534093981,0.0040468419048604876
2022-04-11,1.4796378225509645,1.5047361635300025,-0.0063114384749136665,-0.012004508311986961
2022-04-12,1.4781393893083925,1.5004395642072292,-0.0010127027166612068,-0.002855383838648362
2022-04-13,1.4853167684168853,1.515959768250483,0.004855684897113077,0.010343771527681733
2022-04-14,1.486272949158722,1.5100650954904364,0.0006437554346443441,-0.003888409760932854
2022-04-18,1.4888898694614774,1.5092322153489655,0.0017607265907897407,-0.0005515524754252654
2022-04-19,1.4913852772523022,1.5312499236114452,0.0016760190542013387,0.014588681608143972
2022-04-20,1.4999500268330062,1.541820184301353,0.005742814892529591,0.006903027733694778
2022-04-21,1.4968907960342897,1.5250655973348624,-0.0020395551478310514,-0.010866758093508011
2022-04-22,1.475001148251002,1.4836617414578974,-0.014623409965028755,-0.02714890162713035
2022-04-25,1.4732257474081816,1.4937056611538795,-0.0012036606513327053,0.006769683018254868
2022-04-26,1.4599528124155605,1.4581345640565953,-0.00900943729497794,-0.023813993628306718
2022-04-27,1.4595303610251609,1.4606790987601597,-0.0002893596195761017,0.0017450616467697966
2022-04-28,1.4713029134270739,1.4881351347805496,0.008065986646309975,0.01879676107072048
2022-04-29,1.446934698207657,1.446029442804473,-0.016562337365768287,-0.028294266422441372
2022-05-02,1.4466737470902395,1.4506350347425452,-0.00018034754280249476,0.0031849918139563727
2022-05-03,1.4518457357999814,1.4528714427606062,0.003575089905477613,0.001541675172941126
2022-05-04,1.4721869391353946,1.4938369938395037,0.014010581726304983,0.028196266973944173
2022-05-05,1.453797296259134,1.4484419232142505,-0.012491377546835714,-0.030388235672606734
2022-05-06,1.4508629471717716,1.4433095573173553,-0.0020184031810438485,-0.0035433701653054817
2022-05-09,1.436284840210674,1.4149326049596367,-0.010047887010634082,-0.01966102989746854
2022-05-10,1.4361780304073961,1.4115554787578666,-7.436533498628162e-05,-0.002386775306422728
2022-05-11,1.4355804751307857,1.396774057151658,-0.0004160732610851703,-0.010471725574127455
2022-05-12,1.4327560991111818,1.3931778507116708,-0.001967410443741602,-0.002574651513302606
2022-05-13,1.442967624225056,1.4133094195582987,0.007127190119943672,0.014450106880714575
2022-05-16,1.446348544273073,1.4157214670031784,0.0023430325055511236,0.0017066662200790894
2022-05-17,1.4494642097053565,1.4346693098195962,0.002154159482940843,0.013383877590361637
2022-05-18,1.4296211014391802,1.3840114065416187,-0.013689960837466986,-0.0353098117672479
2022-05-19,1.410111792511162,1.3736157750271019,-0.013646489204991785,-0.007511232541423607
2022-05-20,1.4127052306519112,1.3735495313977595,0.0018391720107033827,-4.8225734260443076e-05
2022-05-23,1.425863401299793,1.401774657398031,0.009314165731381774,0.02054904126504198
2022-05-24,1.4265445327323394,1.4041939209245382,0.00047769753534976367,0.0017258576574625817
2022-05-25,1.4324175588478338,1.4125028059539528,0.004116959534551379,0.005917191995777893
2022-05-26,1.4419192970099037,1.435232741473088,0.00663335778270735,0.016091957781127597
2022-05-27,1.4545401745172075,1.4599411822529094,0.00875283209918587,0.01721563344106891
2022-05-31,1.449713363524997,1.451719467489558,-0.0033184446031631065,-0.005631538354623378
2022-06-01,1.445103841918944,1.4436300956632584,-0.003179608964109293,-0.005572269303716348
2022-06-02,1.4522157647130807,1.463018408102232,0.004921392212682063,0.013430249547454753
2022-06-03,1.4439095651384515,1.4479831247443604,-0.0057196731893832675,-0.010276892809144234
2022-06-06,1.445816115481485,1.4484224397938557,0.0013204084168878527,0.0003033979070528048
2022-06-07,1.4504983660773352,1.4603806416240375,0.003238482781948271,0.008256018066030268
2022-06-08,1.4453184543791888,1.4481148903948824,-0.003571125496786842,-0.00839900973729335
2022-06-09,1.430702408432649,1.4200648265348992,-0.010112682019837615,-0.019370054162162753
2022-06-10,1.4155747825215474,1.382123246622911,-0.010573565698875131,-0.026718202720765527
2022-06-13,1.3946337764972911,1.3434782430738534,-0.01479328841034755,-0.027960606004915234
2022-06-14,1.3921196379525957,1.3378507096556647,-0.0018027231141710676,-0.004188778975172003
2022-06-15,1.3922157734965643,1.3507328585774592,6.905695555725622e-05,0.00962898836829873
2022-06-16,1.3745804124075658,1.31850583802809,-0.012667117716032683,-0.0238589150657883
2022-06-17,1.3731648093758697,1.316355590024664,-0.0010298437391644821,-0.0016308217539954262
2022-06-21,1.3862571236412513,1.3453073754448464,0.009534408525464944,0.021993894081188126
2022-06-22,1.3772442465851444,1.342310825388122,-0.006501591156792719,-0.0022274092236604925
2022-06-23,1.373846536357381,1.3516969270829218,-0.002467035339728585,0.0069924949700721495
2022-06-24,1.387986759042719,1.3881843222252928,0.01029243245961764,0.026993769395565526
2022-06-27,1.3863926053470874,1.3852759526860592,-0.0011485366738881453,-0.0020950888816921864
2022-06-28,1.3810178261700918,1.363154044204875,-0.0038768088896795616,-0.01596931531099599
2022-06-29,1.3772121197352485,1.3662827928770191,-0.002755725786246721,0.002295227516981857
2022-06-30,1.3749506777150224,1.3564560772380314,-0.0016420433626889164,-0.007192299932501811
2022-07-01,1.3807624506930254,1.3698088590035853,0.0042268956059292595,0.00984387330310188
2022-07-05,1.3755122188403597,1.364784734331106,-0.0038024149990685263,-0.0036677560080418115
2022-07-06,1.3759109672174938,1.3678690319404232,0.000289890828792716,0.0022599150853110928
2022-07-07,1.3823931473944442,1.3834687572032145,0.004711191589714003,0.011404399762352968
2022-07-08,1.380020693145147,1.3813097055802026,-0.0017161935834019149,-0.0015606074309740814
2022-07-11,1.3782924051546903,1.3735541496900012,-0.0012523638225437894,-0.005614639395401744
2022-07-12,1.3741365599266442,1.3659302151286892,-0.003015213036438147,-0.005550516201369038
2022-07-13,1.3695398933028393,1.356147950552528,-0.0033451308682524994,-0.007161613725075622
2022-07-14,1.3614996512248683,1.3501990128586405,-0.005870761499747856,-0.00438664357488705
2022-07-15,1.372596278929934,1.3783606373405886,0.008150297868297463,0.020857387847087905
2022-07-18,1.3695596160348114,1.369499722066654,-0.00221234964842687,-0.0064285899015738
2022-07-19,1.3874208112784734,1.4023870140849588,0.013041560976640332,0.02401409177993541
2022-07-20,1.3872062872607787,1.4051633293304053,-0.00015462072930638726,0.0019797068979978683
2022-07-21,1.3838381388325574,1.4125263303800593,-0.0024280083352794524,0.0052399610037949795
2022-07-22,1.3773599191377313,1.4065747948967862,-0.004681342068149186,-0.004213397906481342
2022-07-25,1.3851585254521122,1.4105424852189683,0.005661995972166212,0.002820817162782596
2022-07-26,1.3867420594693565,1.3998743744621889,0.0011432150097963056,-0.0075631261508039005
2022-07-27,1.3876694547843726,1.4195794728846192,0.000668758338065345,0.014076333406703556
2022-07-28,1.388894904997934,1.4337750929842898,0.0008830995085582494,0.009999876985277156
2022-07-29,1.4034765462467842,1.4488961033918988,0.010498736222861904,0.010546291731247548
2022-08-01,1.3976817722125625,1.4461622187064231,-0.004128871301567694,-0.0018868742065600852
2022-08-02,1.3899774703976484,1.428528712997677,-0.005512200250503363,-0.012193311013559138
2022-08-03,1.3913609016623258,1.4466917347762647,0.000995290423147388,0.012714495419888117
2022-08-04,1.387398311025842,1.443164947041536,-0.002847996254422114,-0.002437829462870411
2022-08-05,1.3921004585321062,1.4458543806641848,0.0033891835307102713,0.0018635663429618088
2022-08-08,1.3914400004071434,1.4478377928603783,-0.000474432804697944,0.0013717925004883558
2022-08-09,1.3945324359555062,1.4455899834333454,0.0022224713587779554,-0.0015525284932589312
2022-08-10,1.4022972121743837,1.4689110603594229,0.0055680140659886135,0.016132566767437684
2022-08-11,1.4067903893247589,1.4711591584297208,0.0032041546623400308,0.001530452136256466
2022-08-12,1.4123240229454856,1.4893221802083085,0.003933516793061642,0.012346061725894142
2022-08-15,1.4155946426439372,1.4961107811603964,0.0023157714839618926,0.004558181595830657
2022-08-16,1.4202794147160978,1.506558945749163,0.0033094022335453666,0.006983550095577051
2022-08-17,1.4189588561083235,1.4997697675105448,-0.0009297878953192784,-0.004506413942696574
2022-08-18,1.4200794241708437,1.5014447643779698,0.0007897114547728012,0.0011168359995716859
2022-08-19,1.4169994289992656,1.4887065041238319,-0.002168889372773264,-0.008484001913593664
2022-08-22,1.4060902295635322,1.4609683193117984,-0.007698802986418785,-0.018632406545680102
2022-08-23,1.4061184096121904,1.4536799325461751,2.0041422709393686e-05,-0.004988737037813773
2022-08-24,1.4037818966414757,1.456992691299826,-0.0016616758266888576,0.0022788776810369615
2022-08-25,1.4105354179701988,1.4715244364817157,0.004810947729758208,0.009973794150556436
2022-08-26,1.3966088992114725,1.4263825059999624,-0.009873214512235995,-0.030676983244453337
2022-08-29,1.393967118748583,1.4182993400038626,-0.0018915678286033355,-0.005666899279890614
2022-08-30,1.3850011679142555,1.4047837634367877,-0.006431967234906133,-0.009529424562122468
2022-08-31,1.3791896168881834,1.3942272133019729,-0.004196062184426919,-0.007514715367287761
2022-09-01,1.3813755406923163,1.4004544031034245,0.0015849334836677276,0.0044664095938162784
2022-09-02,1.3773748829666252,1.3858787841452382,-0.002896140555439408,-0.010407778308159532
2022-09-06,1.3753042556429351,1.3789888694070973,-0.0015033142750725537,-0.004971513249905524
2022-09-07,1.3808834427100978,1.3972306907970597,0.004056692942140616,0.013228403647525866
2022-09-08,1.383969813271881,1.4056667231847546,0.002235069569467729,0.006037680422609659
2022-09-09,1.3930226541582378,1.423511948728458,0.006541212676420161,0.012695203812801648
2022-09-12,1.3951139926161826,1.4336264417027589,0.0015012953678119612,0.007105309501149959
2022-09-13,1.3708704834269416,1.376912225436274,-0.01737743963400329,-0.03955996807587048
2022-09-14,1.3720910562314645,1.3783703068899698,0.0008903633270094247,0.0010589501834321613
2022-09-15,1.3663266239998018,1.3708611080265385,-0.004201202395047399,-0.005447882057452613
2022-09-16,1.3636063550972022,1.3642751346465567,-0.0019909360286314293,-0.004804260140885308
2022-09-19,1.3656438989973818,1.3735760865781494,0.0014942317425870044,0.006817504545373332
2022-09-20,1.3585670807705075,1.3597139937713114,-0.005182037742100909,-0.010091973020126765
2022-09-21,1.3453928242436763,1.3366401398017995,-0.00969717043295304,-0.01696963778795424
2022-09-22,1.3451641942095134,1.330926735012241,-0.00016993552369470866,-0.004274452501782378
2022-09-23,1.3334956184104092,1.3102891745218777,-0.008674462083761658,-0.015506158188469676
2022-09-26,1.32410416061541,1.2963830636171108,-0.007042736148015427,-0.01061300907858087
2022-09-27,1.320535889217649,1.2900939598352932,-0.0026948570240142855,-0.004851269627258126
2022-09-28,1.3315624247176392,1.3141424177894443,0.008350046060862981,0.018640857722658666
2022-09-29,1.3234188937516933,1.2941241414243714,-0.006115771078229915,-0.015232958082843306
2022-09-30,1.31650519288196,1.2723794896906842,-0.005224121328760822,-0.016802601108850457
2022-10-03,1.335179766161101,1.3055505180385907,0.014184959831613275,0.026070074703868684
2022-10-04,1.3518754427652553,1.3425303385912368,0.012504440995355859,0.028325078226925537
2022-10-05,1.3507393088682131,1.3409804685792368,-0.0008404131483579214,-0.0011544394695961468
2022-10-06,1.3438962987886323,1.3252146291173754,-0.005066121963471004,-0.011756949360019586
2022-10-07,1.3335743523618673,1.2974901548604345,-0.007680612288365585,-0.020920742684078286
2022-10-10,1.3327518005988024,1.2930164728945173,-0.0006168023264755407,-0.0034479506061442233
2022-10-11,1.3346987704411406,1.294478162389027,0.0014608645371654294,0.00113044924419059
2022-10-12,1.3335557504358744,1.2939028963616657,-0.0008563879959884169,-0.0004443999474657012
2022-10-13,1.3582062278440477,1.3311043949419152,0.01848477455863118,0.028751383650857276
2022-10-14,1.3474461250345735,1.3145406011736613,-0.00792228940560391,-0.01244364741878623
2022-10-17,1.3567378504753949,1.3377478083316536,0.006895804788175086,0.01765423383444542
2022-10-18,1.3646459416700898,1.3528496239621326,0.00582875401605687,0.011288985514626093
2022-10-19,1.3657175261216694,1.3478894337728748,0.0007852472343619077,-0.003666475638830158
2022-10-20,1.3638735307303311,1.3432835531915377,-0.0013502026268746858,-0.0034171056363613284
2022-10-21,1.3724217607036975,1.3776358541019011,0.0062676119015148135,0.025573380116763245
2022-10-24,1.380768601086472,1.3961143629692525,0.006081833312300944,0.013413202634304122
2022-10-25,1.3868931243807872,1.4113589126943278,0.004435589923971417,0.010919270032186512
2022-10-26,1.3953069876439106,1.4108713942195594,0.006066699095418793,-0.00034542487412903
2022-10-27,1.3988951106851142,1.420088206639373,0.0025715653064006805,0.006532709116915614
2022-10-28,1.4155570524402792,1.456071486319232,0.011910787040355642,0.025338763825814015
2022-10-31,1.4112659863716577,1.4509306054460163,-0.003031362149073513,-0.0035306514285305957
2022-11-01,1.40293643517593,1.4464550472988758,-0.005902183767032443,-0.0030846121312361197
2022-11-02,1.3857806193727644,1.4240766792766428,-0.012228505421212565,-0.015471181122443056
2022-11-03,1.3713169778357637,1.4174736759440194,-0.010437179835540822,-0.004636690866939408
2022-11-04,1.3977492770711537,1.4363962624747406,0.019275119948639396,0.013349515304486248
2022-11-07,1.412737089074083,1.455362722781758,0.010722818640503728,0.013204197756920166
2022-11-08,1.433203346453827,1.469941661137493,0.014486954110589423,0.010017391628575512
2022-11-09,1.3995751273976382,1.4417137930262027,-0.02346367606480615,-0.019203393479878983
2022-11-10,1.4453440935094712,1.4945362321492293,0.032702043081414,0.036638644492781536
2022-11-11,1.4607548588625332,1.496884778075785,0.010662350524187403,0.0015714212048096865
2022-11-14,1.4555168146380617,1.4879330844949736,-0.0035858475449811467,-0.0059802155195395335
2022-11-15,1.4512681152717644,1.4898827254291493,-0.002919031455747123,0.0013103014876756358
2022-11-16,1.44316145523897,1.4892627196956958,-0.0055859147923720265,-0.00041614398426892407
2022-11-17,1.4459042982935215,1.4893953512760136,0.001900579484432896,8.905855129781592e-05
2022-11-18,1.4494702995920195,1.4980592675215116,0.0024662775418169414,0.005817069482642934
2022-11-21,1.447785344824602,1.4966378437624845,-0.001162462430511102,-0.0009488434735821505
2022-11-22,1.4678779192702287,1.513999880480396,0.013878144655526059,0.011600693374332893
2022-11-23,1.4628996208806564,1.5183954844431016,-0.0033914934779094574,0.002903305356477759
2022-11-25,1.4674460244805316,1.5253673738685334,0.003107802842370333,0.004591616279726374
2022-11-28,1.4380848221366165,1.503031869371169,-0.020008369544160187,-0.014642705016509217
2022-11-29,1.4503624880094323,1.5029879955948726,0.008537511615326343,-2.919018364844206e-05
2022-11-30,1.4724417052307108,1.53704559173156,0.015223240675219962,0.02265992558590435
2022-12-01,1.4678329836093165,1.5293194774543992,-0.0031299857950384258,-0.005026600589288277
2022-12-02,1.4686386347828158,1.5307841977031929,0.0005488711471235419,0.0009577594939362832
2022-12-05,1.447582155950859,1.5098706942513858,-0.014337413120737219,-0.013661954103776353
2022-12-06,1.4360417543212203,1.4940186947748897,-0.007972191134159368,-0.010498911951102974
2022-12-07,1.4393337983577523,1.493929215362706,0.0022924431177755444,-5.989176206211422e-05
2022-12-08,1.4398126909613933,1.5028985161826889,0.00033271823685887547,0.0060038325295119765
2022-12-09,1.426963260566676,1.4891780028973869,-0.0089243763965835,-0.00912936777670903
2022-12-12,1.4454217325546583,1.5124902762038783,0.012935492102755353,0.015654457197953775
2022-12-13,1.4470182814862829,1.5177744684582206,0.0011045557816560247,0.0034937032901822818
2022-12-14,1.4365288912850944,1.5107138212287679,-0.007248968679521073,-0.004651973910606788
2022-12-15,1.4093866331457943,1.4777667800545855,-0.01889433502100968,-0.021808922849057
2022-12-16,1.398562047561652,1.4640591113945807,-0.007680352097551468,-0.00927593504267199
2022-12-19,1.394560738355842,1.4569827331071796,-0.0028610165796978393,-0.004833396570074644
2022-12-20,1.3993237109443428,1.4614333236118884,0.0034153927165023745,0.00305466249089803
2022-12-21,1.4199647557824504,1.484664343839252,0.014750728996207663,0.015896052082587486
2022-12-22,1.408922672733766,1.469799792972692,-0.007776307829978402,-0.010012061600483402
2022-12-23,1.419137599192742,1.4772316354410744,0.00725016827158842,0.0050563638013252366
2022-12-27,1.426934159579727,1.4791905129597334,0.005493872046953063,0.0013260462825614994
2022-12-28,1.4076122857651556,1.4622786154137588,-0.013540830657710279,-0.01143321120423857
2022-12-29,1.4256654449877078,1.4778105095092495,0.01282537770174308,0.01062170637782045
2022-12-30,1.423634980586722,1.474561396595555,-0.0014242222171577668,-0.0021985991389202875
2023-01-03,1.4238918174343824,1.4740725792260938,0.0001804091998036661,-0.0003315001807248086
2023-01-04,1.4370964628145046,1.4800359490832364,0.009273629652507553,0.004045506266912247
2023-01-05,1.4347823607621624,1.465171253895044,-0.001610262158609821,-0.010043469009924921
2023-01-06,1.4694462101975505,1.4965912278751696,0.024159656811625796,0.021444574411761064
2023-01-09,1.4527909921579452,1.4921858100414505,-0.011334350263400461,-0.002943634675698248
2023-01-10,1.4649119685155583,1.5008192744224795,0.008343234796361676,0.00578578372943328
2023-01-11,1.4692024984789671,1.5120788152294662,0.0029288653896086814,0.007502262929905079
2023-01-12,1.4737466769517464,1.522047976319785,0.003092955856992985,0.006593016838745802
2023-01-13,1.4798923174441236,1.526676226754168,0.0041700792873633485,0.0030408045648955273
2023-01-17,1.4689534841951057,1.5094084320623145,-0.0073916413512504775,-0.011310711720825206
2023-01-18,1.4412129474437283,1.4818610404485177,-0.018884557645865496,-0.01825045562794325
2023-01-19,1.4357318307460445,1.4714467914434015,-0.003803127572095222,-0.007027817535417591
2023-01-20,1.4512498036407295,1.4862351404879726,0.010808406251341163,0.010050209855066994
2023-01-23,1.4562490780296227,1.4973701317260646,0.0034448062465548546,0.007492079102931148
2023-01-24,1.4628263715900223,1.5015124512236377,0.00451659929584225,0.002766396503981472
2023-01-25,1.462558305941267,1.5024925394303137,-0.0001832518567900232,0.0006527339855737502
2023-01-26,1.463003662418764,1.511578596451033,0.0003045051097707585,0.006047322553870638
2023-01-27,1.4711537071070004,1.5126926151327196,0.005570761644411837,0.0007369902460263589
2023-01-30,1.4581075748405583,1.5013340696858006,-0.008867960025806698,-0.007508825873340008
2023-01-31,1.4631586649745214,1.5181261802767554,0.003464140932479154,0.011184792865234217
2023-02-01,1.4532357728059875,1.5183048504578573,-0.006781829206955248,0.00011769125875260578
2023-02-02,1.4389813169046792,1.5163453956526682,-0.00980877030971028,-0.0012905542682012383
2023-02-03,1.4424310910890412,1.5098870025958644,0.0023973724633079563,-0.00425918334656461
2023-02-06,1.445905185484994,1.5076595425190218,0.002408499385111007,-0.0014752495206681315
2023-02-07,1.452921398331354,1.5211999424068963,0.00485247090666352,0.008981072653346578
2023-02-08,1.443382167987362,1.5118464574010537,-0.006565551553544213,-0.006148754509576859
2023-02-09,1.4334084727787832,1.5014235490979844,-0.006909947642269931,-0.006894157969577708
2023-02-10,1.4429844621596681,1.5087731282358106,0.006680572609091051,0.0048950738399178295
2023-02-13,1.4531395389672574,1.525787782784164,0.007037551043613144,0.011277145801402488
2023-02-14,1.445427802773886,1.519507193978667,-0.005306948153686708,-0.004116292499102614
2023-02-15,1.4429143090942305,1.5218235561811633,-0.0017389271707878295,0.0015244167396346597
2023-02-16,1.4253273901505163,1.502804562799896,-0.012188470814149754,-0.012497502291916929
2023-02-17,1.436009337208745,1.5092821506338294,0.007494381383564619,0.004310332823228125
2023-02-21,1.4164346756725832,1.477873433741043,-0.013631291265981726,-0.020810367948495334
2023-02-22,1.4156033873477205,1.4746162388159259,-0.0005868878665145072,-0.002203974204253778
2023-02-23,1.417103225419471,1.479747594461393,0.0010595044382881724,0.0034797905450894007
2023-02-24,1.4109056674354865,1.4639088725750917,-0.004373399109405041,-0.010703664561162007
2023-02-27,1.4129801476475905,1.4681025705738537,0.001470318150946781,0.002864726129697681
2023-02-28,1.4046842962799744,1.4569937015512537,-0.005871173336318702,-0.0075668207693810885
2023-03-01,1.409778918134915,1.458912024691165,0.0036268803377617065,0.0013166310450545282
2023-03-02,1.413494568619767,1.4742600530267818,0.002635626364570598,0.010520187698682903
2023-03-03,1.4233864586419407,1.4910792960846568,0.006998180425859424,0.011408599875811332
2023-03-06,1.4279087918282074,1.493176433727303,0.003177164682725442,0.0014064561476729853
2023-03-07,1.4057236934727972,1.4672549696258625,-0.015536775515616608,-0.017359947234590778
2023-03-08,1.3987828708910823,1.4655591904433498,-0.004937543995269689,-0.0011557494897734832
2023-03-09,1.3780874034375725,1.441423273579871,-0.014795339494203197,-0.01646874245739427
2023-03-10,1.363055164971325,1.4264770366692852,-0.010908044314715037,-0.010369082548158048
2023-03-13,1.350607421176244,1.422416836180636,-0.009132237722266234,-0.002846313248847987
2023-03-14,1.362765281710022,1.4374521195385077,0.009001772345653025,0.010570237201524835
2023-03-15,1.3476014077883123,1.4256287141131314,-0.011127282243851844,-0.008225251655110566
2023-03-16,1.355968761162827,1.4421812507940461,0.006209071410994804,0.011610692543613466
2023-03-17,1.338598968846199,1.4247712992941264,-0.012809876461853276,-0.012071958008283645
2023-03-20,1.3608285086947978,1.4417695011763687,0.01660657177090119,0.011930477467270606
2023-03-21,1.3754156624510625,1.4566213517392639,0.010719318167617953,0.010301126879696865
2023-03-22,1.3548367836624693,1.4322864153444925,-0.014961934308586056,-0.016706425706114025
2023-03-23,1.3554645918330062,1.4352390916249205,0.00046338287984748483,0.0020615124522547212
2023-03-24,1.361861257756157,1.4418588362669198,0.004719168587429268,0.004612293993821348
2023-03-27,1.3739188626255832,1.4507614604926626,0.008853768914237614,0.006174407647833613
2023-03-28,1.3704664800121062,1.4485250524746016,-0.0025127994872122805,-0.001541540824569143
2023-03-29,1.3842821674033743,1.4631526272205073,0.010081010803814738,0.010098254580351629
2023-03-30,1.3908424784186906,1.469415175821935,0.004739142907274507,0.00428017452514462
2023-03-31,1.4043799011104994,1.4879349606761967,0.00973325369469591,0.012603507272137993
2023-04-03,1.4237678483986294,1.5026524477991838,0.013805343748368282,0.0098912166942422
2023-04-04,1.4101224345077672,1.4938398802721549,-0.009584016036188525,-0.005864674522665592
2023-04-05,1.4227536845316668,1.497776830086603,0.008957555539004458,0.002635456360778665
2023-04-06,1.4180240424836732,1.4981344590920722,-0.0033242873305582288,0.00023877322594745287
2023-04-10,1.427340728686877,1.5028758576863779,0.006570189167516061,0.00316486852400355
2023-04-11,1.4344831314413746,1.5070811014157444,0.0050039928175162895,0.0027981311349563054
2023-04-12,1.432963719353441,1.505783794260714,-0.0010592052667827145,-0.0008608077918379475
2023-04-13,1.4447961400122251,1.5226041918916493,0.008257306517238883,0.011170526402957792
2023-04-14,1.4380769605580275,1.5157593055028653,-0.004650607285080932,-0.0044955126389610855
2023-04-17,1.4385925013712622,1.5205909051175168,0.000358493201250365,0.0031875770758000854
2023-04-18,1.438617084335584,1.5200537400011502,1.7088205519266708e-05,-0.00035326077155850566
2023-04-19,1.438666527290428,1.516429968129345,3.436839127113345e-05,-0.002383976155871048
2023-04-20,1.432578428661424,1.5117779046255906,-0.004231764980638153,-0.0030677733898210047
2023-04-21,1.4312577217724456,1.5133179607665772,-0.0009219089597855001,0.0010187052848666944
2023-04-24,1.4355653534550366,1.5161820235646166,0.003009682754589127,0.0018925717346198745
2023-04-25,1.4194606282412472,1.5008749825726455,-0.011218385268932152,-0.010095780555413492
2023-04-26,1.4048970648182493,1.4902228915170797,-0.010259927702991334,-0.007097254054636237
2023-04-27,1.4194432642345305,1.5137209067646686,0.010353925408878917,0.015768121253101564
2023-04-28,1.4294728193074953,1.5263875834890595,0.007065837237512529,0.008367907629329041
2023-05-01,1.429126343853245,1.5233881469996842,-0.00024237988268849264,-0.0019650556135415442
2023-05-02,1.4148773605618765,1.507767639421805,-0.009970415388852238,-0.010253793564459546
2023-05-03,1.4018465903495598,1.495414429283322,-0.009209823109433302,-0.008193046339169396
2023-05-04,1.3979872825339563,1.482971884054288,-0.0027530172289688126,-0.008320466210157584
2023-05-05,1.4177207656840904,1.5071411392148868,0.014115638530248775,0.016297851240795413
2023-05-08,1.4167382048266308,1.504858403952776,-0.000693056687355198,-0.001514612800828985
2023-05-09,1.412563564941372,1.5028439626055834,-0.002946655826063349,-0.0013386251768945368
2023-05-10,1.410944170705728,1.501591250835012,-0.0011464222041654981,-0.0008335607699414549
2023-05-11,1.403184522443896,1.4919232889918341,-0.005499613962720362,-0.006438477740065229
2023-05-12,1.4075084836818734,1.491341817134273,0.003081534302022293,-0.00038974648485723407
2023-05-15,1.4080644839433984,1.4938927019896697,0.0003950244477892717,0.0017104629040032293
2023-05-16,1.390510094383655,1.478585516676066,-0.012467035252945902,-0.010246509199232756
2023-05-17,1.399610047456037,1.497652424839341,0.006544327228645841,0.012895370574262266
2023-05-18,1.4026982376581025,1.5041424243336743,0.0022064647275710225,0.004333448393427863
2023-05-19,1.4074940217329521,1.4990109243665746,0.0034189706282490295,-0.0034115785075159444
2023-05-22,1.3969182855985163,1.4932246371525761,-0.007513876415201182,-0.0038600700768365304
2023-05-23,1.3941576239840858,1.4829528335987907,-0.0019762513261450954,-0.006878940581487303
2023-05-24,1.3840033443482604,1.4712907797586103,-0.007283451642151828,-0.007864076035297263
2023-05-25,1.3770860626735952,1.470124516645939,-0.004998023814691499,-0.0007926802293036772
2023-05-26,1.3821571358130362,1.4839848775931863,0.003682466388190475,0.009428018368722535
2023-05-30,1.3765615351853617,1.4825487330276388,-0.004048454754301822,-0.0009677622644489459
2023-05-31,1.3731043037469142,1.4780640826176474,-0.0025114979244149627,-0.003024959861408938
2023-06-01,1.383544698116354,1.4844335735487977,0.007603496938251686,0.004309346939727954
2023-06-02,1.4163450788445011,1.516414381393029,0.023707496239770087,0.021544115152135612
2023-06-05,1.4125865241063593,1.507712941523067,-0.002653699860494574,-0.005738167598996702
2023-06-06,1.4128417438179686,1.507892621955597,0.00018067545403677165,0.00011917416610396359
2023-06-07,1.4171173628574116,1.5123779939737512,0.00302625475086038,0.002974596435346255
2023-06-08,1.4197132608316394,1.5197343562283077,0.0018318157989354322,0.004864102945076443
2023-06-09,1.419559389339282,1.5217975782873034,-0.00010838209137198351,0.0013576201989118353
2023-06-12,1.424401796277614,1.5303196263680008,0.0034112041910314694,0.005599987936824258
2023-06-13,1.4369632780021488,1.5368237693823241,0.008818776947179918,0.004250185975697152
2023-06-14,1.4339762846193616,1.5269559220780582,-0.0020786845624476413,-0.006420936154723833
2023-06-15,1.4546848268278436,1.5464679181561307,0.014441342182990757,0.012778362358697448
2023-06-16,1.4504580298844687,1.5417740013789356,-0.0029056444842365803,-0.0030352500185013565
2023-06-20,1.4375025214570094,1.5305802712363934,-0.008932011930390837,-0.007260292450469885
2023-06-21,1.4372817352044895,1.5259495673342574,-0.0001535901671296802,-0.0030254564162096598
2023-06-22,1.4389256516918174,1.5255450337982077,0.0011437677436942906,-0.0002651028216852369
2023-06-23,1.4315235117324814,1.5157444403747122,-0.0051442129415324445,-0.00642432259052661
2023-06-26,1.4273708517987456,1.5156545279976308,-0.00290086743228557,-5.931895554844857e-05
2023-06-27,1.434698309063203,1.525050876528342,0.005133534326572153,0.006199531857121077
2023-06-28,1.434719287130622,1.5223532165726374,1.4621936393455215e-05,-0.0017688983346217935
2023-06-29,1.448079870472304,1.5337266271477095,0.009312332706143955,0.007470940680033289
2023-06-30,1.4660860864778174,1.545819914025962,0.0124345461688109,0.00788490377893658
2023-07-03,1.4679367505506893,1.5468096717820192,0.001262316101312999,0.0006402801174163475
2023-07-05,1.4631661977251504,1.5411451920258967,-0.003249835405884638,-0.0036620405596485828
2023-07-06,1.4515823723951304,1.525050876528342,-0.007916957996999874,-0.010443088412973034
2023-07-07,1.4392909934840277,1.5169584739477586,-0.008467572453929595,-0.005306316467949546
2023-07-10,1.4444408172833993,1.5266238380015509,0.0035780282254846973,0.006371541620805887
2023-07-11,1.4521963565462697,1.5403805760166243,0.005369232972421978,0.009011216563395097
2023-07-12,1.4513203555869387,1.5448308778780677,-0.0006032248706464571,0.0028890924299707077
2023-07-13,1.4508367505143014,1.5461348238281956,-0.0003332173153747231,0.0008440703566974239
2023-07-14,1.4504656440778003,1.5517542752349613,-0.00025578786611901716,0.003634515774537883
2023-07-17,1.4556965178446568,1.5548112960557259,0.003606341031388016,0.001970041822698887
2023-07-18,1.4717728618443342,1.5715800265422069,0.011043746964154666,0.01078505830837484
2023-07-19,1.4743160623752727,1.5765703799526685,0.0017279843900310787,0.00317537339885976
2023-07-20,1.4787560737505352,1.5843924681154775,0.0030115736296796314,0.004961458278217812
2023-07-21,1.4779004037003776,1.5842940407620754,-0.0005786417823376855,-6.212308842845626e-05
2023-07-24,1.4817081484499122,1.592976863141438,0.0025764555852347826,0.005480562418316071
2023-07-25,1.4834254457151599,1.5941018502671986,0.0011589983270621218,0.0007062168646581046
2023-07-26,1.4786106565281274,1.5982861673598447,-0.0032457237409132533,0.0026248743717001144
2023-07-27,1.469821755069928,1.5871280846605438,-0.005944026860212337,-0.00698127965264983
2023-07-28,1.4747384968000774,1.5948217265703795,0.0033451278790710415,0.004847524269902426
2023-07-31,1.483081144056001,1.599725631322941,0.005657034975370623,0.0030748921154386544
2023-08-01,1.485859068982326,1.6025595308997767,0.0018730768289101363,0.0017714910115504967
2023-08-02,1.46991841128848,1.5869931439341054,-0.010728243362113532,-0.00971345317632677
2023-08-03,1.4695432956584304,1.5836190484866188,-0.00025519486467329155,-0.0021260932729187942
2023-08-04,1.464203458678858,1.5775900122866644,-0.0036336710836273323,-0.003807125334666872
2023-08-07,1.4813268358955896,1.5954514018532138,0.011694670651974715,0.011321946403970884
2023-08-08,1.4815789192017441,1.5882532161079368,0.00017017399539787093,-0.004511692262713751
2023-08-09,1.4788628447984826,1.5804239118635,-0.0018332296498420053,-0.004929506306068032
2023-08-10,1.4815357363999724,1.5831690536363148,0.0018073965485649879,0.0017369654762930953
2023-08-11,1.487068009824972,1.5881628707659579,0.0037341478096524217,0.00315431704414193
2023-08-14,1.4904036590971275,1.589107311529393,0.002243104720239364,0.000594675005202383
2023-08-15,1.471962089672598,1.5729113936025199,-0.0123735400889321,-0.010191833999735223
2023-08-16,1.4664445643528414,1.5646325274726767,-0.0037484153691647037,-0.0052634027342644
2023-08-17,1.4663324643646183,1.5524405245977568,-7.644338623369329e-05,-0.007792246844448125
2023-08-18,1.4687006152473658,1.5550088723706927,0.0016150163351758007,0.0016543936674169313
2023-08-21,1.4704700603037952,1.5529811534333051,0.0012047690578051995,-0.001303991876455468
2023-08-22,1.461539730832001,1.5452766874010277,-0.0060731120699929475,-0.004961081475615137
2023-08-23,1.4709141076420706,1.5537021843095462,0.006414041720735897,0.0054524196069307695
2023-08-24,1.4538110919320004,1.5365807317531026,-0.011627474113690472,-0.011019777618483717
2023-08-25,1.4655929966325383,1.54770922851773,0.008104151059186604,0.007242376879170509
2023-08-28,1.472776960847738,1.5576671325207099,0.004901745731390683,0.006433963059402803
2023-08-29,1.4892897449375928,1.5707790414815306,0.011212005978386674,0.008417657846835569
2023-08-30,1.494920908380051,1.5742928402693295,0.0037811067064683623,0.00223697840052961
2023-08-31,1.4922392402893292,1.5671290030726004,-0.0017938528223728767,-0.004550511196826368
2023-09-01,1.5056340823014676,1.5724006393449104,0.00897633680343457,0.003363881506866395
2023-09-05,1.495879793472727,1.5633894852514867,-0.006478525521838918,-0.005730825762814473
2023-09-06,1.4917657776243238,1.5544682435351445,-0.002750231580341378,-0.005706346243531946
2023-09-07,1.4863530372004181,1.557577364465261,-0.0036284117152262096,0.0020001186534668314
2023-09-08,1.4896487491787074,1.5612719982586505,0.0022173143901913495,0.0023720387042589497
2023-09-11,1.4910441425024383,1.5651464568062023,0.0009367264091619809,0.0024816038152692954
2023-09-12,1.4919299415642373,1.564425570251594,0.0005940797033092693,-0.0004605872833648439
2023-09-13,1.4867879986440493,1.5614518230128132,-0.0034465042740524643,-0.0019008556848776337
2023-09-14,1.5008515478592683,1.5767262473158268,0.009459014484946682,0.009782193774984238
2023-09-15,1.4926867134273338,1.5637296513394172,-0.005440134597975654,-0.008242772642704788
2023-09-18,1.4944883364631247,1.5637743910455089,0.00120696661903974,2.861089578587439e-05
2023-09-19,1.491569534033289,1.5588954539353792,-0.0019530446364963705,-0.0031199750667790793
2023-09-20,1.4822627449151615,1.5555066376813724,-0.006239594538352766,-0.0021738572945683154
2023-09-21,1.4605927221105994,1.5386111928015087,-0.014619555729171618,-0.010861698992842617
2023-09-22,1.456314809772028,1.5340934927376624,-0.0029288878917523853,-0.0029362194198135905
2023-09-25,1.461329063317978,1.5359011211854046,0.0034431110034065515,0.0011783039666743989
2023-09-26,1.4450047338281184,1.5181012126343234,-0.011170878551333918,-0.011589228177230071
2023-09-27,1.4477832226750955,1.5153455353823322,0.0019228233527071037,-0.001815213128780413
2023-09-28,1.454522047836115,1.5207215161949788,0.004654581608265929,0.0035476930423596897
2023-09-29,1.4431337858974982,1.5131769585315717,-0.007829556076897615,-0.004961169802005783
2023-10-02,1.442049120547729,1.509291387218313,-0.0007516041550469366,-0.002567823473223818
2023-10-03,1.4327625998008828,1.490724697833471,-0.006439808890364995,-0.012301593676394829
2023-10-04,1.4351917727568355,1.4952871376034091,0.001695446933281497,0.0030605515401798122
2023-10-05,1.4341081468025831,1.496100534324485,-0.0007550391347149743,0.0005439735958536751
2023-10-06,1.4392175525829836,1.5093368485325676,0.003562775786325467,0.008847209064101413
2023-10-09,1.4453399276642154,1.5183272203109035,0.004253960820755687,0.005956504531825724
2023-10-10,1.4480132292258818,1.5244711365303714,0.0018496005752686173,0.004046503373765331
2023-10-11,1.4492004817868664,1.527091007126129,0.0008199183108426045,0.0017185439153151183
2023-10-12,1.4479425795038283,1.519140039745449,-0.000867997422611344,-0.0052066100471922505
2023-10-13,1.446889003999363,1.520992696542548,-0.0007276362470302056,0.0012195431287620462
2023-10-16,1.4534669051132172,1.5354935568950714,0.004546237545293597,0.009533813269114289
2023-10-17,1.4545940390408991,1.5359454279265987,0.000775479595522155,0.00029428389946550837
2023-10-18,1.4456434598485126,1.5207669775092334,-0.006153317662629831,-0.009882154757187567
2023-10-19,1.438876154629256,1.5094274825178116,-0.004681171676981566,-0.007456431628989013
2023-10-20,1.4314751027298112,1.497028378100176,-0.00514363371415516,-0.008214441939902284
2023-10-23,1.428144466351906,1.4885761816896355,-0.0023267162464464253,-0.005645982757699675
2023-10-24,1.4314015696104967,1.4981591380912391,0.0022806539081516863,0.006437666086210214
2023-10-25,1.4275482104088804,1.4932315645909386,-0.002692018287128839,-0.003289085501676836
2023-10-26,1.420183486721175,1.4817956627489706,-0.005159001730383639,-0.007658491899815156
2023-10-27,1.4114703498994596,1.4653878806655078,-0.006135219077804899,-0.0110729046493655
2023-10-30,1.4190865094533234,1.4881694833290975,0.005395904741751112,0.01554646586352515
2023-10-31,1.4171130438941533,1.4938195309219648,-0.0013906590937365904,0.003796642557289953
2023-11-01,1.423150246874568,1.5037635800482192,0.00426021269539989,0.006656794157803736
2023-11-02,1.4357845503146287,1.5295733392060626,0.008877701752016298,0.017163442113032
2023-11-03,1.4396863712664363,1.5396081666391936,0.002717553236627701,0.006560540234271883
2023-11-06,1.442007546403599,1.5415520347080671,0.0016122783291481202,0.0012625732384341504
2023-11-07,1.4404664728542016,1.5438122557954996,-0.0010687000586376838,0.001466198374458827
2023-11-08,1.4404976494137607,1.5419137047192482,2.1643377438262945e-05,-0.0012297810625121475
2023-11-09,1.4340487145655643,1.532828224985059,-0.0044768798135984555,-0.005892339958054493
2023-11-10,1.444604817271375,1.5504565351150332,0.007361048895057065,0.011500512479241332
2023-11-13,1.4443479076231527,1.552988369514933,-0.0001778407805033133,0.0016329605780995848
2023-11-14,1.4545435439818677,1.5749109698215593,0.007058989253837744,0.014116396965338396
2023-11-15,1.4593896442994414,1.5832726765684886,0.003331698344559264,0.0053093202772449555
2023-11-16,1.4490258520249246,1.5821430711504865,-0.007101456636340431,-0.0007134623332542
2023-11-17,1.4513161619570787,1.5826727315419606,0.0015805859701905067,0.00033477401704828935
2023-11-20,1.4544088071916468,1.5921395090293582,0.002130924546721591,0.005981512980371084
2023-11-21,1.4516287654963944,1.5889689070837734,-0.0019114582375366895,-0.0019914096268597303
2023-11-22,1.4526458420041721,1.5968495898293995,0.0007006450491700011,0.0049596204875332894
2023-11-24,1.4546452001396362,1.6024657218386165,0.0013763562168089827,0.00351700751591566
2023-11-27,1.4527989911395949,1.600292238052349,-0.0012691816532747202,-0.0013563371475888708
2023-11-28,1.4555813431056848,1.6038702599666343,0.001915166504835808,0.0022358553201757836
2023-11-29,1.456301375319753,1.6063159343518993,0.0004946698564656238,0.001524857992762918
2023-11-30,1.4616619247559823,1.6305472478144967,0.0036809341301708987,0.015085023403178743
2023-12-01,1.4674673990428762,1.6443621474474892,0.003971831097579592,0.008472554016149658
2023-12-04,1.4646995146405013,1.6425050166797808,-0.001886164152048675,-0.0011293927986552044
2023-12-05,1.4600041880434542,1.639198752399595,-0.0032056586010403842,-0.0020129401411931314
2023-12-06,1.4536870068014167,1.6360733231249998,-0.0043268240555550674,-0.001906681096493057
2023-12-07,1.4534212972065501,1.6388366494235163,-0.00018278322198894692,0.0016889990561292922
2023-12-08,1.4536543412464082,1.6446789334309457,0.00016034169879453053,0.0035648970929986756
2023-12-11,1.4578332988197045,1.65178994891016,0.002874794546902537,0.0043236496404681635
2023-12-12,1.4599552926280628,1.6595805749570722,0.0014555805592286752,0.0047164750288331
2023-12-13,1.4789425035990467,1.683721687399323,0.013005337263995997,0.01454651422566533
2023-12-14,1.4801118301571878,1.6909227595772507,0.0007906504514514356,0.004276877961375103
2023-12-15,1.4804062570108334,1.6915273228960208,0.00019892203254290308,0.0003575345564106325
2023-12-18,1.4881313003643095,1.6931160154271783,0.0052181915044551275,0.0009392059529003127
2023-12-19,1.4960745654652516,1.7045549480234299,0.005337744793754151,0.00675614222062948
2023-12-20,1.4787268230807002,1.6832201697261968,-0.011595506524206267,-0.012516333557901715
2023-12-21,1.4896921300391812,1.6972010392366268,0.007415370295127621,0.008306025415976359
2023-12-22,1.4798086046268033,1.6968382146523855,-0.0066346094022246005,-0.00021377820060997088
2023-12-26,1.4836140094432748,1.703874327204304,0.0025715520267779457,0.004146601892367263
2023-12-27,1.4848352139346044,1.709366775574422,0.0008231281745498809,0.0032235055616629538
2023-12-28,1.4869480402963497,1.7115001379468393,0.00142293659385051,0.0012480424932210799
2023-12-29,1.4872495890631063,1.7107743444567236,0.00020279711098480924,-0.0004240686132730431
2024-01-02,1.4908903569344272,1.711772472867469,0.002447987142235153,0.0005834366256307622
2024-01-03,1.4849970300379922,1.698699242104173,-0.003952890880958404,-0.007637247923140467
2024-01-04,1.4798906219460641,1.700196723363556,-0.003438665525006046,0.0008815458453541591
2024-01-05,1.4828423139280382,1.7006510478628367,0.0019945338785190003,0.0002672187830017325
2024-01-08,1.494100914734465,1.7106375275490622,0.007592581288432987,0.005872150961701017
2024-01-09,1.484829270152124,1.703102350791771,-0.006205500907540018,-0.00440489386906362
2024-01-10,1.4889307083869467,1.7111373133625978,0.0027622288415707352,0.004717838929111373
2024-01-11,1.4889697103218076,1.7121355860949756,2.619459363772947e-05,0.0005833972087347927
2024-01-12,1.4857579642103256,1.7064161197968497,-0.0021570258207521675,-0.0033405451907992934
2024-01-16,1.4787936940328834,1.6962024778609839,-0.004687351739112944,-0.005985434512352006
2024-01-17,1.4706756952395792,1.6919353201512517,-0.005489608743979191,-0.0025157124608810033
2024-01-18,1.4777482220393923,1.701422591310472,0.00480903221743989,0.005607348606193829
2024-01-19,1.487512040447686,1.7196045192229243,0.006607227308870645,0.010686309212838419
2024-01-22,1.495434569977621,1.7262808379448848,0.00532602716113173,0.0038824733520574917
2024-01-23,1.5097009852507095,1.7216029408689033,0.009539979588208958,-0.0027098123162569987
2024-01-24,1.50421065202657,1.7172877240555307,-0.0036367024184116303,-0.002506511060671568
2024-01-25,1.521255994289579,1.7281434529346305,0.011331752131953365,0.006321438584247829
2024-01-26,1.529966346477513,1.7309141396364074,0.00572576359313004,0.0016032735575695067
2024-01-29,1.5367853620396508,1.7409976034597092,0.004456970950921457,0.005825513578287644
2024-01-30,1.5420613710257256,1.7463568429629797,0.0034331463042258648,0.0030782578290864393
2024-01-31,1.5189314992928657,1.7321860461841083,-0.014999319850334314,-0.008114490939221897
2024-02-01,1.5359395335960115,1.749127385343124,0.011197367564675487,0.009780323075766706
2024-02-02,1.547341511165106,1.7551232275675912,0.007423454712699451,0.00342790483684019
2024-02-05,1.5414273196547674,1.7422236157282578,-0.0038221630245578453,-0.0073496901167509066
2024-02-06,1.5446448472372105,1.7490368956795124,0.00208736898679307,0.003910680517556164
2024-02-07,1.5423757815535062,1.7562587501725282,-0.0014689886078103065,0.004129046397394642
2024-02-08,1.5407753244038063,1.7593473774308221,-0.0010376570799678353,0.001758640210612672
2024-02-09,1.5378316536414967,1.7564853351356384,-0.0019105126592344757,-0.001626763612404436
2024-02-12,1.5403018564145405,1.762798684951725,0.0016062894577535403,0.0035943082983946884
2024-02-13,1.5251827551077024,1.7387714422775595,-0.009815674274412545,-0.01363016825419483
2024-02-14,1.5317869957308337,1.745448771250948,0.004330130668612764,0.0038402568681725757
2024-02-15,1.543396586028498,1.7634347103863917,0.007579115327405628,0.010304478384979054
2024-02-16,1.5364139462251591,1.7568480153982473,-0.004524203219411493,-0.0037351510375459585
2024-02-20,1.5340487995888905,1.7545730735042944,-0.0015393941470523975,-0.0012948996578040495
2024-02-21,1.5384833267533724,1.7562112683554179,0.0028907340924684277,0.0009336714873047214
2024-02-22,1.5540282188782075,1.776636531724294,0.010104036783836534,0.01163029968940088
2024-02-23,1.5558333516288088,1.7800031224468873,0.001161582993585819,0.0018949237294618726
2024-02-26,1.5525822981030133,1.7774098070315196,-0.002089589815253645,-0.0014569162169798533
2024-02-27,1.5470833210013857,1.772633482602136,-0.003541826483753119,-0.0026872387057212954
2024-02-28,1.5448898103604347,1.7723602817517108,-0.0014178361379599824,-0.0001541214543822056
2024-02-29,1.5441547639030397,1.7739527266453146,-0.0004757921584216396,0.0008984882532065974
2024-03-01,1.548901423188714,1.7801396507112837,0.0030739530755818922,0.003487648781751451
2024-03-04,1.55252914297387,1.7752266536958712,0.002342124379799193,-0.0027598941540621924
2024-03-05,1.5408174348005634,1.7568480153982473,-0.007543631774198256,-0.010352840443985656
2024-03-06,1.5482528344077242,1.761351138977206,0.004825620115158635,0.002563183348525344
2024-03-07,1.554251591833891,1.7671283339283532,0.003874533469503838,0.0032799791156361557
2024-03-08,1.5533351428733408,1.7650363918644791,-0.0005896400334188812,-0.001183808795156227
2024-03-11,1.5517138175734904,1.7669925272721196,-0.0010437704363344125,0.0011082691646795428
2024-03-12,1.5693577153108114,1.777773930510454,0.011370587499769602,0.006101555650027901
2024-03-13,1.5737474178575082,1.7797297772748295,0.0027971331863159143,0.0011001661858174305
2024-03-14,1.5692511129933455,1.7744986953812674,-0.0028570689382186876,-0.0029392562625839558
2024-03-15,1.558474612543385,1.764754098751203,-0.006867288709073716,-0.005491464522024203
2024-03-18,1.5669745548450058,1.7680824442411696,0.005454013965456417,0.0018860109135441228
2024-03-19,1.5761597520323054,1.7825375546361732,0.0058617398469549276,0.008175586179301586
2024-03-20,1.5902573693398696,1.8011889608193243,0.008944282005289628,0.010463401533752137
2024-03-21,1.599468069571383,1.813774384464587,0.00579195569792379,0.006987286686199745
2024-03-22,1.5864992545321237,1.7990911015685154,-0.008108205025145976,-0.008095429631070683
2024-03-25,1.5816489737214081,1.7918858440632435,-0.0030572222437923458,-0.004004943106544201
2024-03-26,1.581187815489627,1.7914299320260043,-0.00029156800240959235,-0.00025443140741898684
2024-03-27,1.5962473441736824,1.8129080217043638,0.009524187156344954,0.011989355148302794
2024-03-28,1.5971884569997294,1.8138198457788417,0.0005895783191007808,0.0005029621269041495
2024-04-01,1.5930183664660282,1.80273911947459,-0.002610894484884163,-0.006109055609926695
2024-04-02,1.5879272944910112,1.7858669103775675,-0.003195865209207338,-0.009359207283381132
2024-04-03,1.590303188551845,1.784179790493008,0.0014962234537290175,-0.0009447063914762577
2024-04-04,1.5665950384252614,1.7602848907558948,-0.01490794352753122,-0.013392652390996074
2024-04-05,1.585680529585147,1.7732355924531524,0.012182785398752616,0.0073571623350674464
2024-04-08,1.584444817919298,1.7743296947495464,-0.0007792942164537298,0.00061700898687711
2024-04-09,1.5831191433382645,1.773144092538113,-0.0008366808146555993,-0.0006681972436924921
2024-04-10,1.5715003206139717,1.7533993056667303,-0.007339196656919067,-0.011135466629290991
2024-04-11,1.5731168605749917,1.7535356896094942,0.0010286602807616507,7.778259197621651e-05
2024-04-12,1.5497364111204963,1.7322401667963159,-0.014862500072594487,-0.01214433383897695
2024-04-15,1.5312908875517277,1.7205661342606333,-0.011902361870320899,-0.006739269045627272
2024-04-16,1.5295513556638993,1.7236215675434399,-0.0011359904914014507,0.0017758301886603434
2024-04-17,1.517930335590977,1.721204468841421,-0.007597665831807432,-0.0014023372343059393
2024-04-18,1.51525932707069,1.7229832329626524,-0.0017596384087330552,0.0010334414960175842
2024-04-19,1.524164232923177,1.7328289990571373,0.005876819692443025,0.005714371391505102
2024-04-22,1.5365957152388217,1.7445544100940096,0.008156261672537912,0.006766629046058403
2024-04-23,1.5515570931572953,1.7566450991828764,0.00973670417670558,0.0069305313832059845
2024-04-24,1.550862745586558,1.7539989620499934,-0.0004475166101198802,-0.0015063584181652656
2024-04-25,1.5210521236025751,1.7379389951009865,-0.019221960208160138,-0.009156200942238124
2024-04-26,1.5251346904749445,1.7442807762786867,0.0026840414006983337,0.003649024042602589
2024-04-29,1.5287965980074982,1.7510790467801554,0.0024010387773774067,0.003897463409516133
2024-04-30,1.5008263089681149,1.7252092498231695,-0.018295624856725534,-0.014773631724138703
2024-05-01,1.5052766003013995,1.728677154331816,0.002965227426179995,0.002010135587321882
2024-05-02,1.5150417527398852,1.7439157868699566,0.006487281099387454,0.008815198662141643
2024-05-03,1.5223961450040933,1.7646296935039412,0.00485425055178057,0.011877813590507547
2024-05-06,1.536700873455519,1.7722946154088985,0.009396193295922561,0.00434364327721215
2024-05-07,1.5394299116736339,1.773617178849626,0.0017759072473084725,0.0007462435586209626
2024-05-08,1.546476972353612,1.7815563118564364,0.004577708037592165,0.004476238221801543
2024-05-09,1.5556290510705204,1.7976162788054435,0.005918018102125222,0.009014571609174737
2024-05-10,1.5609279662102882,1.803000052986248,0.003406284509871682,0.002994951839433879
2024-05-13,1.5583447719133752,1.7997147153427826,-0.001654909357018286,-0.0018221506083840877
2024-05-14,1.5635552414598357,1.8048248557082645,0.003343592278403751,0.002839416893087199
2024-05-15,1.577977265466124,1.8217060127465048,0.009223865984308244,0.009353349154544777
2024-05-16,1.5692926309691972,1.8213867732952949,-0.005503649949203382,-0.00017524202531926658
2024-05-17,1.5754943809495652,1.8274821974462248,0.00395193978355568,0.003346584174377165
2024-05-20,1.5636579436659206,1.8190289907842558,-0.007512840049934466,-0.004625602741182178
2024-05-21,1.5653570116987008,1.8221360912115165,0.0010865982804377783,0.0017081093500994626
2024-05-22,1.563576611729446,1.8124493675561064,-0.0011373763019866256,-0.0053161362107533305
2024-05-23,1.5408281335713163,1.7850334529495666,-0.014549001300913522,-0.01512644441124844
2024-05-24,1.5394163189030587,1.7849420973561596,-0.0009162700482274744,-5.117864500303604e-05
2024-05-28,1.5315152200935807,1.7756209403960095,-0.005132528941299119,-0.005222106069410648
2024-05-29,1.5224190281651728,1.7572521159693992,-0.005939341515556085,-0.010345014529122176
2024-05-30,1.4971991214974598,1.7430876693423603,-0.016565680145306794,-0.008060565981578005
2024-05-31,1.514149966236772,1.770731900771601,0.011321703637094283,0.015859346558093845
2024-06-03,1.5067968104769824,1.764837372333187,-0.004856292919297012,-0.0033288655588378235
2024-06-04,1.5089629669493183,1.7706401122132964,0.001437590295701563,0.003287974275181016
2024-06-05,1.5104111594803171,1.7753009793366366,0.0009597270196277652,0.0026323063005242453
2024-06-06,1.5177596902935513,1.7789565019676037,0.0048652519329654975,0.0020591002165351036
2024-06-07,1.5186043939109877,1.7751178351849253,0.0005565463510714963,-0.002157819361200075
2024-06-10,1.522935393561151,1.7787735021375248,0.0028519604365224716,0.0020593939625528357
2024-06-11,1.5103593472927062,1.7727421567914496,-0.008257767415226769,-0.0033907326249392744
2024-06-12,1.5037881644724915,1.7714626011972232,-0.0043507413199338485,-0.0007217945313278129
2024-06-13,1.497406619082907,1.7677616172520014,-0.004243646505771692,-0.002089224995616923
2024-06-14,1.498999691178196,1.7658424281822949,0.001063887440450051,-0.0010856605613430714
2024-06-17,1.5076891073754946,1.7755288631944397,0.005796809864896391,0.005485446978480191
2024-06-18,1.5140961334883964,1.7780882630261572,0.00424956715649083,0.0014414859058460294
2024-06-20,1.5351160627291711,1.7914759706267893,0.013882823405899414,0.007529270553671807
2024-06-21,1.5358661263410187,1.7921356648091948,0.0004886038457014852,0.00036824059782092355
2024-06-24,1.542148230848891,1.8042257766115313,0.004090268285842358,0.0067462034486232
2024-06-25,1.5361249035853681,1.7906699343089736,-0.0039058030499488083,-0.0075133846762884815
2024-06-26,1.537123517526252,1.7916780209123653,0.0006500864210672308,0.0005629661748807191
2024-06-27,1.5435886448765166,1.7931430298044235,0.00420599078509265,0.0008176741998053849
2024-06-28,1.5433649793880146,1.7911740497714856,-0.00014489967210129517,-0.001098060779430754
2024-07-01,1.549135758742783,1.7926848086210638,0.003739089218583125,0.000843446146269855
2024-07-02,1.5567230194755535,1.8010655658234906,0.004897737780533928,0.004674975300802187
2024-07-03,1.5568783779342086,1.7989593359179934,9.979839490492637e-05,-0.001169435441698785
2024-07-05,1.561458001773701,1.8029434789062868,0.002941542450842549,0.0022146931888598065
2024-07-08,1.557469059446996,1.8018444696743858,-0.002554626715655428,-0.000609563885257014
2024-07-09,1.5562556381581654,1.799463018415608,-0.0007790981666508934,-0.001321674150493224
2024-07-10,1.5667398541775255,1.8192461948412497,0.0067368212280138895,0.01099393331409515
2024-07-11,1.5670651578938528,1.8209406751290695,0.0002076309704255319,0.0009314188990059424
2024-07-12,1.578164918023301,1.8332595367190045,0.007083151631273932,0.00676510869255087
2024-07-15,1.5875562045656284,1.8426014759942426,0.005950763722520236,0.005095808361077703
2024-07-16,1.6098981467391262,1.876031994637482,0.01407316610854159,0.018143108577073352
2024-07-17,1.6179603416031818,1.8864273375087335,0.005007891263422826,0.005541133040889434
2024-07-18,1.6006782299318398,1.8625679408932287,-0.010681418590407277,-0.012647927720881191
2024-07-19,1.5757968714805741,1.846184404844035,-0.01554425991807562,-0.008796208551370643
2024-07-22,1.5757512406222507,1.8516821931145575,-2.8957322577127798e-05,0.002977919354154146
2024-07-23,1.5771028167808987,1.8486582219476477,0.0008577344721709679,-0.0016330940472152333
2024-07-24,1.5616249851465478,1.8265742700558256,-0.009814091681063286,-0.011945935505891181
2024-07-25,1.574108278078198,1.8303313951161109,0.00799378407132667,0.00205692433200122
2024-07-26,1.5943309218736197,1.8600208084002783,0.012847047485266438,0.016220785680335137
2024-07-29,1.5904148452289972,1.857912990956823,-0.0024562508265350003,-0.0011332225069395907
2024-07-30,1.5977566742136218,1.866618183189232,0.004616298072574576,0.0046854681972623435
2024-07-31,1.6027826383673582,1.8715663946829875,0.0031456380278993556,0.002650896438446404
2024-08-01,1.581941574872683,1.8474671355141774,-0.013003050442263686,-0.012876518427171302
2024-08-02,1.540947898630164,1.8195186740835123,-0.025913521013453567,-0.015127988419066818
2024-08-05,1.498362009597169,1.7722360208260814,-0.027636164123947315,-0.025986352286956893
2024-08-06,1.5161156712254662,1.786668472724774,0.01184871313780178,0.008143639858964713
2024-08-07,1.507234088356806,1.776634222578173,-0.005858116921567902,-0.005616179106411434
2024-08-08,1.5396697938424604,1.8075607608965956,0.02152001851352492,0.017407375094657063
2024-08-09,1.5472573436567547,1.810447193547681,0.004928037066544322,0.0015968661820549013
2024-08-12,1.541513155031349,1.8041243185038456,-0.003712497244853896,-0.0034924382585527214
2024-08-13,1.5547026600100662,1.8225429338936874,0.008556206566040503,0.010209171951695906
2024-08-14,1.5637463288066842,1.8330808665379024,0.005816976473533186,0.005781994184192785
2024-08-15,1.6052937938617349,1.859608048531173,0.026569184713454153,0.01447136483584166
2024-08-16,1.6090926860610595,1.8650511389029574,0.002366477845893833,0.00292700947174529
2024-08-19,1.6210480758440187,1.8759184135126616,0.007429895049877455,0.0058267971226229065
2024-08-20,1.6221822420585175,1.8733963929837756,0.0006996499557290203,-0.0013444190913204368
2024-08-21,1.6218301870878484,1.8753682594493646,-0.00021702553605951191,0.0010525623263575312
2024-08-22,1.614527963529009,1.8684444291275735,-0.00450245877587907,-0.0036919843806165753
2024-08-23,1.629302060602025,1.8883904003547367,0.009150722320549365,0.010675174983115099
2024-08-26,1.6330567355796717,1.8924715274801063,0.002304468317102293,0.0021611670577244
2024-08-27,1.6345091226446207,1.8932514415824298,0.0008893671807632675,0.00041211404821606124
2024-08-28,1.627812716585941,1.8861440341440294,-0.004096891210888409,-0.0037540747532508467
2024-08-29,1.6387941066328418,1.8979283284069834,0.006746101646098568,0.006247823098145311
2024-08-30,1.652709984159675,1.9084743430626219,0.008491535007668416,0.005556592679392791
2024-09-03,1.637534644792282,1.8811457430437772,-0.00918209456761343,-0.014319605667314939
2024-09-04,1.631269468379917,1.8819255128244683,-0.003825980984457189,0.0004145185366815074
2024-09-05,1.6254899232407896,1.8729381718004159,-0.0035429738931282984,-0.004775609322902441
2024-09-06,1.6056089541603644,1.8546425184415107,-0.012230755045708253,-0.009768423557365957
2024-09-09,1.6363732761529102,1.875643336481013,0.01916053215375446,0.011323377864295825
2024-09-10,1.639971071996784,1.872021152147166,0.0021986400635507497,-0.0019311690359228306
2024-09-11,1.6524300515327046,1.8766525776574652,0.007597072746381439,0.0024740241342824376
2024-09-12,1.6641780145986902,1.889032631619603,0.007109507028808082,0.0065968811220196155
2024-09-13,1.6782855000506003,1.9026509651890569,0.008477149276192142,0.007209157397020549
2024-09-16,1.6937890738263146,1.9138396440744596,0.009237745172228973,0.0058805735208984355
2024-09-17,1.691372726238815,1.9132894900111626,-0.001426592971249363,-0.0002874608983048921
2024-09-18,1.6853551600362282,1.9083828431475824,-0.003557800187524829,-0.0025645083450238637
2024-09-19,1.7014358286297098,1.9323182972634434,0.009541412382856995,0.012542270646482612
2024-09-20,1.7084545717912245,1.9341952000948117,0.004125188292976922,0.0009713217713802624
2024-09-23,1.7160666015428538,1.9366783981045406,0.004455506091478156,0.0012838404363775258
2024-09-24,1.7124535323785206,1.9413692841274524,-0.0021054364446490004,0.002422129573760312
2024-09-25,1.699875362282446,1.9275265304193767,-0.007345116149577557,-0.007130407296156105
2024-09-26,1.7073876452769097,1.9390236246335475,0.004419314004514341,0.005964687921400147
2024-09-27,1.7084715972606082,1.9451408413509927,0.0006348599198882088,0.0031547922571604214
2024-09-30,1.7092483118371045,1.9459221986696416,0.0004546253960215907,0.00040169704015169394
2024-10-01,1.702584908982657,1.9384720273539249,-0.0038984405064502736,-0.0038286069817231594
2024-10-02,1.7000442596510152,1.9403577338048792,-0.001492230618418855,0.000972779810255231
2024-10-03,1.691524392834422,1.9314818090811587,-0.005011555886399233,-0.0045743754201013065
2024-10-04,1.7112839581481052,1.9472563078409733,0.011681513667427978,0.008167044952558378
2024-10-07,1.6902104143602055,1.9297802570333442,-0.012314463469116355,-0.008974704941131062
2024-10-08,1.6931630340738473,1.9352529333398023,0.001746894758519968,0.002835906464744964
2024-10-09,1.7118119502088431,1.9547982677149944,0.011014247157360657,0.010099627825630675
2024-10-10,1.7085046706608766,1.9530052157521403,-0.0019320343847132326,-0.0009172567791100317
2024-10-11,1.7292466952625731,1.971722865564634,0.012140455310358123,0.009584024487761189
2024-10-14,1.7302234105539118,1.9816565235333445,0.0005648212565705357,0.0050380599333699205
2024-10-15,1.7339043607308215,1.9662500449365434,0.002127442129413293,-0.007774545393634091
2024-10-16,1.7419785039968123,1.9808748775714307,0.0046566255030280335,0.00743793124000125
2024-10-17,1.7592148760450663,1.9888314734957806,0.009894709956929315,0.004016707978095502
2024-10-18,1.7584809300928907,1.990390580092264,-0.00041720085600094325,0.0007839309751787038
2024-10-21,1.741512807662593,1.9753467817580719,-0.009649307046736944,-0.007558214194067769
2024-10-22,1.7416675912373194,1.9750704058317303,8.887880355823441e-05,-0.000139912611240689
2024-10-23,1.7400020154048446,1.9559785300260233,-0.0009563109750991838,-0.00966642796597783
2024-10-24,1.7269504677816991,1.9496293884450633,-0.007500880750479277,-0.0032460180331711497
2024-10-25,1.71447787830291,1.937484434422356,-0.007222320333721277,-0.006229365485916016
2024-10-28,1.7236070655536877,1.950963497616395,0.005324762346781808,0.006956991733488405
2024-10-29,1.7141479124837744,1.943741065836849,-0.0054879985461621095,-0.0037019820147173865
2024-10-30,1.7168339324674537,1.9402901912808437,0.0015669709504748663,-0.0017753777067623933
2024-10-31,1.7019504983134364,1.9215204413589981,-0.008669116955666634,-0.00967368180604733
2024-11-01,1.7142566780973179,1.934171819990338,0.007230633203537007,0.006584045820710704
2024-11-04,1.701713452140788,1.9232684649724954,-0.007317005741784177,-0.005637221525591762
2024-11-05,1.7199750435658894,1.9428205824644178,0.01073129638960535,0.010166088535227935
2024-11-06,1.7812607375970548,2.0115069997594426,0.035631734460580766,0.035353968305142036
2024-11-07,1.7670327594092354,2.0122433287287347,-0.007987588727191741,0.0003660583678706253
2024-11-08,1.7659419893625372,2.0247567358793526,-0.0006172890914953877,0.0062186351779451865
2024-11-11,1.7708044400177119,2.038098693522465,0.0027534600142384846,0.006589412647301618
2024-11-12,1.7670470795401734,2.021444554412232,-0.002121838184176328,-0.008171409541237407
2024-11-13,1.7722480629899289,2.0233767324288685,0.0029433191169467854,0.0009558402244667086
2024-11-14,1.7664944222448515,2.0136695151016357,-0.003246521107982181,-0.004797533337047022
2024-11-15,1.7578598041745617,2.000209502363094,-0.004887996226626612,-0.006684320658180254
2024-11-18,1.76291470035232,1.9987359784947152,0.002875596885345555,-0.0007366847655898567
2024-11-19,1.7645598572536993,1.9925216333185605,0.0009332027811954635,-0.003109137596469802
2024-11-20,1.7636262309235353,1.9991965088241956,-0.0005290987020508675,0.0033499638819569633
2024-11-21,1.7809016465823282,2.020740264845367,0.00979539505360294,0.010776207304324492
2024-11-22,1.7989310674733388,2.0400285623929806,0.010123760021004014,0.009545164157497288
2024-11-25,1.8166204727762214,2.0602830932705447,0.009833286901719918,0.009928552595266371
2024-11-26,1.8324446881988878,2.0663594669659773,0.008710798793587937,0.0029492906655788076
2024-11-27,1.8297843546464236,2.0611117880846717,-0.0014517947360687122,-0.00253957695415441
2024-11-29,1.8337967403241358,2.0719298490176747,0.0021928188791884295,0.0052486531761850586
2024-12-02,1.8312166575144742,2.065715215198255,-0.0014069622619165,-0.0029994421975078067
2024-12-03,1.8282440145344703,2.061802511418076,-0.0016233158254680413,-0.001894115777137051
2024-12-04,1.8546589514215945,2.0758425527978535,0.014448255636078322,0.006809595633929577
2024-12-05,1.851480494175506,2.065393089314394,-0.0017137691237799624,-0.005033842026879953
2024-12-06,1.8584623260773137,2.058395799281633,0.003770945426522898,-0.003387873266819108
2024-12-09,1.8306382790560138,2.048866963492237,-0.01497154213506624,-0.004629253417987589
2024-12-10,1.8205710005517102,2.0424683195913107,-0.0054993269940225575,-0.0031230158008990205
2024-12-11,1.8303203289273846,2.037036053341968,0.005355093744061623,-0.0026596575316428783
2024-12-12,1.8221624996209471,2.0267249943041277,-0.004457050046107636,-0.005061795062941465
2024-12-13,1.8150904346479322,2.022581375911862,-0.0038811384684330763,-0.0020444897082292357
2024-12-16,1.8164090091467648,2.017978381763176,0.000726451130843131,-0.002275801707414926
2024-12-17,1.8095344902688317,2.0050891610813864,-0.003784675611778865,-0.006387194629175363
2024-12-18,1.75014634942458,1.9528404004477633,-0.032819568327448034,-0.026058073450182184
2024-12-19,1.7588065943625166,1.9542678857153575,0.004948297575676497,0.0007309789715876924
2024-12-20,1.7802689929645992,1.97842660539678,0.012202819042682611,0.01236203074205422
2024-12-23,1.785022809925903,1.9800422860732252,0.0026702801543418975,0.0008166492868817432
2024-12-24,1.8016959234502068,1.996708692522225,0.009340560485608496,0.008417197231707751
2024-12-26,1.7991101679732033,1.9999862367975325,-0.001435178624399458,0.0016414734345486792
2024-12-27,1.780478751064772,1.9851671472452272,-0.010355906625451827,-0.007409595766035948
2024-12-30,1.7645648270328365,1.9656386985010437,-0.008938002782913568,-0.00983718110149201
2024-12-31,1.760039778499253,1.9643921925606724,-0.0025643991449112447,-0.0006341480462924709
2025-01-02,1.762023324425517,1.956543982182371,0.0011269892592742359,-0.003995235985982504
2025-01-03,1.783632359642019,1.9720558155709367,0.012263762299257408,0.007928180265727391
2025-01-06,1.7863465565313172,1.9719171224820522,0.0015217244039253952,-7.032919037552876e-05
2025-01-07,1.7779257332375238,1.9636075158444748,-0.004713991953579688,-0.004213973570612373
2025-01-08,1.781017659789142,1.967300273456641,0.0017390639517815831,0.0018805986340799663
2025-01-10,1.7475872687214424,1.935907287621803,-0.018770387190690463,-0.01595739412961039
2025-01-13,1.7518615500217085,1.952665338307475,0.0024458185160580737,0.00865643246080161
2025-01-14,1.764688133501364,1.9627760789193296,0.007321687880812666,0.005177917799584764
2025-01-15,1.7964285129315856,1.9955082251826386,0.017986395911919306,0.016676454647506667
2025-01-16,1.8045690972306057,1.9923689410313181,0.004531538127134027,-0.0015731752501462193
2025-01-17,1.8202440067516577,2.0077114851448976,0.008686234040640395,0.007700654129670248
2025-01-21,1.844540506100536,2.0325581860487065,0.013347935364026897,0.01237563319612911
2025-01-22,1.858410786208767,2.0380082038588534,0.007519639748954976,0.0026813588154845913
2025-01-23,1.8735038399054469,2.0569436350148718,0.008121484124330891,0.00929114569812084
2025-01-24,1.8694182432110222,2.051124009503753,-0.0021807250176923976,-0.0028292586204369252
2025-01-27,1.8565536547436658,2.0649797521587585,-0.00688159993841686,0.006755195000792691
2025-01-28,1.8633602719930094,2.0709372048289665,0.003666264765336491,0.0028849932615464535
2025-01-29,1.8651190287064634,2.0652567053716306,0.00094386294475024,-0.0027429607445799142
2025-01-30,1.9021612987175274,2.0728307046480787,0.019860539429890522,0.003667340363427307
2025-01-31,1.885102235011742,2.0569896736156563,-0.008968252964292267,-0.007642221333802546
2025-02-03,1.884257818766943,2.051816897661646,-0.0004479418830001247,-0.002514731124010905
2025-02-04,1.896101450803133,2.0576362345294994,0.006285568735992175,0.0028361872224005324
2025-02-05,1.9090910730105133,2.0721378164901854,0.006850699999136678,0.007047689828421966
2025-02-06,1.9117078619660184,2.0660875650102453,0.001370698859001207,-0.002919811332910305
2025-02-07,1.8928857377938453,2.046505861583649,-0.009845711547587732,-0.009477673530501662
2025-02-10,1.898673700295126,2.054172226704932,0.0030577453174889246,0.00374607533024629
2025-02-11,1.8999861501463422,2.0603149883513394,0.0006912456052938776,0.002990382971081784
2025-02-12,1.8887522539446342,2.0488614792701996,-0.005912620047700212,-0.005559105838619849
2025-02-13,1.9097154675638208,2.0656263130726016,0.011098974773110282,0.008182512079037085
2025-02-14,1.907199292090572,2.0588371348339836,-0.0013175656352926168,-0.0032867407796133286
2025-02-18,1.911259712673504,2.0594372241821444,0.002128996481789436,0.00029147004297125356
2025-02-19,1.9128904493628636,2.0629013763283446,0.0008532261097464744,0.0016820867883340362
2025-02-20,1.8792388903266382,2.0431343639255486,-0.017591994903541908,-0.009582141264541821
2025-02-21,1.842035703878272,2.00806983575853,-0.01979694366685847,-0.017162125402094497
2025-02-24,1.8402958231875033,2.009827673243041,-0.0009445423273314324,0.0008753866290944767
2025-02-25,1.8510279571161017,2.0172286308820566,0.0058317438932233845,0.0036823841852438033
2025-02-26,1.8487217615978149,2.0089490431440504,-0.0012458998846672786,-0.00410443695437035
2025-02-27,1.837974061742894,1.9997447867062692,-0.005813584325221499,-0.004581627627237572
2025-02-28,1.8682925262673715,2.02758904791823,0.016495588896247915,0.013923907389113754
2025-03-03,1.83416328547446,1.9985418658989293,-0.018267610833458514,-0.014325971058644305
2025-03-04,1.7930089580622819,1.9683851391685514,-0.022437657398388322,-0.015089364523676707
2025-03-05,1.8139164120251352,1.9910488310583443,0.01166054071779321,0.011513850332850017
2025-03-06,1.7761298285942009,1.9699111961111804,-0.020831491010518954,-0.010616331763158349
2025-03-07,1.7710531441388386,1.9808269627894226,-0.002858284554221102,0.005541248102854057
2025-03-10,1.7242548366323622,1.9402632031355562,-0.0264239995628317,-0.02047819441873111
2025-03-11,1.7073249631362295,1.9182934096550845,-0.009818660871033669,-0.011323099590286212
2025-03-12,1.7111708567310016,1.9146393302404425,0.0022525844100045322,-0.0019048594945123565
2025-03-13,1.6952694204447232,1.8907265346208926,-0.009292722713064583,-0.012489451794843731
2025-03-14,1.7336840609153747,1.9211607918506726,0.022659902908278795,0.016096593913768942
2025-03-17,1.7434074432827131,1.9389684937699116,0.005608508831882908,0.009269240760469977
2025-03-18,1.7218663775984628,1.9265725644281926,-0.01235572657857309,-0.006393053513529701
2025-03-19,1.745138695625784,1.9445648537154687,0.01351575147183004,0.009339014589682115
2025-03-20,1.7405991232124676,1.9431772012184594,-0.0026012674091147048,-0.0007136056657395251
2025-03-21,1.7381498702727673,1.9445720697970967,-0.001407132123093291,0.000717828810343546
2025-03-24,1.7784401437090338,1.9717742440658235,0.023179976666766855,0.01398877145837285
2025-03-25,1.777510791399636,1.9733037647276335,-0.0005225659759678924,0.0007757078004306805
2025-03-26,1.765123085610221,1.9659354237775752,-0.006969131129527906,-0.0037340125133117352
2025-03-27,1.7621300043878834,1.9599571887922795,-0.00169567847519414,-0.0030409111677780487
2025-03-28,1.7272221493667175,1.9260356879550908,-0.0198100338421352,-0.017307266215386585
2025-03-31,1.7442764318364365,1.9457771554289247,0.00987382108084467,0.010249793187785405
2025-04-01,1.744945043170974,1.9444332323865792,0.0003833173012797175,-0.0006906870288798661
2025-04-02,1.7538490460002016,1.9557402550106762,0.005102741123036658,0.005815073737563514
2025-04-03,1.681336852478675,1.877840921979917,-0.04134460356602343,-0.03983112421558965
2025-04-04,1.576182259185289,1.775889811597458,-0.06254225210038311,-0.05429166506551897
2025-04-07,1.5794019654280136,1.7589751719404647,0.0020427245795728854,-0.00952459975080211
2025-04-08,1.5639815384803986,1.7446558682016948,-0.009763459388526297,-0.008140708275588215
2025-04-09,1.6989673330143273,1.8818259308980056,0.08630907156684486,0.07862299104160808
2025-04-10,1.6612319872186547,1.8336311649228318,-0.022210754181319126,-0.025610639742951857
2025-04-11,1.6970303581963184,1.8625016972638861,0.021549290678901434,0.015745005262423728
2025-04-14,1.7110658449356684,1.8787674668609153,0.008270616180530599,0.008733291154002343
2025-04-15,1.7088427291971582,1.8708430546606254,-0.001299257854447844,-0.004217878124923136
2025-04-16,1.6743188581861652,1.838682277740599,-0.020203071014740392,-0.01719052639926577
2025-04-17,1.6798263078201745,1.8145125896151022,0.0032893672594571655,-0.013145113986303691
2025-04-21,1.6383015057914496,1.7693540621456054,-0.024719699790039296,-0.024887414795549012
2025-04-22,1.6873774058106856,1.816877299564504,0.029955353056657197,0.026859088542894316
2025-04-23,1.707733624115096,1.835608804253723,0.012063820597757902,0.010309724654333552
2025-04-24,1.7322985502948098,1.8591153344776328,0.014384518658431045,0.012805849573960026
2025-04-25,1.7282130602885544,1.8593006434538324,-0.0023584214196566977,9.967589033510471e-05
2025-04-28,1.7312675519808827,1.865096311573947,0.0017674277336026112,0.0031171226345345637
2025-04-29,1.7447425540243398,1.8787269124821677,0.007783315772330601,0.007308255784773898
2025-04-30,1.7537628078762812,1.8839662207087857,0.005169962657892269,0.002788754550652417
2025-05-01,1.7563509153130958,1.8889734597502559,0.001475745423036301,0.0026578178453680046
2025-05-02,1.7694093289126775,1.9150305861862973,0.007434968425574562,0.013794331678691929
2025-05-05,1.7669999250876782,1.9114138860744871,-0.0013616995149901001,-0.0018885860820702094
2025-05-06,1.7619043150317641,1.8927756131598985,-0.0028837635947615015,-0.009751039819463903
2025-05-07,1.7645945320690815,1.905803671252205,0.0015268803273627007,0.006883044139900374
2025-05-08,1.764401403970703,1.9189249611191421,-0.00010944616163577336,0.006884911633272095
2025-05-09,1.7623628898138404,1.9121556992658164,-0.0011553573649822901,-0.003527632393388491
2025-05-12,1.774338431692878,1.9669119039434373,0.0067951623063866595,0.028635850468999413
2025-05-13,1.7709363754264567,1.95430079104758,-0.0019173660479052668,-0.006411630775416732
2025-05-14,1.7688530909028866,1.9498500562212386,-0.0011763745736310671,-0.002277405221719042
2025-05-15,1.7813297944562496,1.96343490717194,0.007053555559548785,0.006967125963023291
2025-05-16,1.7894771117282935,1.9791734698452483,0.004573727614841205,0.008015831141546581
2025-05-19,1.7912586664311305,1.9860869090094957,0.000995572779981746,0.003493094096894911
2025-05-20,1.7895094708409247,1.9811223891712613,-0.000976517586759762,-0.0024996488399947614
2025-05-21,1.7760342154469568,1.9429817897279809,-0.007530139188162921,-0.01925201575215918
2025-05-22,1.7744917039453094,1.9433069463661257,-0.0008685145186008159,0.00016734929779782526
2025-05-23,1.7735129682112714,1.9317532780719935,-0.0005515583599866591,-0.0059453645836736735
2025-05-27,1.7849712682380618,1.9666453418881096,0.006460792919009251,0.018062381056726196
2025-05-28,1.7783458709308237,1.9553707916313372,-0.0037117669203594605,-0.005732884326742904
2025-05-29,1.7843895802657577,1.9601958967725244,0.0033985005019132597,0.002467616455067212
2025-05-30,1.787827488084913,1.9620055457231227,0.0019266576408965008,0.0009231980097386128
2025-06-02,1.7972024136076465,1.965996038863248,0.005243752870572438,0.002033884740450409
2025-06-03,1.8037198023871497,1.9766680463041062,0.003626407760281447,0.0054282954949536055
2025-06-04,1.7959863712043207,1.9717029491793416,-0.0042874903145123655,-0.002511851766940909
2025-06-05,1.786267410733157,1.967202134746504,-0.005411488988441682,-0.002282704113573897
2025-06-06,1.8039024019320244,1.987664777418212,0.009872537052909358,0.010401901416370984
2025-06-09,1.7967696159339064,1.987571689965214,-0.003954086424231562,-4.683257159632248e-05
2025-06-10,1.8093774865426884,1.99337139909104,0.007016965612605119,0.0029179873888862673
2025-06-11,1.7983919651559566,1.9933252161686226,-0.006071436982297507,-2.3168247742733072e-05
2025-06-12,1.8056749363762905,1.9974548353625305,0.004049712944364847,0.0020717237510523567
2025-06-13,1.7807350877465105,1.9618199481036576,-0.013811926015781406,-0.017840146684671043
2025-06-16,1.787904544761022,1.977920469431412,0.004026122169347612,0.008206931193312395
2025-06-17,1.7722820045073542,1.9632120745712762,-0.008737905107655486,-0.007436292352221874
2025-06-18,1.7679468609739297,1.9619593628007053,-0.002446079981853422,-0.0006380929430889193
2025-06-20,1.768069771484022,1.9625129805831831,6.952160882511826e-05,0.00028217596805246714
2025-06-23,1.775814056259123,1.98093924501955,0.0043800787163512656,0.009389117228101762
2025-06-24,1.7917895562236383,2.0045309250066667,0.008996155823976837,0.01190934050422321
2025-06-25,1.784690480226462,2.000203440854527,-0.003962003223268118,-0.002158851279445928
2025-06-26,1.7855760160379903,2.019141758443196,0.0004961845324662484,0.009468195685423897
2025-06-27,1.7920390891402893,2.038080220353498,0.0036196012066962435,0.009379461264227285
2025-06-30,1.8123035172614261,2.0504109163173023,0.011308027957614764,0.006050152413365595
2025-07-01,1.821187297791368,2.0701404050956342,0.004901927544325391,0.009622212124078766
2025-07-02,1.8135870967908474,2.069302762340289,-0.0041732121730354566,-0.0004046308903895568
2025-07-03,1.830330737891469,2.085030212247891,0.009232333605730725,0.007600361916017873
2025-07-07,1.8171348767585869,2.06599909584949,-0.007209550088244532,-0.009127501504107016
2025-07-08,1.800611071842063,2.0584610326595474,-0.009093328804518408,-0.003648628503800433
2025-07-09,1.8099398448195234,2.0684186480192617,0.005180892822077787,0.004837407753524037
2025-07-10,1.8104034941512603,2.0776319967198944,0.0002561683655200042,0.0044542958986835135
2025-07-11,1.7988297931828388,2.0639983650573894,-0.006392884793810838,-0.0065621013172830756
2025-07-14,1.8073719642076982,2.068697621734989,0.004748737794555202,0.002276773449609193
2025-07-15,1.7943642268383244,2.0480841629572626,-0.007197045006214875,-0.009964461969283911
2025-07-16,1.7974516172949344,2.058367800884917,0.0017206041061406108,0.005021101238733117
2025-07-17,1.8076328119096283,2.0716759872660115,0.005664238478928274,0.006465407385100486
2025-07-18,1.8085697053537204,2.0633948119900474,0.0005182985382425898,-0.003997331304154805
2025-07-21,1.8189933655015844,2.0642324547453925,0.005763482666445219,0.00040595369847684637
2025-07-22,1.8289220524425989,2.071307822781366,0.005458341481238138,0.0034276023612109796
2025-07-23,1.8426406577199876,2.095747103716474,0.00750092397818003,0.011798961345248271
2025-07-24,1.8482010981395283,2.0813165279990047,0.003017647741703877,-0.006885647458072963
2025-07-25,1.8543967770073864,2.0902077508157757,0.003352275287626938,0.004271922457329991
2025-07-28,1.8440832558538243,2.08704220012733,-0.005561658260755831,-0.0015144670127694715
2025-07-29,1.8426326111429818,2.078383768103869,-0.0007866481658230784,-0.004148661691140143
2025-07-30,1.8405781488348516,2.070377236894656,-0.001114960353847172,-0.003852287210902139
2025-07-31,1.8289176123681574,2.0544100687553812,-0.006335257470092004,-0.007712202324646755
2025-08-01,1.8051555870305185,2.028295502309583,-0.012992397895316254,-0.012711467317534586
2025-08-04,1.8281841367557294,2.0566448892354843,0.012757099659809867,0.013976951037765417
2025-08-05,1.8220087594272332,2.053525521469456,-0.0033778749111427198,-0.0015167264812486758
2025-08-06,1.8307412704052723,2.0573894445378316,0.004792793082281532,0.0018816046004679343
2025-08-07,1.8250617037147632,2.0469158793417357,-0.0031023317070095757,-0.0050907061975563606
2025-08-08,1.8364178842920431,2.0571566537445216,0.006222354320495338,0.0050030265074103575
2025-08-11,1.833401454964553,2.048266008214281,-0.0016425615069921573,-0.00432181259218023
2025-08-12,1.8423223692911543,2.070004742761033,0.004865772470314722,0.010613237958142063
2025-08-13,1.8547297358565737,2.092069644197358,0.006734633836201764,0.010659348251972789
2025-08-14,1.8585595902005947,2.0908593629867585,0.002064912353525239,-0.000578509044360187
2025-08-15,1.856208586926099,2.0938218531382,-0.0012649598575648069,0.0014168768133737686
2025-08-18,1.8597888163356415,2.0915857337634036,0.0019287861476124935,-0.0010679606631504024
2025-08-19,1.8644854770856936,2.092703937772434,0.0025253731546284186,0.0005346202123011068
2025-08-20,1.8770622488824218,2.093029816018742,0.00674543832671004,0.00015572114164164041
2025-08-21,1.8687361619267713,2.0864624601293595,-0.004435701032615036,-0.003137726868064683
2025-08-22,1.8850075322230204,2.126938616552266,0.008707152260312823,0.01939941752913077
2025-08-25,1.8693537703304366,2.1103104553358927,-0.008304349783750276,-0.007817884863704938
2025-08-26,1.8744299194360654,2.11692442711259,0.0027154566386498047,0.0031341226405690037
2025-08-27,1.8762352473087858,2.1240975008938023,0.0009631343663483172,0.003388441122102792
2025-08-28,1.8725612273208734,2.1276374218970937,-0.001958187275919898,0.0016665529721691108
2025-08-29,1.8802847221444978,2.1243769075744274,0.004124561969423457,-0.0015324576871557083
2025-09-02,1.8804840548866042,2.1128254041047834,0.00010601199901216773,-0.005437596044495341
2025-09-03,1.8851061000362361,2.111195579908348,0.002457901803326168,-0.0007713955887074242
2025-09-04,1.9039947204441268,2.128848280394224,0.010019924293665827,0.0083614709380182
2025-09-05,1.8823714983411175,2.1192532009754856,-0.011356765788702039,-0.004507169208395334
2025-09-08,1.8823160653390052,2.12488953801326,-2.9448492054440223e-05,0.0026595864218490473
2025-09-09,1.8897371678998818,2.1333199418572857,0.003942537970922588,0.003967455104469941
2025-09-10,1.8787045840666434,2.123631630663917,-0.005838157824613832,-0.004541424379567616
2025-09-11,1.9029574030279937,2.1515321773125744,0.012909330805406682,0.013138129158461798
2025-09-12,1.8976432098437195,2.1394214275167824,-0.00279259702598611,-0.005628895502236553
2025-09-15,1.8970379990132662,2.142915021276024,-0.0003189276189085044,0.0016329619374226834
2025-09-16,1.8884111299780617,2.1369063344262593,-0.00454754677538971,-0.0028039781279738385
2025-09-17,1.8964928808216335,2.148457549252638,0.004279656434595269,0.005405578447817305
2025-09-18,1.8929854314541446,2.154838874557658,-0.0018494397753654468,0.0029701891513935763
2025-09-19,1.8956201363516654,2.1624434700202073,0.001391825237395894,0.0035290784625880978
2025-09-22,1.894444578474556,2.1658535015542,-0.0006201442232892651,0.0015769344176017608
2025-09-23,1.8770037347035902,2.1621164372008397,-0.009206309843600491,-0.0017254465044282963
2025-09-24,1.8748986118597686,2.1534747464867547,-0.0011215336468970438,-0.00399686648017572
2025-09-25,1.8632531723690233,2.146047666632247,-0.006211236926136343,-0.0034488817974878128
2025-09-26,1.8772292145049636,2.159360615627216,0.007500881975244678,0.006203473111042523
2025-09-29,1.882257151505402,2.1629104948231532,0.002678382033258764,0.0016439492182300786
2025-09-30,1.9083247120585398,2.16618010140867,0.013849096300305952,0.001511669851037567
2025-10-01,1.924718871357709,2.1686093231278236,0.008590864644562712,0.0011214310931828564
2025-10-02,1.920417490488413,2.1725797555610242,-0.0022348099420159695,0.0018308657031289588
2025-10-03,1.927811483239038,2.1837905156562076,0.0038502006919050036,0.005160114406151495
2025-10-06,1.913852289496723,2.180660901054268,-0.007240953725859867,-0.001433111179622082
2025-10-07,1.9151144917449499,2.17659680388154,0.0006595087066822991,-0.0018636997484401396
2025-10-08,1.9170235895627437,2.1770639730061183,0.0009968583215378413,0.00021463282668854333
2025-10-09,1.9089923817288126,2.165059299610254,-0.004189415236023786,-0.005514157390280272
2025-10-10,1.8674665357511009,2.1247478141700924,-0.021752756257783057,-0.01861911378012515
2025-10-13,1.8770385972375858,2.151886631242128,0.005125693715649415,0.012772723845646539
2025-10-14,1.8797797740632147,2.161369284109106,0.0014603731802123043,0.004406669352048809
2025-10-15,1.8738801196642918,2.161369284109106,-0.0031384816882940036,0.0
2025-10-16,1.8499978772529997,2.1466552607053004,-0.01274480803797129,-0.006807732261204347
2025-10-17,1.862457885602784,2.1577527283189286,0.00673514737664771,0.0051696552384392636
2025-10-20,1.881479875438297,2.182237759211556,0.010213379847435533,0.011347468396762705
2025-10-21,1.8875717517016084,2.192517500455132,0.0032378110139987815,0.0047106421837783685
2025-10-22,1.8750965599047027,2.1764436786293997,-0.006609121897305115,-0.007331217115665312
2025-10-23,1.8689342836341505,2.183499563244978,-0.0032863781003712456,0.0032419330143298453
2025-10-24,1.886415986609606,2.2064887004161813,0.009353835032370528,0.010528574201791097
2025-10-27,1.9035995507437535,2.221161159189811,0.009109106504674447,0.006649686794617304
2025-10-28,1.9141350510153996,2.229571935291809,0.005534515002133533,0.003786657292830453
2025-10-29,1.9148604648842051,2.2259273811049156,0.00037897737070369253,-0.0016346430133981071
2025-10-30,1.9117061775898956,2.2195726109802862,-0.001647267439144895,-0.002854886542378976
2025-10-31,1.9299352755202597,2.222656331303073,0.00953551238367889,0.0013893306790377924
2025-11-03,1.9317793616107715,2.212376445737865,0.000955517065210687,-0.004625045006027229
2025-11-04,1.9309097058068934,2.2003677313362893,-0.0004501838155849258,-0.005427970644286462
2025-11-05,1.9279895265203246,2.210694232788813,-0.0015123334238710262,0.004693079845454751
2025-11-06,1.9151130986056144,2.1927980617088174,-0.006678681464597935,-0.008095271980430918
2025-11-07,1.9208636477512924,2.1955081333249216,0.0030027203875659936,0.0012358965758991758
2025-11-10,1.9418102710380762,2.2140118984779704,0.010904794471645829,0.008428010296197996
2025-11-11,1.956595939313247,2.240132526432335,0.007614373296762178,0.01179787153462053
2025-11-12,1.972210285136965,2.2557857950208042,0.007980362991655054,0.006987652919534515
2025-11-13,1.967313493899365,2.2183108069468642,-0.0024828950921224058,-0.016612830950819224
2025-11-14,1.9650612653783874,2.204573119387288,-0.0011448244156113674,-0.006192859682491392
2025-11-17,1.9502361092634655,2.178966853731346,-0.007544373489071443,-0.011615067529744061
2025-11-18,1.9442845874524703,2.1555099701490352,-0.003051692963085828,-0.010765140159035624
2025-11-19,1.94808201348437,2.157659352222666,0.0019531225296989252,0.0009971571012876712
2025-11-20,1.9243457782786388,2.1405572387649845,-0.012184412689728696,-0.007926234250121067
2025-11-21,1.9352235959779551,2.1641653714182127,0.0056527355021647185,0.01102896583454549
2025-11-24,1.9400379719084384,2.1729141487836525,0.002487762106915703,0.004042564159367545
2025-11-25,1.9621604517789164,2.204447703888598,0.011403116944518343,0.01451210353736121
2025-11-26,1.9723036695637224,2.219279060779671,0.005169413019006752,0.006727924125807361
2025-11-28,1.9816549804080366,2.232519271671832,0.004741313920681778,0.0059659964022324985
2025-12-01,1.9692061243268477,2.214460017147051,-0.006282050207663037,-0.008089181918352284
2025-12-02,1.9633426638469642,2.2235365489400216,-0.002977575789272935,0.004098756230723977
2025-12-03,1.9567690599878027,2.2429525711324456,-0.003348169415460678,0.008732045444308056
2025-12-04,1.9571589063304247,2.2413618580984327,0.0001992296130359783,-0.0007092049357110275
2025-12-05,1.9561420895648216,2.245853002981889,-0.0005195371527136894,0.0020037571654165642
2025-12-08,1.9618008972087742,2.2370574654075015,0.002892840798293772,-0.0039163460665988525
2025-12-09,1.942548873804035,2.2289636196105924,-0.00981344408198137,-0.0036180768362312765
2025-12-10,1.9504918991075064,2.252028958603784,0.00408897063573832,0.01034801052393175
2025-12-11,1.9874046002723236,2.2825329231820874,0.01892481644333288,0.013545103166530792
2025-12-12,1.983331801620608,2.2709770900634667,-0.0020493052351581165,-0.0050627235214248945
2025-12-15,1.9859984651591596,2.2699010279711422,0.0013445372763005725,-0.0004738322095069192
2025-12-16,1.9809263783524502,2.254976150662175,-0.00255392282304856,-0.00657512249435277
2025-12-17,1.9724416842459025,2.244777085211197,-0.004283195074419988,-0.004522914997563521
2025-12-18,1.992263147631064,2.248099080549331,0.010049201222767534,0.0014798776056739182
2025-12-19,2.006227858387225,2.255994484101478,0.007009470999233214,0.0035120353993549625
2025-12-22,2.0253692707290814,2.266825822624676,0.00954099618437354,0.004801136970648212
2025-12-23,2.0422916632816026,2.2704361725846534,0.008355213440376597,0.0015926896208537933
2025-12-24,2.0542069430379155,2.283470725150425,0.005834269399683567,0.005740990529997214
2025-12-26,2.051393530667393,2.2835646785332178,-0.001369585659350192,4.11449911565942e-05
2025-12-29,2.045125426864015,2.2721241583990084,-0.0030555345474542195,-0.0050099391717505215
2025-12-30,2.044741177301726,2.267435437200585,-0.00018788557280724483,-0.00206358494147052
2025-12-31,2.030085462541683,2.2532753202225226,-0.007167515831701943,-0.006244992358214407
