date,strategy,benchmark,strategy_return,benchmark_return
2018-01-02,0.9998252495748174,0.9977127644435925,-0.00017475042518255712,-0.0022872355564075297
2018-01-03,1.0033177037495797,1.0014540141242971,0.0034930645892845558,0.0037498264170159334
2018-01-04,1.0097987130933328,1.0080915824879166,0.006459578376353026,0.006627931257955577
2018-01-05,1.0163466695123167,1.0166194755947324,0.00648441747259243,0.008459442827376318
2018-01-08,1.0161211558813197,1.016097031284886,-0.0002218865252986424,-0.000513903503118307
2018-01-09,1.0177800898233367,1.0210445211704786,0.001632614312196079,0.004869111643143187
2018-01-10,1.017188733181594,1.0202397115865403,-0.0005810259481939806,-0.0007882218328890689
2018-01-11,1.024389276412474,1.0282451603835092,0.00707886648366407,0.007846635164318272
2018-01-12,1.0314947826998537,1.0374974759249314,0.006936334117303433,0.008998161039699193
2018-01-16,1.0299669885767375,1.0370950350525536,-0.001481145759280822,-0.0003878957604392941
2018-01-17,1.0398359024980313,1.0502494467341617,0.00958177692173523,0.012683901896166638
2018-01-18,1.0368572253446655,1.0465483184673072,-0.0028645646358334,-0.0035240468617845355
2018-01-19,1.0386866838943036,1.0486575069662716,0.0017644266779641704,0.0020153761290766514
2018-01-22,1.0448212975131732,1.0544536802121,0.005906125219464098,0.005527231920168685
2018-01-23,1.046534283641572,1.0540106849609747,0.0016395015420109793,-0.00042011826544741115
2018-01-24,1.0473735153552353,1.0568284926757803,0.0008019151658777979,0.002673414752820902
2018-01-25,1.050393069190078,1.0615778289598767,0.0028829770760612217,0.00449395177837375
2018-01-26,1.0625496411186632,1.070271258979232,0.011573355046943234,0.00818915936467235
2018-01-29,1.0558315850394469,1.0632279303456857,-0.0063225809122137155,-0.006580881785299808
2018-01-30,1.0418874060852144,1.048979921493398,-0.013206821193658014,-0.013400709712032666
2018-01-31,1.0420706960268598,1.052280340747465,0.00017592106457464673,0.003146313086115571
2018-02-01,1.0427558291740089,1.0530044745388063,0.0006574728084778325,0.0006881567233565367
2018-02-02,1.0170379948628228,1.0260778102666255,-0.02466333305617463,-0.025571272414558477
2018-02-05,0.9711810555831362,0.9791468688277295,-0.04508871793513647,-0.04573818960835052
2018-02-06,0.9911216014782915,1.0020485470896043,0.020532264072204542,0.02338942092445606
2018-02-07,0.9894373973986379,1.0012438096664815,-0.0016992910629145541,-0.0008030922508296401
2018-02-08,0.9503018433920742,0.9606319909089744,-0.0395533402208732,-0.04056136813573419
2018-02-09,0.9652202825678237,0.9741558659699213,0.015698632260354728,0.014078101904716034
2018-02-12,0.9799775518512673,0.9908190251821889,0.0152890169736013,0.01710522904430367
2018-02-13,0.9809162422871388,0.9924292937974132,0.0009578693247598302,0.0016251894385337362
2018-02-14,0.9910424765528363,1.0034175820960143,0.010323240485942797,0.011072112005637846
2018-02-15,1.0036111008166018,1.0162973497108714,0.012682225596912122,0.012835899873264056
2018-02-16,1.0053512154292539,1.0167210780240505,0.0017338534928881266,0.00041693340369297616
2018-02-20,0.9940099421337883,1.0061891347275864,-0.01128090673329829,-0.010358734095424094
2018-02-21,0.9860000672614326,0.9996110268765785,-0.008058143618927316,-0.006537645482316612
2018-02-22,0.9912391630728601,1.0067537209541388,0.005313484233301136,0.0071454734746960735
2018-02-23,1.0060792838966532,1.0205548378712224,0.014971281782076185,0.013708533308427917
2018-02-26,1.0224456290500268,1.036735529865861,0.01626745070227953,0.015854799168254274
2018-02-27,1.0097551266496838,1.0247915437164856,-0.012411909288647438,-0.01152076475175945
2018-02-28,0.9953079554141688,1.009618866164422,-0.014307598797195453,-0.014805623294898207
2018-03-01,0.9806592888839336,0.9925901402568948,-0.014717722741540484,-0.016866489403293272
2018-03-02,0.9808835529394742,0.9900478425386351,0.00022868702523148876,-0.0025612764172751046
2018-03-05,0.9923586350528768,1.004130747443281,0.011698720076419367,0.014224469060540645
2018-03-06,0.9935563470086678,1.004130747443281,0.0012069345834100353,0.0
2018-03-07,0.9901842058862607,1.0011849264403994,-0.003394010951225601,-0.0029337026182918446
2018-03-08,0.9949688284527942,1.0053416059404114,0.004832053003967163,0.004151759969849511
2018-03-09,1.0123934829887014,1.0231768732914683,0.017512764257150648,0.017740504566478688
2018-03-12,1.0080312544847918,1.0167210780240505,-0.004308827128195025,-0.006309559408482435
2018-03-13,1.0008062284626786,1.0096991811529388,-0.007167462308305006,-0.006906414180729348
2018-03-14,0.9927862356087255,1.0002571548255241,-0.008013532116274424,-0.009351326121343484
2018-03-15,0.9956393531593183,1.0047766589097777,0.0028738488188682076,0.0045183421707610805
2018-03-16,0.9984248226266231,1.0070163863253874,0.0027976691142892474,0.00222907986142884
2018-03-19,0.9852461448020877,0.9941203103660515,-0.01319946932996452,-0.01280622255452446
2018-03-20,0.98794928579366,0.9989306225399017,0.0027436199632278058,0.004838762596127699
2018-03-21,0.9870809692204975,0.9969905068334747,-0.0008789080427999973,-0.0019421926434631809
2018-03-22,0.9617077534289776,0.9676411153156053,-0.025705303397306145,-0.029437984932359607
2018-03-23,0.9442357612976302,0.9505404450742496,-0.018167673151277874,-0.01767253372215183
2018-03-26,0.9697998919872257,0.977586030371655,0.0270738852915966,0.028452850625722448
2018-03-27,0.958720871190333,0.9633151465406072,-0.011424027666357639,-0.014598084861771499
2018-03-28,0.9579701392805481,0.9632752416092062,-0.0007830557697704466,-4.14245862783158e-05
2018-03-29,0.9688588607949896,0.9758878698822052,0.01136645190487795,0.013093483283063367
2018-04-02,0.9474531788029424,0.9546643635636716,-0.022093705139346054,-0.021747894377553312
2018-04-03,0.9622640941888363,0.9708344479183171,0.015632345446987328,0.016937978384658825
2018-04-04,0.9724485339080541,0.9801732842784555,0.010583830136364991,0.009619391215631934
2018-04-05,0.981221606271997,0.9900778614382064,0.009021631539394503,0.010104924627732492
2018-04-06,0.959424622060276,0.9667111067154255,-0.02221412988910354,-0.023600926384555132
2018-04-09,0.9626570359723883,0.9691367203937652,0.0033691171122656183,0.002509140177959779
2018-04-10,0.978938768268786,0.986438935794983,0.016913326021609887,0.017853224459586814
2018-04-11,0.9719616523657328,0.977828707196795,-0.007127224019733092,-0.008728597671632699
2018-04-12,0.9826809317413847,0.9896731114197079,0.01102850030097513,0.012112964301148388
2018-04-13,0.9804373736418358,0.9847006538916829,-0.0022830992513237502,-0.005024343362114658
2018-04-16,0.9881232443451506,0.9929478414231806,0.00783922656351388,0.008375324520100147
2018-04-17,0.9973794635698137,1.0017609140759236,0.00936747442956598,0.008875665251571796
2018-04-18,0.9952309790163228,1.00006282574729,-0.002154129528395332,-0.0016951033972012475
2018-04-19,0.9929838452428591,0.9967881679046335,-0.0022579017543091773,-0.0032744521227550116
2018-04-20,0.9867132387040901,0.9888685904790341,-0.0063149129452708674,-0.007945095739095076
2018-04-23,0.9878992849250348,0.9883426824500064,0.0012020171357003395,-0.0005318280245637519
2018-04-24,0.9756936045390445,0.9711119062569029,-0.012355186983374011,-0.017434009983652743
2018-04-25,0.9744897792642546,0.9735794453694995,-0.0012338148668696869,0.0025409420857660514
2018-04-26,0.985113914510898,0.9833674106501467,0.010902254156697877,0.01005358661504241
2018-04-27,0.9861522981895683,0.9826800788751069,0.0010540747251406302,-0.0006989572438498293
2018-04-30,0.9786463357743386,0.9769769209214597,-0.007611362290601109,-0.005803677184720857
2018-05-01,0.975910177524744,0.9738219778730071,-0.002795860107553172,-0.003229291276888091
2018-05-02,0.9685116990978079,0.967147896136351,-0.00758110592278205,-0.006853492618058787
2018-05-03,0.9671620612127577,0.9671079190441335,-0.0013935173796117972,-4.133503508318981e-05
2018-05-04,0.980077419028252,0.9809410032028278,0.013353871428020359,0.014303557944563838
2018-05-07,0.9829547051346275,0.9845811555799281,0.002935774307736061,0.0037108779888035404
2018-05-08,0.9829596525265332,0.9845811555799281,5.033184011349334e-06,0.0
2018-05-09,0.9905202016620546,0.9925897794528135,0.007691616961172487,0.008134041391609115
2018-05-10,0.9992438792440151,1.0009224775515995,0.008807167756218037,0.00839490620523975
2018-05-11,1.0038782662459576,1.0052903717608546,0.0046378938097160205,0.004363868638397994
2018-05-14,1.0062394106290795,1.008243120202099,0.0023520226132114352,0.002937209510991634
2018-05-15,0.9996996435733132,1.0003150278001787,-0.006499215779749434,-0.007863274485157001
2018-05-16,1.0043463838416804,1.0029851944848815,0.004648136365996924,0.0026693257728767072
2018-05-17,1.0019183415196415,1.0020542477940901,-0.0024175347879000775,-0.0009281759051982252
2018-05-18,0.9996034473114489,1.0018800515835968,-0.002310461953098475,-0.00017383910190171825
2018-05-21,1.0099737649384053,1.0138056367248218,0.010374431635713721,0.011903206498996566
2018-05-22,1.0052817703316634,1.006666550688076,-0.004645659887044684,-0.0070418685575759365
2018-05-23,1.0047961520943203,1.0084917142141734,-0.0004830667895061591,0.001813076559313176
2018-05-24,1.0023245415911928,1.0055717989443353,-0.0024598128664962138,-0.0028953289637221324
2018-05-25,0.9995379756369683,1.003381140883794,-0.0027801034880386988,-0.002178519786295796
2018-05-29,0.9854475222121517,0.987480721499576,-0.014096966566815361,-0.015846838989033274
2018-05-30,0.9981427652859245,1.000663781025246,0.01288271854930878,0.013350194326477771
2018-05-31,0.989067866142533,0.9904416241130595,-0.009091784721589335,-0.010215376139339427
2018-06-01,0.9987934417860644,0.9992842105396599,0.009833072104002527,0.008927922869274463
2018-06-04,1.004645128459888,1.0067473708023065,0.00585875560352056,0.007468506140626552
2018-06-05,1.0041843441211855,1.0065451040342814,-0.0004586538327309153,-0.0002009111460244961
2018-06-06,1.015682383878071,1.0202140223359455,0.011450128479097321,0.01358003555615972
2018-06-07,1.0191509652848905,1.0243109526800798,0.00341502566341223,0.004015755767357243
2018-06-08,1.0224361158128477,1.027312914798025,0.003223418943668399,0.002930713676438268
2018-06-11,1.0218879549812172,1.0277992065389165,-0.0005361321095300742,0.00047336282245336037
2018-06-12,1.0218453264216178,1.0274344336126358,-4.1715492771543516e-05,-0.0003549067988767307
2018-06-13,1.0172523849226203,1.0228914051022757,-0.004494752170645544,-0.004421721096484976
2018-06-14,1.0167806718650336,1.022120438941171,-0.00046371290407198895,-0.0007537126201853095
2018-06-15,1.0142613085554,1.0185705597452333,-0.002477784422290852,-0.0034730537231162373
2018-06-18,1.0090743166026583,1.0144672792492668,-0.0051140587824742845,-0.004028469561296544
2018-06-19,1.0010736809336236,1.0028900143682116,-0.00792868824168591,-0.011412161947325417
2018-06-20,0.9995719750052793,1.0011836997065227,-0.001500095304617144,-0.0017013975981841067
2018-06-21,0.9922809991965842,0.993221836042585,-0.00729409786489521,-0.007952450350791285
2018-06-22,0.9987040329461122,0.9980562499290717,0.006472998832718346,0.00486740596214541
2018-06-25,0.9866336804020271,0.9843250568429607,-0.012086015622144175,-0.01375793507338574
2018-06-26,0.9899387060138701,0.9857879009105305,0.0033498001107121755,0.0014861392152929476
2018-06-27,0.9839826652026964,0.9794913645646364,-0.0060165753445045045,-0.006387313477958401
2018-06-28,0.9899555189516663,0.9833912958803344,0.00607008025668776,0.003981588257729429
2018-06-29,0.9938411056650105,0.9860314436654661,0.003925011416127999,0.0026847378009058342
2018-07-02,0.9943465044525208,0.9860314436654661,0.0005085307748184942,0.0
2018-07-03,0.9896373229074118,0.9816851977010941,-0.004735956252696738,-0.004407816801678566
2018-07-05,0.999005456510613,0.9893628920705325,0.009466229078425314,0.007820933215065384
2018-07-06,1.003421418231103,0.993628534403123,0.004420357958718535,0.004311504268836419
2018-07-09,1.0137472915710994,1.0067898013622771,0.010290664672276462,0.013245661234014605
2018-07-10,1.0197642447627506,1.0124360244318815,0.005935358093362764,0.005608144879859278
2018-07-11,1.0119908324023263,1.0037024008378597,-0.007622754377147989,-0.008626346142634245
2018-07-12,1.0204133335911352,1.0127205545304625,0.008322705027687727,0.008984888035611815
2018-07-13,1.022803613138949,1.0163765101263273,0.0023424620877912083,0.003610033961994441
2018-07-16,1.0236210805966015,1.0182859574858365,0.0007992418555735625,0.0018786811191373598
2018-07-17,1.0270321909872169,1.0207641763992423,0.003332395605439631,0.0024337160845511185
2018-07-18,1.0288291239487695,1.0238106617408302,0.0017496364547495702,0.002984514358972179
2018-07-19,1.0239063380382427,1.0187735481214213,-0.004784843076401701,-0.00491996597382971
2018-07-20,1.0234650910600727,1.0186431535264084,-0.00043094466923165875,-0.00012799173599797875
2018-07-23,1.0235365223926043,1.0179110098844604,6.97936189084647e-05,-0.0007187439874439816
2018-07-24,1.0314343280126421,1.0258425660055621,0.007716193264482696,0.00779199364589056
2018-07-25,1.0401599481158914,1.0332044846429715,0.008459695267329037,0.007176460483673708
2018-07-26,1.0447245722698135,1.0376787438954191,0.0043883867689678,0.004330468284788447
2018-07-27,1.040061545354517,1.0341807483263852,-0.004463403119891574,-0.003370981230571002
2018-07-30,1.0365513772254693,1.0285271648535204,-0.0033749619382872353,-0.005466726664573929
2018-07-31,1.0405781974485453,1.0338146765054113,0.0038848245360056932,0.005140857560766543
2018-08-01,1.0372989953264655,1.0295031398936687,-0.003151326954687561,-0.004170512094408219
2018-08-02,1.037924064535817,1.0294627298365535,0.000602593092413839,-3.925199987186989e-05
2018-08-03,1.0448313328130034,1.0347094706272475,0.0066548878797558775,0.0050965815843833084
2018-08-06,1.0478670228094835,1.0365805284324976,0.0029054354527320303,0.0018082929154170646
2018-08-07,1.0522986451136966,1.0417464491089614,0.0042291838637418255,0.004983617321343781
2018-08-08,1.0511453162458748,1.0397123078589252,-0.0010960090780096632,-0.0019526260461708578
2018-08-09,1.0495382283900174,1.0378414665361242,-0.0015288921817175893,-0.0017993836455140189
2018-08-10,1.0428631570050901,1.0302761987184457,-0.006360007862854844,-0.007289425275064598
2018-08-13,1.037747830446379,1.0251511932248107,-0.004905079371488652,-0.004974399583344669
2018-08-14,1.0424229766945503,1.0299100547366553,0.004505088915637945,0.004642106982165828
2018-08-15,1.0384974123184614,1.0240122069006925,-0.003765807607710836,-0.005726565935382455
2018-08-16,1.0542596449997905,1.041014088984565,0.015177921961442076,0.016603202549050566
2018-08-17,1.0596615768921724,1.0455304901537181,0.005123910336511939,0.004338463059187392
2018-08-20,1.0628871324074078,1.0492803991323758,0.0030439487337980964,0.0035866089166909365
2018-08-21,1.0644760863744462,1.0518888683191618,0.0014949413899099095,0.0024859600817310756
2018-08-22,1.061169380687234,1.0482611276024614,-0.0031064161323479667,-0.003448787059128544
2018-08-23,1.0587551446720536,1.0454487319488763,-0.002275071312005772,-0.0026829151434980547
2018-08-24,1.0640026487471252,1.0509919815336533,0.0049562961762015245,0.005302268217824091
2018-08-27,1.0725560513965207,1.0621193237252202,0.008038892252258067,0.010587466305241877
2018-08-28,1.073095118995089,1.0623639488923995,0.0005026008644177793,0.0002303179706035774
2018-08-29,1.0759495252038433,1.0651764167068012,0.0026599750182698667,0.002647367521586119
2018-08-30,1.0703602463674777,1.0597962505668104,-0.005194740743351023,-0.005050962503117207
2018-08-31,1.0704725787200107,1.059144061109298,0.00010494817321005101,-0.0006153913614656004
2018-09-04,1.0674968310731798,1.0586545942924899,-0.0027798448143240284,-0.00046213431654940074
2018-09-05,1.069306663058201,1.0594291684944086,0.001695397993080494,0.0007316590378907417
2018-09-06,1.069707335712788,1.0609371852329683,0.00037470322446231386,0.0014234238431463098
2018-09-07,1.0673917840136633,1.0578800200905707,-0.00216465908180552,-0.0028815703558606742
2018-09-10,1.0681518097099232,1.0554350673134691,0.0007120400471904986,-0.0023111815429619487
2018-09-11,1.0714025658412232,1.0598772150026732,0.0030433465559382977,0.004208830866792468
2018-09-12,1.0728112195359372,1.0607744625922635,0.0013147753604714207,0.0008465580511494153
2018-09-13,1.0786168222805947,1.067011033299831,0.005411579072755135,0.005879261735173058
2018-09-14,1.0786623758052292,1.0674595849338098,4.223327848551506e-05,0.0004203814393479721
2018-09-17,1.0769553343622746,1.0637498695298182,-0.0015825539865337301,-0.003475274807918427
2018-09-18,1.083286966330186,1.0716165530770865,0.005879196440083279,0.007395238084255018
2018-09-19,1.0875167775140175,1.0777712934189962,0.0039046082112117464,0.005743416639316434
2018-09-20,1.0994533331772767,1.0884498674941356,0.010975973805705586,0.009908014938182275
2018-09-21,1.102674983625573,1.091007174662181,0.0029302293704327464,0.002349494675333963
2018-09-24,1.0953752927972467,1.0840639330808115,-0.006619984072119833,-0.006364065922407347
2018-09-25,1.0923002262961923,1.0812455480794751,-0.002807317748788729,-0.0025998328284262406
2018-09-26,1.088389158024026,1.0773652445058048,-0.0035805799339877487,-0.0035887348443307543
2018-09-27,1.090231318717558,1.079285083022858,0.0016925570049564076,0.0017819755434320683
2018-09-28,1.0904680817563375,1.0798977283530506,0.0002171677099296332,0.0005676399496570284
2018-10-01,1.09602161859737,1.089414368964496,0.005092800911776996,0.008812538781759471
2018-10-02,1.1013223704630026,1.0928453271352085,0.004836357035015837,0.003149360122699507
2018-10-03,1.10178201730973,1.0943974341325136,0.0004173590395100124,0.0014202439803385758
2018-10-04,1.0948972860590802,1.0874536152646135,-0.006248723561000258,-0.0063448786074724595
2018-10-05,1.0879632034352735,1.0795709120161319,-0.006333089607669873,-0.0072487719364136005
2018-10-08,1.0906170698728213,1.0816537618171551,0.002439297973652055,0.001929331160964276
2018-10-09,1.0889603144229834,1.0792031804963835,-0.0015190991371802909,-0.0022655875727318753
2018-10-10,1.0569355681392516,1.0458349366375914,-0.029408552230575036,-0.030919334247554997
2018-10-11,1.033920196756799,1.0221861774447998,-0.021775567098164195,-0.022612324721933197
2018-10-12,1.046564836243333,1.0345615409538795,0.012229802189954064,0.0121067607664338
2018-10-15,1.0423264012283961,1.0306403221973799,-0.0040498542165345874,-0.0037902228154395035
2018-10-16,1.0633517441845663,1.053431377927902,0.02017155368164092,0.02211349123419737
2018-10-17,1.0622790226977863,1.0495507857109663,-0.0010088115175874712,-0.003683763649198424
2018-10-18,1.05079107091677,1.0361136479511845,-0.010814439083849381,-0.01280275137012965
2018-10-19,1.0556081093076652,1.0393626165432464,0.004584201868685911,0.003135726084186219
2018-10-22,1.051309599244824,1.0341317511321328,-0.004072069951850277,-0.005032762702694149
2018-10-23,1.0470588126198452,1.0285323604322922,-0.004043325227917838,-0.005414581549894937
2018-10-24,1.021414934014235,1.0038887200654876,-0.024491344990876462,-0.0239600048718418
2018-10-25,1.0362152077555669,1.0207678566008724,0.014489971948193014,0.016813752558434647
2018-10-26,1.0255570397179015,1.0075262024923852,-0.010285670349068576,-0.012972248315676338
2018-10-29,1.0215193394088444,0.9991075608614132,-0.003937080194162279,-0.008355754530399606
2018-10-30,1.0395160916659738,1.0163947668128455,0.017617632444965947,0.01730264751127253
2018-10-31,1.0472678245329705,1.0265711737675123,0.007457059038473712,0.010012258314333389
2018-11-01,1.0574932045797496,1.0369510020632646,0.00976386346189817,0.010111162831173637
2018-11-02,1.0543903232858935,1.03176105183498,-0.0029341855630071745,-0.005005010090118001
2018-11-05,1.0643006212441535,1.0400165378603496,0.009399079012196943,0.008001354587563902
2018-11-06,1.0697586922629867,1.0471686128440254,0.005128317046787734,0.006876885821825329
2018-11-07,1.0912836229165657,1.0698504170987038,0.020121295399848194,0.021660126150149228
2018-11-08,1.092991163092946,1.0711580432504617,0.0015647079645682016,0.001222251382865247
2018-11-09,1.0864492536963501,1.062943616729554,-0.005985326887807285,-0.007668734387673237
2018-11-12,1.066581348773633,1.0389541141623013,-0.018287006829929564,-0.022568932340045644
2018-11-13,1.0640489096598287,1.0342132206937098,-0.0023743515829488526,-0.004563140377392028
2018-11-14,1.0568750748808635,1.0254267032213569,-0.006742016004939622,-0.008495847177876215
2018-11-15,1.0677942945200858,1.0348672863324457,0.010331608625033795,0.009206492362088259
2018-11-16,1.0738368716412907,1.0407294867251677,0.005658933703069469,0.005664688091066683
2018-11-19,1.0624261984144712,1.0235650263222231,-0.0106260769472174,-0.0164927203676678
2018-11-20,1.0392325154126412,1.001607428019702,-0.021830865086387652,-0.02145207948479544
2018-11-21,1.0394140027970449,1.0022220216919344,0.0001746359757919258,0.0006136073425968558
2018-11-23,1.033217913855674,0.9946843193060736,-0.005961136683455548,-0.007520990581643572
2018-11-26,1.0479104289516235,1.009349778480525,0.014220151333924402,0.014743832681189284
2018-11-27,1.053546935898087,1.01389735312231,0.005378806041755446,0.004505449685272778
2018-11-28,1.0752318875701143,1.0398688246694303,0.020582805505045876,0.025615484118920673
2018-11-29,1.0729364352523223,1.0388450070080903,-0.0021348439758231974,-0.0009845642421921763
2018-11-30,1.0840274080557986,1.0467102473390328,0.010337026909583935,0.007571139369090929
2018-12-03,1.092360463005986,1.0599013888761262,0.007687125702045439,0.012602476731863543
2018-12-04,1.061916664888865,1.027128688234069,-0.027869736362798214,-0.030920518631273652
2018-12-06,1.0612122434060227,1.0229914921544523,-0.0006633491178104078,-0.004027923790863919
2018-12-07,1.0385571862605318,1.0008290292945208,-0.021348280974198053,-0.021664366741952712
2018-12-10,1.040948724468671,1.0024673684672767,0.0023027506234396533,0.001636982066667958
2018-12-11,1.0405349188976605,1.0005013470278061,-0.00039752733375197913,-0.001961182479661705
2018-12-12,1.045476667245469,1.00726036204522,0.00474923835621377,0.006755628103343403
2018-12-13,1.0487829868312482,1.0088580025175962,0.003162499641900629,0.001586124633289554
2018-12-14,1.0292611780528993,0.9889899649720123,-0.01861377331961811,-0.019693591661069543
2018-12-17,1.0063608839324862,0.9685481767762087,-0.022249254716606104,-0.02066935855752794
2018-12-18,1.0065685763154337,0.9723579070715601,0.00020637962609981741,0.0039334442898153466
2018-12-19,0.9923557977642388,0.9562175529732203,-0.014120030056194666,-0.01659919046367353
2018-12-20,0.9738590116156213,0.9376603166553109,-0.018639268486454585,-0.019406918708204324
2018-12-21,0.9602369591570187,0.9204737750425853,-0.013987704889646957,-0.018329176683120174
2018-12-24,0.9310068527951282,0.8958691736773865,-0.030440513753554388,-0.026730366505075653
2018-12-26,0.9753701193359369,0.9394511316328606,0.04765084854920065,0.04864768119721963
2018-12-27,0.9867798991602812,0.9499252019546706,0.011697897647420685,0.011149138011686599
2018-12-28,0.983900530422725,0.9467215503552309,-0.0029179442548500356,-0.0033725303769681636
2018-12-31,0.9943013895982443,0.9578945703435015,0.010571047432051506,0.011801801685065838
2019-01-02,0.9933923206124887,0.9585513780932557,-0.0009142791061801381,0.0006856785392559406
2019-01-03,0.9634538045744568,0.9312768986866191,-0.030137656006413382,-0.028453852375540767
2019-01-04,0.9914416535156817,0.9623302235592406,0.029049497555917236,0.03334488906190636
2019-01-07,0.9926583991145089,0.9667668870264077,0.0012272488194464692,0.0046103337072360695
2019-01-08,1.006181406397918,0.9772820168526795,0.013623022074332969,0.010876592865746826
2019-01-09,1.0081728530592844,0.981389915640888,0.0019792123455111277,0.004203391362339826
2019-01-10,1.0134615915675542,0.9858257853390762,0.005245864825879076,0.00451998703827261
2019-01-11,1.009752951439798,0.9853329991247194,-0.0036593790614402044,-0.0004998715003049492
2019-01-14,1.0037809229945671,0.9814716016849138,-0.005914346114775371,-0.003918875591536808
2019-01-15,1.0118021347882402,0.9884543152327873,0.00799099844390705,0.007114534476480028
2019-01-16,1.0116850788639913,0.9934659560840502,-0.00011569052903159793,0.005070179546014408
2019-01-17,1.0181802432452984,1.001434747186351,0.0064201444866622825,0.008021201988351434
2019-01-18,1.0294358356856275,1.015509353597125,0.011054616817601559,0.014054441839888465
2019-01-22,1.0146151613079777,1.0029719168946867,-0.014396889892393183,-0.012345958860967898
2019-01-23,1.0411968515066772,1.010042450155969,0.026198790647315118,0.007049582487985928
2019-01-24,1.0346738754015588,1.0090148079713668,-0.006264882664290927,-0.0010174247472901632
2019-01-25,1.0420703011293433,1.0169069642867805,0.0071485575345313634,0.007821645681574285
2019-01-28,1.0388520272840704,1.007493802285877,-0.0030883461910248267,-0.009256659981186632
2019-01-29,1.0439817367537372,1.0100013184906909,0.0049378634636518814,0.002488865141526908
2019-01-30,1.055606080585356,1.028374761209543,0.011134623741373861,0.01819150369655831
2019-01-31,1.0626091388626882,1.0281282598611403,0.006634158713304084,-0.00023969992039951649
2019-02-01,1.0617415919538324,1.029608278202984,-0.0008164308748409566,0.0014395269536153776
2019-02-04,1.0674827729425698,1.0371717420002562,0.005407324185324969,0.007345962496021263
2019-02-05,1.072711494994232,1.0439129332960502,0.004898179328223673,0.006499590205565342
2019-02-06,1.0763376950737897,1.0435431091126297,0.003380405725564861,-0.00035426726849030477
2019-02-07,1.068490043190903,1.0354455831140907,-0.007291068517626065,-0.007759646849112567
2019-02-08,1.0688739423298628,1.0330613175834777,0.0003592912647210067,-0.002302646869613678
2019-02-11,1.0712234922307584,1.0314993245543431,0.0021981543452862518,-0.001512004178792048
2019-02-12,1.086215899427125,1.0462562114830174,0.013995592241116572,0.01430624972541783
2019-02-13,1.0929647630239692,1.0514761806108728,0.006213188004708492,0.0049891881840837815
2019-02-14,1.0904366264698526,1.0488457745359385,-0.0023130997811144915,-0.002501631633163637
2019-02-15,1.1050473371989185,1.066108301488204,0.013398954487035208,0.016458594172154006
2019-02-19,1.1130901143945295,1.066767851348977,0.007278219606408953,0.00061865183851606
2019-02-20,1.1047815973360005,1.0696117812792754,-0.007464370540249177,0.002665931417695333
2019-02-21,1.0975717636591737,1.0656132782885428,-0.006526026224741632,-0.0037382750084804517
2019-02-22,1.105276317294351,1.0723734478790177,0.007019635426380733,0.006343923943339158
2019-02-25,1.1084947814899562,1.0753412057700473,0.0029119091264742103,0.0027674667783872398
2019-02-26,1.106814647988449,1.0738979894445044,-0.0015156891395092797,-0.0013421008306934157
2019-02-27,1.1036157513817941,1.071136467166395,-0.0028901827532448188,-0.002571494038775435
2019-02-28,1.0996874030875854,1.0687050084619367,-0.003559525395764096,-0.002269980323693521
2019-03-01,1.094190225977271,1.0734036878530062,-0.00499885430612379,0.004396610246855559
2019-03-04,1.09076690511944,1.0645826775104728,-0.003128634104525463,-0.008217793959863329
2019-03-05,1.086937798289319,1.0642122038797062,-0.0035104721385929016,-0.00034799892821191225
2019-03-06,1.0795926300882546,1.058771566975675,-0.006757671149742461,-0.005112360940982219
2019-03-07,1.06837870127807,1.050280331563528,-0.010387185404616694,-0.008019893692840396
2019-03-08,1.0685917916462697,1.0498677881768719,0.00019945209310590073,-0.0003927935944892935
2019-03-11,1.0873095581560515,1.0583181805670057,0.017516292616233997,0.008049006251356738
2019-03-12,1.0887838545846176,1.0546080321981168,0.0013559123227668834,-0.003505702195251925
2019-03-13,1.096873179353001,1.0607497835930966,0.007429688394368972,0.005823729013497481
2019-03-14,1.0978250163232801,1.0615328727713358,0.000867773037207975,0.0007382411859531146
2019-03-15,1.1026142702964699,1.0670882453732475,0.00436249302209335,0.005233349568731116
2019-03-18,1.107211363136087,1.06977334934692,0.004169266590737131,0.002516290461744619
2019-03-19,1.1094963763008117,1.0693180867570273,0.0020637551607605165,-0.0004255692013364065
2019-03-20,1.103165508356979,1.0627513081541755,-0.005706073565504233,-0.0061410899938737495
2019-03-21,1.1172516042894722,1.0722104365950476,0.01276879654574481,0.008900603902620485
2019-03-22,1.101093233600959,1.0531270757656612,-0.014462606834911962,-0.017798148738402686
2019-03-25,1.0969585004877602,1.0535816167473908,-0.0037551162671999316,0.0004316107639708022
2019-03-26,1.104007583968031,1.0593234528985627,0.006426025667458202,0.005449825680233555
2019-03-27,1.1034328564718854,1.0578772779795522,-0.0005205829239686155,-0.0013651872948280408
2019-03-28,1.1078721831068072,1.0618837186600754,0.004023195982323813,0.003787245235264969
2019-03-29,1.1150315556350276,1.0703517182893807,0.006462273028774224,0.007974507453594404
2019-04-01,1.129672466319495,1.0838172874107763,0.013130489994185979,0.012580508716252714
2019-04-02,1.1134394071662097,1.0809259478241837,-0.014369704172903397,-0.0026677370993961613
2019-04-03,1.1167389447353444,1.0822059363833076,0.0029633741610890496,0.0011841593419978924
2019-04-04,1.1229350987538254,1.0895586905970502,0.005548435511890659,0.006794228313249828
2019-04-05,1.1239212956662288,1.0911284048335268,0.0008782314432043137,0.0014406880969546343
2019-04-08,1.1203048923522043,1.0872455756312867,-0.003217665977118811,-0.0035585447001835746
2019-04-09,1.1074972534591083,1.080182041969183,-0.011432279712895732,-0.006496723298232254
2019-04-10,1.1118601134679145,1.080554175298724,0.0039393867525896464,0.0003445098280494552
2019-04-11,1.1132592486904251,1.0797280782739833,0.0012583734280626757,-0.0007645123619205441
2019-04-12,1.127401596686784,1.0907564879864344,0.012703553114869814,0.010214062164689341
2019-04-15,1.1193340555708957,1.0896822299145166,-0.007155871642897549,-0.0009848743360683088
2019-04-16,1.1291918358773563,1.0926567709222765,0.008806826038570525,0.0027297325092594527
2019-04-17,1.1355516988390117,1.0926567709222765,0.0056322254196197186,0.0
2019-04-18,1.1378181531806797,1.0975665207009566,0.0019959059054599493,0.004493405348630963
2019-04-22,1.1326133559826002,1.0955412552313224,-0.004574366460519119,-0.0018452325498602429
2019-04-23,1.133793127370978,1.1013688905930477,0.0010416364791623334,0.005319412056732364
2019-04-24,1.1267175206249482,1.0990542602501423,-0.006240650587145957,-0.002101594082305147
2019-04-25,1.1021720163300093,1.0933094655055031,-0.021784967257209686,-0.005227034690108656
2019-04-26,1.0933706410082042,1.0966573665766808,-0.007985482475876715,0.003062171486487353
2019-04-29,1.0925303572817666,1.0970710645363977,-0.0007685259645007214,0.0003772353811914986
2019-04-30,1.0894282307931031,1.0985173116162243,-0.002839396148571649,0.0013182802159108498
2019-05-01,1.0916562288701297,1.0917394626257615,0.002045107712514982,-0.0061699974308923045
2019-05-02,1.0852937217431406,1.0864899075632322,-0.005828306529771066,-0.004808432086812697
2019-05-03,1.0979330211176952,1.095127918075687,0.011645971151711842,0.007950382651807697
2019-05-06,1.0884070111598878,1.092234630147055,-0.0086763124658642,-0.002641963446348816
2019-05-07,1.0637841781725885,1.0726036408829418,-0.0226228173236952,-0.017973234616695866
2019-05-08,1.0597786144248798,1.0731817933429542,-0.003765391354654035,0.0005390178048774175
2019-05-09,1.0467019081274784,1.0681393398231402,-0.012339092447621991,-0.004698601440215167
2019-05-10,1.0442839131288777,1.0742563400581369,-0.0023101085226131524,0.005726781148243765
2019-05-13,1.006587874112601,1.0475984748265885,-0.03609750044251081,-0.024815180732473685
2019-05-14,1.0187055938225782,1.057269395263234,0.012038412166111234,0.009231514429463239
2019-05-15,1.0231070966989086,1.0618571634796854,0.004320681954650185,0.004339261343424328
2019-05-16,1.0259227763631749,1.0711150354039607,0.0027520869255537317,0.00871856615247335
2019-05-17,1.0158328246027413,1.066656940174359,-0.009835001223193252,-0.004162106853369152
2019-05-20,1.005648306503968,1.063466710486747,-0.010025781656303523,-0.0029908676046214167
2019-05-21,1.0197985679065702,1.0721677895526278,0.014070785294507226,0.008181806708268624
2019-05-22,1.0115416957392773,1.0673201702367623,-0.00809657164379285,-0.004521325265598786
2019-05-23,0.9973699350230446,1.05555290592645,-0.014010060856537776,-0.011025055684745544
2019-05-24,1.0003461851152233,1.0611879440695313,0.002984098465039331,0.005338470588677424
2019-05-28,0.9895200266776784,1.0502082429080672,-0.010822411879641392,-0.010346613173306651
2019-05-29,0.98449179921013,1.0410928885959394,-0.005081481255544418,-0.008679568431958828
2019-05-30,0.9847680189737752,1.0435786122342376,0.0002805709137108092,0.002387609852614103
2019-05-31,0.9661551136507674,1.0284554370021408,-0.018900801980149873,-0.014491649268011608
2019-06-03,0.9664703518771958,1.0296157829278771,0.0003262811757391848,0.0011282413257678314
2019-06-04,0.9937837787953618,1.0509535919793938,0.028261008591846215,0.02072405008287581
2019-06-05,0.9937632388973968,1.0595721912322695,-2.066837716940828e-05,0.008200741991511995
2019-06-06,1.000828473695159,1.067817141778463,0.007109575521832667,0.0077813957504913045
2019-06-07,1.0136263279456703,1.0782997992374097,0.012787260341685203,0.009816903146439238
2019-06-10,1.0251456871164155,1.0813658401602093,0.011364502729612092,0.0028434030359347773
2019-06-11,1.0302353427361723,1.0809103610878679,0.004964812010352704,-0.00042120719503579984
2019-06-12,1.0214127016296983,1.0791284218907202,-0.00856371427041347,-0.0016485540904189744
2019-06-13,1.0264928252179752,1.083727952320225,0.0049736248434852914,0.004262264190434406
2019-06-14,1.0209560301784,1.0835202734909795,-0.005393895508621349,-0.00019163372948061141
2019-06-17,1.0243521373308895,1.0842246352186602,0.0033263990339487126,0.0006500678805125837
2019-06-18,1.0487778338106477,1.0993479547723903,0.023845019295223313,0.013948511279380904
2019-06-19,1.0465453619541996,1.1003007661905133,-0.0021286413427872297,0.000866705954185587
2019-06-20,1.057333911280985,1.1107417868584686,0.010308725946327035,0.009489242386065522
2019-06-21,1.0558638778679046,1.1093174766667906,-0.0013903208791434807,-0.0012823054003454626
2019-06-24,1.057616536533549,1.109608140434755,0.001659928616161821,0.0002620203630414597
2019-06-25,1.050294401603832,1.1016752854189602,-0.006923241720213746,-0.007149240102624632
2019-06-26,1.05987452684681,1.1015093877023392,0.00912137133012303,-0.00015058676437307295
2019-06-27,1.0604839396452193,1.1012184352911099,0.0005749857959340687,-0.0002641397472210594
2019-06-28,1.0657936090771996,1.1041257224180994,0.0050068362503976616,0.0026400639816939186
2019-07-01,1.07392840471352,1.1087777137610375,0.007632618142047187,0.004213280470225733
2019-07-02,1.073964882584646,1.1116433640970351,3.3966762556847385e-05,0.0025845129284545187
2019-07-03,1.0800338522332908,1.1195337885528585,0.0056509945036928855,0.007097981880396009
2019-07-05,1.0822144728637317,1.1183294245291933,0.0020190298905278237,-0.0010757728225621044
2019-07-08,1.0777032589961901,1.1133046504093675,-0.004168502621854753,-0.004493107316693501
2019-07-09,1.0794839725088494,1.1124741515748338,0.0016523226572757732,-0.000745976255671299
2019-07-10,1.079281960865268,1.1159217067332903,-0.00018713723290575413,0.00309899798892066
2019-07-11,1.088896329464355,1.1251826815726655,0.008908115717397136,0.008298946766154058
2019-07-12,1.1009968401445653,1.135441351857888,0.011112637955316362,0.009117337525035518
2019-07-15,1.1022859948801227,1.1363129101968834,0.0011708977615123572,0.0007675943258269591
2019-07-16,1.10189803005116,1.1355656127835174,-0.0003519638558093785,-0.0006576510806662883
2019-07-17,1.0934537028011353,1.1308305643410441,-0.007663438013073343,-0.004169770895815272
2019-07-18,1.0999169399225956,1.1307895048365828,0.005910846618291554,-3.630915696484216e-05
2019-07-19,1.102275583005123,1.1283081108472603,0.002144382904670339,-0.0021943907143717745
2019-07-22,1.102179679085747,1.1291392591291407,-8.700539216743852e-05,0.0007366323736308633
2019-07-23,1.113242086609716,1.1362053184198142,0.010036845837282371,0.006257916579858636
2019-07-24,1.1073209697463122,1.1331295357868176,-0.005318804359468632,-0.0027070658648863377
2019-07-25,1.101532640989188,1.1280581457796768,-0.005227326958732181,-0.004475560690084257
2019-07-26,1.1042052213459297,1.1300120442020127,0.002426238004478831,0.0017320901672008837
2019-07-29,1.103506680485398,1.13113457786002,-0.0006326186899210384,0.0009933820296579299
2019-07-30,1.1024624039180606,1.1302199395137071,-0.0009463255509046808,-0.0008086025873624836
2019-07-31,1.0925889777065374,1.1161295298841685,-0.00895579402656621,-0.012466962523773217
2019-08-01,1.073880593805184,1.1046567538650829,-0.01712298429060144,-0.010279072197181494
2019-08-02,1.0608013035704478,1.1007082583200307,-0.012179464188277422,-0.003574409454553895
2019-08-05,1.0218984656640346,1.0686607017207426,-0.0366730675909559,-0.029115395798157362
2019-08-06,1.0335479197946025,1.081920396033299,0.01139981565878756,0.012407768238511974
2019-08-07,1.036170867758251,1.0817125728824208,0.0025378097264903143,-0.00019208728446207246
2019-08-08,1.053916625238938,1.0978818634680878,0.01712628489457524,0.014947862298189785
2019-08-09,1.0438549318234267,1.0939326463148724,-0.00954695388093929,-0.003597123957162607
2019-08-12,1.0287184681116595,1.0782207831435866,-0.014500543370836616,-0.014362733596272381
2019-08-13,1.047411327797282,1.093890937363064,0.01817101594368742,0.01453334462148903
2019-08-14,1.0107646170946394,1.0602645021036325,-0.03498788845420564,-0.030740208288489446
2019-08-15,1.0111848765444997,1.0655845582836647,0.00041578369756201106,0.0050176688642096234
2019-08-16,1.0260094490594263,1.0788959197406753,0.014660595563480205,0.01249207428310628
2019-08-19,1.0391377207467252,1.0891483120348822,0.012795468598592263,0.009502670374980315
2019-08-20,1.031710345811033,1.0822723243342827,-0.007147632876183918,-0.006313178494261162
2019-08-21,1.0443906028333498,1.0920237762418934,0.012290520371150082,0.009010164713958657
2019-08-22,1.0514367681246661,1.0942326188281366,0.0067466762648003,0.002022705580499995
2019-08-23,1.0206438275300243,1.0681021770027574,-0.029286535841393402,-0.0238801525158
2019-08-26,1.0338501569303904,1.0798127229114765,0.01293921448809976,0.010963881696768318
2019-08-27,1.028596546466782,1.074395393951103,-0.005081597587804243,-0.005016915290428137
2019-08-28,1.0397801847642332,1.0851888480457557,0.010872716164434859,0.0100460725682745
2019-08-29,1.0569445808678726,1.0998171443998241,0.016507716106872516,0.01347995455391171
2019-08-30,1.0600431163071429,1.1007759451656984,0.0029315968834677797,0.0008717819782646519
2019-09-03,1.0449718998724962,1.0894816228452664,-0.014217550402242263,-0.010260328062248747
2019-09-04,1.0612506267640245,1.099942126933616,0.015578147980356727,0.009601358911434543
2019-09-05,1.085073437742734,1.1155705722012856,0.022447865167675163,0.01420842504799591
2019-09-06,1.0872769869681707,1.1182374916492561,0.0020307834924249146,0.002390632663165304
2019-09-09,1.1000904649221264,1.120238294602172,0.011784925191588469,0.001789246888838525
2019-09-10,1.109776929975172,1.122697318738448,0.008805153177771974,0.002195090230466601
2019-09-11,1.1232202842379204,1.1322822956429077,0.012113564356621698,0.008537454169063263
2019-09-12,1.1177540437946223,1.1349082999080489,-0.004866579174188312,0.0023192133933791492
2019-09-13,1.1191429646347266,1.1360745630207199,0.0012425997005469647,0.001027627617813165
2019-09-16,1.1134502187640825,1.130115450651738,-0.005086701208457445,-0.005245353221479787
2019-09-17,1.113430689964325,1.1317409451991969,-1.753899674039605e-05,0.0014383437962215417
2019-09-18,1.1141741341303497,1.133449352524558,0.0006677058327255736,0.0015095392038328992
2019-09-19,1.111126783603312,1.131157524999596,-0.002735075634668349,-0.0020219937660710396
2019-09-20,1.1010757998182967,1.124795177989257,-0.009045757813901933,-0.005624633943306145
2019-09-23,1.1017080827103487,1.125253976459147,0.0005742410215139326,0.0004078951251462737
2019-09-24,1.0933828723830548,1.11944770069904,-0.007556639057065606,-0.005159969110598128
2019-09-25,1.1090995921778994,1.126173088776069,0.01437439728737444,0.006007773362551427
2019-09-26,1.1093451684708509,1.1232489160180708,0.0002214195142469233,-0.0025965571253139252
2019-09-27,1.1072695824234793,1.119530757798575,-0.0018710011152188732,-0.0033101818897602886
2019-09-30,1.1138037742631524,1.124502421557621,0.005901175236270539,0.004440846063776149
2019-10-01,1.0941520969097855,1.109129064775491,-0.017643751805714203,-0.013671252713564841
2019-10-02,1.0724366096007272,1.089160507212833,-0.019846863494014655,-0.01800381776732185
2019-10-03,1.0722459854318804,1.0945495491332258,-0.00017774865865283207,0.00494788590359696
2019-10-04,1.086804644163604,1.1097975625774823,0.0135777227702647,0.013930857178947598
2019-10-07,1.0819738438789288,1.1059542053417457,-0.0044449573440982215,-0.0034631155855221474
2019-10-08,1.066308740259453,1.0927536107377203,-0.014478264616190284,-0.011935932374294245
2019-10-09,1.0730670647161904,1.100481601196104,0.006338055950936727,0.007072033789178311
2019-10-10,1.0882676997774468,1.1070818624177086,0.014165596504703615,0.005997611604256381
2019-10-11,1.1119068797812368,1.1202406759091095,0.02172184289639789,0.01188603475326011
2019-10-14,1.1118061625856006,1.1189873868520082,-9.058060298716697e-05,-0.0011187676756017062
2019-10-15,1.1316458045140145,1.1288467913407694,0.017844515164653352,0.008811005918930137
2019-10-16,1.129160152453262,1.1282622165681084,-0.002196492975838904,-0.0005178512949189917
2019-10-17,1.1337346409706899,1.1295155056252097,0.0040512309148432735,0.0011108136377318
2019-10-18,1.1316276652845632,1.1187850479231671,-0.001858438130039608,-0.009500053473018188
2019-10-21,1.1375242837901385,1.1211670764684754,0.005210740852727769,0.002129120825962172
2019-10-22,1.150206376745459,1.11953725227204,0.011148854697909938,-0.001453685387880932
2019-10-23,1.152100595645283,1.1212925641279814,0.0016468513287013486,0.001567890530108862
2019-10-24,1.1456400525663457,1.1202060387172965,-0.005607620639514366,-0.0009689936823311651
2019-10-25,1.163212647969595,1.126978403485722,0.01533867060939853,0.006045642082219249
2019-10-28,1.1729031571239081,1.1320361550985865,0.008330814809508924,0.004487886899359417
2019-10-29,1.1718508336267097,1.1322870582567819,-0.0008971955534494702,0.00022163882051406958
2019-10-30,1.1729416239776715,1.1359239633971496,0.0009308269616414844,0.0032119992133152753
2019-10-31,1.1632664590227364,1.1306569454170812,-0.008248632972990388,-0.004636769845330679
2019-11-01,1.1931791282956699,1.142611900010531,0.02571437441604152,0.010573458768291522
2019-11-04,1.210658576046667,1.1476702289099256,0.014649474950140018,0.00442698776316619
2019-11-05,1.2131973054312286,1.1487565378381617,0.0020969821176599623,0.0009465340311805015
2019-11-06,1.2081907644357137,1.148714973207986,-0.0041267327030003464,-3.618227954016451e-05
2019-11-07,1.218083628745206,1.1581197645542014,0.008188164154782962,0.008187227959561616
2019-11-08,1.2202189664288041,1.1582044813525108,0.0017530304432364918,7.315029144838725e-05
2019-11-11,1.2191565744772366,1.1585804392053147,-0.0008706568089797972,0.00032460403914602587
2019-11-12,1.2209370578935244,1.159123954473514,0.0014604222735306038,0.00046912173709068306
2019-11-13,1.2160620639861865,1.1623006900884827,-0.00399282983166116,0.0027406349447860467
2019-11-14,1.214898821987483,1.1630526057940902,-0.0009565646632297975,0.0006469201231829036
2019-11-15,1.2322384372334318,1.1723669796375105,0.014272476795707645,0.008008557649944681
2019-11-18,1.2310845062087388,1.1737485706259525,-0.0009364510875702337,0.0011784628980844314
2019-11-19,1.2294826978298454,1.1698124145804836,-0.0013011360071667477,-0.003353491662502983
2019-11-20,1.2193521601420614,1.1650803968922943,-0.008239674869492175,-0.004045108112386009
2019-11-21,1.2199349616749566,1.1630697800683643,0.0004779599790329936,-0.0017257322578708711
2019-11-22,1.2248740524448847,1.167843867512443,0.004048650891312011,0.004104730022129965
2019-11-25,1.239733508978648,1.17596838165627,0.01213141588239508,0.006956849601079451
2019-11-26,1.233319502895243,1.1783132473811953,-0.005173697441387404,0.0019939870505893964
2019-11-27,1.2367924265263692,1.180617630888189,0.002815915602545349,0.001955662903829092
2019-11-29,1.232773671862488,1.176596758044411,-0.0032493364106119804,-0.0034057367420077256
2019-12-02,1.2192080347539334,1.1650803968922943,-0.011004158685559484,-0.009787857287026469
2019-12-03,1.2022489054945236,1.1538145780942914,-0.013909955295555942,-0.00966956342931613
2019-12-04,1.2099468441095793,1.1602632294408977,0.00640294915626427,0.005588984113250817
2019-12-05,1.2146812594605902,1.1615621962947023,0.003912911855640244,0.0011195449625949205
2019-12-06,1.2322130289409485,1.1755496324394135,0.014433226283695033,0.012041917505003275
2019-12-09,1.2250816787487102,1.1716134763939448,-0.005787432874628462,-0.003348353771589152
2019-12-10,1.2239145469284765,1.1703570844217432,-0.00095269714703905,-0.001072360464876576
2019-12-11,1.2284478236859226,1.1714453416920187,0.003703916068995783,0.0009298506282919838
2019-12-12,1.2422270167013598,1.1807848274995036,0.01121675072376549,0.007972617650256808
2019-12-13,1.2406160958492995,1.181454407713739,-0.0012968006897305928,0.0005670637008889923
2019-12-16,1.2513930009248388,1.1854754970399661,0.00868673646230711,0.00340350782897203
2019-12-17,1.250682646933082,1.1868568715459593,-0.0005676506031533357,0.0011652493108817996
2019-12-18,1.250936652908794,1.1860614428681364,0.00020309386744488123,-0.0006701976429447365
2019-12-19,1.254775878894748,1.1912963492849613,0.0030690810578031247,0.004413689061644188
2019-12-20,1.2614200116138834,1.1949343368375729,0.005295075264745819,0.003053805675468757
2019-12-23,1.2703888376975958,1.1985883440913987,0.00711010290080738,0.003057914682990992
2019-12-24,1.266740115788237,1.1972447096923182,-0.002872130013336416,-0.0011210140710145033
2019-12-26,1.2750759625568127,1.2016555395872581,0.006580550078647107,0.0036841506663023438
2019-12-27,1.275690860546857,1.2027898354583184,0.00048224420199360907,0.0009439442782828156
2019-12-30,1.2696895005069657,1.1952286086463515,-0.004704399965144157,-0.006286407308293995
2019-12-31,1.2730618590635856,1.197622904530427,0.0026560498100309804,0.0020032116590542604
2020-01-02,1.2847221735120553,1.2124095217154072,0.009159267764919488,0.012346638603056626
2020-01-03,1.2739344232537337,1.2027474048983475,-0.008396951870793257,-0.007969350820825727
2020-01-06,1.2757636341734595,1.2055206893895105,0.0014358752588330415,0.0023057912907302747
2020-01-07,1.2683450796590328,1.2003113279016477,-0.005814991363375155,-0.004321254320820422
2020-01-08,1.2721779500432329,1.2072842997393236,0.0030219460347735705,0.005809302699713692
2020-01-09,1.2788647806750775,1.2163585945469895,0.0052562069886663565,0.007516286602604838
2020-01-10,1.2735921328021882,1.210813324459357,-0.004122912721160388,-0.004558910597986632
2020-01-13,1.2790207873447068,1.214089714161604,0.004262474934243254,0.002705941234756315
2020-01-14,1.2806895575564283,1.2149295217414375,0.0013047248553215152,0.0006917178936924895
2020-01-15,1.2844710689845775,1.2196768375226774,0.0029527151258768036,0.003907482447570443
2020-01-16,1.2945678475683977,1.2305140932328105,0.007860650837236971,0.00888535009990421
2020-01-17,1.2980109684045025,1.2325231946795985,0.002659668122124259,0.0016327333899197605
2020-01-21,1.292645541650412,1.2264714999833328,-0.004133575820769564,-0.004910004714222649
2020-01-22,1.2928625904008806,1.2263873604715536,0.00016791049322884,-6.860290824561854e-05
2020-01-23,1.2901521214646128,1.225252415153147,-0.0020964864761284785,-0.0009254378795703344
2020-01-24,1.2829364892952178,1.2179397823532545,-0.005592853780067131,-0.005968266382872955
2020-01-27,1.2647238924289046,1.1992800776762311,-0.01419602374574147,-0.015320712031402617
2020-01-28,1.270629091421094,1.2073915307123115,0.004669160618803847,0.006763601920076523
2020-01-29,1.2685404795000166,1.2073915307123115,-0.0016437620822465915,0.0
2020-01-30,1.2736522485886632,1.2126449102981034,0.004029646015443866,0.004351015765940103
2020-01-31,1.248797998617525,1.1869236203010158,-0.019514157022593293,-0.02121090005710291
2020-02-03,1.2552194266584304,1.1934798634246913,0.0051420870693372756,0.005523727905939468
2020-02-04,1.272096954608635,1.2105425770766853,0.01344587853865109,0.01429660790675813
2020-02-05,1.2922467623639753,1.2307997057436355,0.015839836486000847,0.01673392497756554
2020-02-06,1.294224244859057,1.2344982362211039,0.0015302669371477506,0.003004981606843815
2020-02-07,1.2835151151952942,1.2237819220390513,-0.008274554974767256,-0.008680704327983513
2020-02-10,1.2901681346224878,1.2311779727425602,0.005183436757720816,0.0060436018626470744
2020-02-11,1.2905095999831497,1.2311364081123846,0.00026466733404628684,-3.376005020871986e-05
2020-02-12,1.299713329967762,1.2428196772325506,0.0071318570468072995,0.009489825045527756
2020-02-13,1.2932827238779023,1.2390372958865683,-0.004947711115665054,-0.0030433870780068872
2020-02-14,1.2923170005663966,1.2378607859379858,-0.0007467225021068336,-0.0009495355406075046
2020-02-18,1.2839815998661035,1.2311779727425602,-0.0064499659887162775,-0.005398679133664985
2020-02-19,1.287938076581789,1.2360114485384353,0.003081412316265242,0.003925895283123149
2020-02-20,1.2840703017846917,1.2304640136263143,-0.0030030751224953134,-0.004488174376281684
2020-02-21,1.2754574115827457,1.221040532628683,-0.006707491163042367,-0.007658477528212471
2020-02-24,1.2323424719469698,1.1781398449396814,-0.033803511778784934,-0.035134532018068376
2020-02-25,1.1950741061529282,1.1408012408085049,-0.030241890255686465,-0.03169284554083496
2020-02-26,1.1879837065460992,1.13675568896556,-0.005933020864834715,-0.0035462372394317043
2020-02-27,1.137223076277365,1.0851729726661747,-0.042728389277588485,-0.0453771349464942
2020-02-28,1.1245350956380813,1.0727827440289415,-0.011156984855440144,-0.011417745326619766
2020-03-02,1.1777347662834001,1.125335157377459,0.047308146141168184,0.048987004723017646
2020-03-03,1.1440008485135178,1.092758229029962,-0.028643051674815623,-0.02894864532928665
2020-03-04,1.1947406611093414,1.1416015042610186,0.04435295014138618,0.04469723854142438
2020-03-05,1.1551034485091665,1.1018615324857717,-0.03317641551043471,-0.03481072127788709
2020-03-06,1.1430341938140647,1.0908623479039128,-0.01044863532411655,-0.009982365531034598
2020-03-09,1.0555688213174375,1.0060287933938186,-0.0765203464340587,-0.07776742379375501
2020-03-10,1.1034267302774148,1.0555463392921685,0.04533850185177579,0.04922080384131289
2020-03-11,1.0412798214752095,0.9938918492217182,-0.056321735822532415,-0.05841002689829289
2020-03-12,0.9398448714056564,0.893887276858335,-0.09741372873801335,-0.1006191694213946
2020-03-13,1.026511595282854,0.9781725534863556,0.09221386051463654,0.09429072189532706
2020-03-16,0.9081580265409916,0.853346031379147,-0.11529686492167701,-0.12761196545773834
2020-03-17,0.9633352241628315,0.8996191548168605,0.06075726471526077,0.054225509624657775
2020-03-18,0.9158789950690694,0.8402823258435991,-0.049262424858390275,-0.06595772072610095
2020-03-19,0.917863649453806,0.848373357368673,0.0021669395143044667,0.009628944077755053
2020-03-20,0.8789095370046641,0.8111428501402799,-0.04243997730199078,-0.043884578534936325
2020-03-23,0.8504456151690643,0.7867536488116683,-0.03238549661505019,-0.03006770179185292
2020-03-24,0.934704385053924,0.8734476534870195,0.09907602365391632,0.11019205923772435
2020-03-25,0.949685068167368,0.8963570529562361,0.016027188224413624,0.026228703434895806
2020-03-26,1.0084807268113851,0.9513492956638998,0.06191069083299028,0.06135082278462156
2020-03-27,0.9701250957509117,0.9144907774434154,-0.038033082874817326,-0.03874341252837388
2020-03-30,1.0053209040977007,0.9430222261087832,0.03627965970671676,0.031199274360241613
2020-03-31,0.9889589884067278,0.9266641628277358,-0.016275316293813735,-0.01734642389983332
2020-04-01,0.9480132877015284,0.8850291758562352,-0.041402829829339405,-0.044929963455639155
2020-04-02,0.973007995953075,0.9043884796470651,0.026365356452066946,0.021874198409448375
2020-04-03,0.9574444685661864,0.8901860042698481,-0.015995271828823876,-0.015703954325866243
2020-04-06,1.0268911027957415,0.9575205608327368,0.07253332857367112,0.07564099664554735
2020-04-07,1.0277940755165182,0.9578164201794734,0.0008793266572457714,0.0003089848498702974
2020-04-08,1.0636636530757435,0.9904906934681279,0.0348995761054558,0.0341132941556086
2020-04-09,1.0781154976040432,1.0023681473448953,0.013586855662981456,0.011991484579405132
2020-04-13,1.0608416228591613,0.9889264634536884,-0.016022285908393497,-0.013409927207694738
2020-04-14,1.0846505006320313,1.0131043057514246,0.022443385760732903,0.024448574480754104
2020-04-15,1.0563601359768873,0.9936607181271825,-0.02608247047197143,-0.019192088626867276
2020-04-16,1.0533701804955207,0.994759438715818,-0.0028304319516957444,0.0011057301235639638
2020-04-17,1.0918002039443708,1.025294721088386,0.03648292324999369,0.03069614741428084
2020-04-20,1.0641706819387315,1.0008074532104538,-0.025306390222150088,-0.023883150253556473
2020-04-21,1.0365338707740561,0.9736557193523045,-0.025970280551542713,-0.027129827791599892
2020-04-22,1.0577078456794742,0.9928988442289286,0.020427672941942365,0.019763787645005637
2020-04-23,1.0602591356697406,0.9941677921831618,0.002412093283308714,0.0012780233974576394
2020-04-24,1.0702919420270907,1.005840092859254,0.009462598359044172,0.0117407753176757
2020-04-27,1.0885075773124717,1.0206001548638444,0.017019314609508562,0.014674362365724392
2020-04-28,1.089872948387604,1.0196274270604286,0.0012543514657963328,-0.0009530939210424805
2020-04-29,1.116032623979788,1.0422960980465446,0.024002500136264038,0.022232307982798627
2020-04-30,1.0965447112204956,1.0286360555252825,-0.01746177695934925,-0.013105721634057321
2020-05-01,1.064299344701748,1.003513916785744,-0.029406339922844915,-0.024422767026875736
2020-05-04,1.063288523416545,1.0041059962832979,-0.0009497528023811874,0.0005900062646368998
2020-05-05,1.0683589152241895,1.0099428682295066,0.004768594502790657,0.005813003774316705
2020-05-06,1.056171394218351,1.001737606132266,-0.011407702816128018,-0.008124481448762433
2020-05-07,1.0640575975911912,1.0104078003687802,0.007466783720909698,0.00865515498613445
2020-05-08,1.0876719050339942,1.030327577219635,0.022192696613661633,0.019714591320043606
2020-05-11,1.0807935015129653,1.0258448029908664,-0.006323969102441818,-0.004350824269758413
2020-05-12,1.060305886312372,1.0068976817826114,-0.018956086590003918,-0.018469773549580237
2020-05-13,1.0351120987064504,0.9846515845366146,-0.02376086743566319,-0.022093701920747666
2020-05-14,1.0525474009974907,1.0012726018321763,0.016843878371075593,0.016880100084725624
2020-05-15,1.0532123475457742,1.0039080591642497,0.0006317497412975381,0.002632107706983078
2020-05-18,1.0988749179723178,1.042130921938086,0.04335552135611387,0.03807406706711447
2020-05-19,1.0810895663554592,1.0264093170566027,-0.016185055574547857,-0.01508601707379087
2020-05-20,1.099503491374733,1.0412831766684623,0.0170327469548619,0.014491158025058404
2020-05-21,1.0943728389886516,1.038274503594603,-0.004666335692728452,-0.0028893898809403407
2020-05-22,1.0936066492175993,1.037681269523989,-0.0007001176781400442,-0.0005713653456386192
2020-05-26,1.121902826712334,1.0604366056504537,0.025874182015058755,0.021929022711283164
2020-05-27,1.1469516644854814,1.0838276785683199,0.02232710104363611,0.022057964420719278
2020-05-28,1.1393731918531504,1.0778108375463162,-0.006607490853357434,-0.005551473856020728
2020-05-29,1.1409812397665946,1.077556182025674,0.0014113443469989662,-0.00023627107073997955
2020-06-01,1.1415288105327661,1.0817088205199745,0.0004799121555087993,0.0038537559002205235
2020-06-02,1.154887969001208,1.0926416171508582,0.011702865792942108,0.010106968181722298
2020-06-03,1.1816865006819346,1.1151851612815495,0.023204442681919346,0.020632148525950633
2020-06-04,1.1853505055426847,1.1158631843112896,0.003100657288236608,0.0006079914379069074
2020-06-05,1.222446938699839,1.150652996250741,0.03129575006185226,0.03117748880739679
2020-06-08,1.2466443501432787,1.1707393202655632,0.019794242741673074,0.01745645653404715
2020-06-09,1.2269945201713446,1.158450549736016,-0.015762177857442383,-0.010496589904197995
2020-06-10,1.209250811974852,1.1460763407999963,-0.014461114458779178,-0.010681689381423776
2020-06-11,1.1231252747465454,1.0679795036150865,-0.07122222815600443,-0.0681427880540626
2020-06-12,1.1459582299770776,1.087938102985098,0.02032983830382129,0.018688185777397504
2020-06-15,1.1527002825922144,1.0947606916816526,0.005883331904053435,0.006271118437560563
2020-06-16,1.1741740998139585,1.1179392509955828,0.018629141977352104,0.02117226119831339
2020-06-17,1.1642329349878737,1.1094645404103634,-0.008466516871441732,-0.0075806539377450965
2020-06-18,1.1630480646786465,1.1078966301942939,-0.001017726155667975,-0.001413213454744211
2020-06-19,1.1547701562390458,1.0998348959606281,-0.0071174259181523425,-0.007276612288505624
2020-06-22,1.1574474590251893,1.1062948765553902,0.0023184724437832482,0.00587359122581721
2020-06-23,1.1596218742003437,1.1113096924825696,0.001878629702108281,0.004532983053120443
2020-06-24,1.1259933622500282,1.0821135705384728,-0.028999549507036648,-0.026271814366052415
2020-06-25,1.1389780322989023,1.0940556083458088,0.01153174653083866,0.011035845157540747
2020-06-26,1.109242748071825,1.0640520068675707,-0.02610698660013655,-0.02742420152080105
2020-06-29,1.1346711341431421,1.0875532693518923,0.02292409494271541,0.02208657314928275
2020-06-30,1.1431472788014343,1.0958826480531296,0.007470133330476525,0.007658823651186308
2020-07-01,1.1383078466430667,1.0935030008147584,-0.004233428402542816,-0.002171443486762681
2020-07-02,1.1447902934690515,1.0982202976964273,0.0056948099278255615,0.004313931354696043
2020-07-06,1.162867724543432,1.1176837295451452,0.01579104153617572,0.017722702712327898
2020-07-07,1.1448129596838315,1.1008549612595218,-0.015526069284182098,-0.015056824968251115
2020-07-08,1.148642205658248,1.1079944081003492,0.003344866025515758,0.006485365549571576
2020-07-09,1.129194522501626,1.093205337447615,-0.016931019129213576,-0.01334760405342661
2020-07-10,1.1491588993715092,1.1084195074690377,0.017680192802967065,0.013917028668140707
2020-07-13,1.1498038366854542,1.1093544951655407,0.0005612255313844905,0.0008435323360900249
2020-07-14,1.1722489040086945,1.132940907413069,0.019520779638327657,0.021261384300794273
2020-07-15,1.184582629555501,1.1428002397410142,0.010521422118314083,0.008702424163020028
2020-07-16,1.1807683099572077,1.136680425234183,-0.0032199692137344638,-0.005355104325335258
2020-07-17,1.1796838455638166,1.134473242346714,-0.0009184396161771025,-0.0019417796228997641
2020-07-20,1.17520848623993,1.1348134805954608,-0.0037936938279830024,0.00029990857082085043
2020-07-21,1.186784439315063,1.1412780073216482,0.009850127199277026,0.005696554400107523
2020-07-22,1.1954272967097972,1.148252855340547,0.007282584021511385,0.0061114364547052435
2020-07-23,1.184602830034266,1.1342605844211457,-0.00905489334677545,-0.01218570531248675
2020-07-24,1.1726142739353966,1.1257539065943152,-0.010120316949202679,-0.007499756179195627
2020-07-27,1.175962328812935,1.1311134347408507,0.002855205630664992,0.004760834597278274
2020-07-28,1.1691725180605002,1.1225216793116295,-0.005773833554080565,-0.007595838901152896
2020-07-29,1.1748148844104376,1.1291991526066507,0.004825948491585574,0.005948636376551741
2020-07-30,1.1607497346703584,1.119757270600869,-0.011972226370912553,-0.008361573761356489
2020-07-31,1.1586362752912345,1.1243080924793865,-0.0018207709345064993,0.004064114605905278
2020-08-03,1.1650640506320586,1.1343875874577933,0.005547707661067713,0.008965064865964933
2020-08-04,1.1730604626640304,1.1415760314928727,0.0068634956401183445,0.006336850045396636
2020-08-05,1.1891340363892922,1.1568446107697683,0.013702255115442652,0.01337499987357682
2020-08-06,1.1928977052580538,1.1649247460115844,0.003165050157162952,0.006984633170776133
2020-08-07,1.1990842291730228,1.1679872510543858,0.005186131122308257,0.00262892951092919
2020-08-10,1.2184821680363087,1.1829587442506684,0.016177294631473993,0.012818199156512389
2020-08-11,1.2161276958230018,1.1789182436648629,-0.001932299277798477,-0.00341558875611081
2020-08-12,1.2246651901591814,1.1910396011006472,0.007020228521645411,0.010281762540295558
2020-08-13,1.2157639309334574,1.188402628391432,-0.007268320596723332,-0.0022140092628141206
2020-08-14,1.2182946290455459,1.190018309067877,0.0020815703178045375,0.0013595398039736306
2020-08-17,1.2123133470473932,1.1864036294589226,-0.004909552956692043,-0.003037499155610246
2020-08-18,1.2095929515745276,1.1832133997713106,-0.0022439705703902746,-0.002688991847628608
2020-08-19,1.2045709067350412,1.1799380203204912,-0.00415184697707538,-0.0027682068606156296
2020-08-20,1.2031950379019785,1.1818098718947203,-0.0011422065943731408,0.0015863982192223514
2020-08-21,1.2057923596907498,1.190436986123917,0.0021586872509882227,0.007299917215419338
2020-08-24,1.225349220894505,1.2070170160758331,0.016219095308226184,0.013927683821300718
2020-08-25,1.220710258164805,1.2046306578815482,-0.0037858290931245264,-0.0019770708801134518
2020-08-26,1.2206630465912265,1.2080834086187766,-3.867549507574619e-05,0.0028662318318382063
2020-08-27,1.2288875569095448,1.2149459744075486,0.006737740067814579,0.0056805397208608
2020-08-28,1.238233755750237,1.2220211981218894,0.00760541417165661,0.0058234883388876835
2020-08-31,1.2275604648771663,1.2117065310432353,-0.00861977055907659,-0.008440661335913369
2020-09-01,1.2362587602316633,1.222404372056321,0.0070858386233279,0.008828739252461748
2020-09-02,1.2584230487927017,1.2412444066132207,0.017928518910462543,0.015412276810829129
2020-09-03,1.2275542900339476,1.2076993687545499,-0.0245297150178303,-0.027025328517048197
2020-09-04,1.224046434623751,1.2010075354570895,-0.002857596962248854,-0.005540976066221948
2020-09-08,1.1977944241524976,1.1739419616135751,-0.021446907346552413,-0.022535723585792145
2020-09-09,1.213846934386619,1.1928237051222832,0.013401723960669853,0.01608405196007756
2020-09-10,1.1970497769188353,1.1755181703235167,-0.013837953527700453,-0.014508040647123521
2020-09-11,1.2054216829338487,1.1810596880487032,0.006993782695120965,0.004714106395872664
2020-09-14,1.2181343869097583,1.1957223329513196,0.010546271197783952,0.012414821241457652
2020-09-15,1.217431455046381,1.1959360732891322,-0.0005770560875147934,0.00017875415715029597
2020-09-16,1.220040274392554,1.197853386177616,0.00214288807419849,0.0016031901130055815
2020-09-17,1.2173845171524085,1.1916305260251407,-0.002176778337475649,-0.0051950098603741335
2020-09-18,1.2063434954587633,1.1814488513308856,-0.009069461240948984,-0.008544321811071454
2020-09-21,1.181321687234165,1.15974468181513,-0.020741860273456147,-0.01837080758198395
2020-09-22,1.1871377292618424,1.1655979342666336,0.004923334677190638,0.0050470181439785655
2020-09-23,1.165500452334805,1.1432523272549906,-0.018226425117910616,-0.019170939098911766
2020-09-24,1.1668252195618847,1.1454739423057148,0.0011366509763475197,0.001943241223097525
2020-09-25,1.1792572230543672,1.1608550924560026,0.01065455501308965,0.013427760843976344
2020-09-28,1.1982168818227328,1.178800621534331,0.01607762784717881,0.015458888189361586
2020-09-29,1.1905095450191443,1.172476447595803,-0.006432338686352068,-0.0053649224669533035
2020-09-30,1.2029751608527486,1.1856365599818968,0.010470823930608386,0.011224201913035525
2020-10-01,1.2026541534494117,1.1883707333106375,-0.000266844581486847,0.0023060804811740887
2020-10-02,1.1985070111672464,1.1826449168606792,-0.0034483249155798923,-0.004818207222258786
2020-10-05,1.218098655930527,1.2027692696256793,0.0163467085137865,0.017016394758978093
2020-10-06,1.2028709876437733,1.1865763824530902,-0.012501178137431679,-0.013463003737723245
2020-10-07,1.2238815072689309,1.2087938318550249,0.01746697679217757,0.018723994283455392
2020-10-08,1.2347014575632818,1.2146460740551008,0.008840684518957476,0.0048413898597539085
2020-10-09,1.2386356738476594,1.2216536109237734,0.003186370486791157,0.00576920060777697
2020-10-12,1.2491828569251822,1.232463156880456,0.008515161722057796,0.008848290431940686
2020-10-13,1.2393028040828724,1.22511415502916,-0.007909212640516916,-0.005962857234529828
2020-10-14,1.234385116855002,1.2182357860216233,-0.003968107884262939,-0.0056144719080263306
2020-10-15,1.23586072196426,1.2178514575141313,0.0011954171263968139,-0.00031547957456345976
2020-10-16,1.239673787593241,1.2223261497314764,0.003085352225549176,0.0036742512313272524
2020-10-19,1.222617678725307,1.205485114107086,-0.013758546029312813,-0.013777857593973653
2020-10-20,1.2274891902626905,1.209417734272557,0.0039844929630517,0.003262271860058563
2020-10-21,1.2236153890370023,1.2052291596917508,-0.0031558740039570043,-0.0034632984634754838
2020-10-22,1.2331558227114305,1.2124100990019375,0.007796921941245483,0.005958152648765314
2020-10-23,1.2285601705178615,1.2110850820934567,-0.0037267408618841813,-0.001092878481935844
2020-10-26,1.200701765798529,1.183985592666292,-0.022675653490857983,-0.022376206121142994
2020-10-27,1.1878421405794959,1.1739838148870159,-0.010710091036204017,-0.008447550241513113
2020-10-28,1.1487892093463916,1.1347459380714255,-0.0328772064056021,-0.03342284307332344
2020-10-29,1.1556247016233085,1.139489934455117,0.005950171033384022,0.004180668310436175
2020-10-30,1.1506068600652033,1.132950504801634,-0.004342103064305158,-0.005738909538161141
2020-11-02,1.170889531387929,1.1506465017772762,0.017627803228616568,0.015619391050750941
2020-11-03,1.1937097029228592,1.173940879201331,0.019489602497239744,0.020244599351820547
2020-11-04,1.199125315411577,1.1904400168782006,0.004536791881189828,0.014054487725220444
2020-11-05,1.2237779891966405,1.2135213755726053,0.020558880267323776,0.019388930451895492
2020-11-06,1.2212390703066631,1.210572235172175,-0.002074656442909273,-0.0024302335828561006
2020-11-09,1.2706278384578984,1.246904412398734,0.040441523164529425,0.030012399236458265
2020-11-10,1.286394569504975,1.2588288429668983,0.012408614521000949,0.00956322750131644
2020-11-11,1.2823799119103134,1.2571192089076604,-0.0031208601853834894,-0.0013581147816795758
2020-11-12,1.2669903545093408,1.2440400609574296,-0.012000778597699102,-0.010404063399520824
2020-11-13,1.2896756994412595,1.2615644595119646,0.017904907366641964,0.014086683463431227
2020-11-16,1.314215814876283,1.2822095247272207,0.019028128889809537,0.016364653474181257
2020-11-17,1.3045404633151791,1.2750719540676168,-0.007362072082517712,-0.005566618030795278
2020-11-18,1.2892624983486134,1.2598976889775952,-0.011711376838201226,-0.011900712772807798
2020-11-19,1.2923647229708684,1.2623342711000092,0.0024062009297785014,0.001933952370681169
2020-11-20,1.283570612511869,1.253132179486716,-0.006804666130768022,-0.007289742363783214
2020-11-23,1.3007995365232188,1.267525953187884,0.013422653840316379,0.011486237395215149
2020-11-24,1.3241408241747588,1.2869744477476326,0.017943800713464686,0.01534366575361612
2020-11-25,1.3171562286663696,1.279734408728915,-0.005274813207833962,-0.0056256276349452294
2020-11-27,1.316978729032071,1.2818761417560205,-0.00013475974256937917,0.0016735761830712903
2020-11-30,1.3039493226384018,1.2706536916086002,-0.009893406861054777,-0.00875470709053594
2020-12-01,1.3147854979582738,1.2784495132342844,0.008310273360889742,0.006135284284906062
2020-12-02,1.3213408299542773,1.2816192492500738,0.004985856633027419,0.0024793595546612757
2020-12-03,1.3285322129036863,1.285389363257289,0.005442489012965623,0.0029416802294608413
2020-12-04,1.3421919723959572,1.2962273405755844,0.010281842893681725,0.008431668744193654
2020-12-07,1.3323287285707326,1.2898444277326069,-0.007348608863766093,-0.004924223277178563
2020-12-08,1.3378973537388572,1.294556529035504,0.004179618024223286,0.0036532322825786334
2020-12-09,1.334019779487639,1.2889028734018229,-0.0028982599004191423,-0.004367252805787647
2020-12-10,1.331462725191757,1.2874455135562897,-0.001916803884919882,-0.0011306979568497244
2020-12-11,1.3335792951832115,1.2891163250963706,0.0015896577135869894,0.0012977726222103136
2020-12-14,1.3236804128194897,1.2812772069809202,-0.007422792479964135,-0.00608100135173173
2020-12-15,1.33909928754297,1.2963556425069254,0.011648487485462988,0.011768285148484381
2020-12-16,1.335288144143381,1.2943422114111607,-0.0028460499046203402,-0.0015531471686820453
2020-12-17,1.3406618544865976,1.300083181632537,0.004024382577487717,0.004435434594315835
2020-12-18,1.3357990152123873,1.2957822526607874,-0.003627192985268035,-0.0033081952235924916
2020-12-21,1.3343898561424805,1.2968118431874296,-0.0010549184823906987,0.0007945706344780756
2020-12-22,1.3247833681241488,1.2879278364522861,-0.007199161455035852,-0.006850652067849294
2020-12-23,1.330552949338296,1.2931203844699564,0.004355112958820406,0.004031707267057483
2020-12-24,1.3335747207778779,1.2962969036024758,0.002271064403024825,0.002456475955888271
2020-12-28,1.3421178481756306,1.3047952829354341,0.006406185768705663,0.00655588955689157
2020-12-29,1.3403849816892026,1.3024770445517149,-0.0012911433141161721,-0.001776706594542432
2020-12-30,1.3435981445275542,1.3053536633317866,0.002397194001906966,0.002208575415670211
2020-12-31,1.352540352633489,1.3124783893660934,0.006655418617803388,0.005458081004745985
2021-01-04,1.3336295472200215,1.2975849741730228,-0.013981694059365224,-0.011347550796827921
2021-01-05,1.344338537351632,1.3041081676428432,0.008029958659759417,0.0050271801844636865
2021-01-06,1.3649208213507888,1.3228647842961268,0.015310342913849917,0.014382715420903969
2021-01-07,1.3753795774895197,1.3326945306893982,0.007662536885018945,0.0074306508949073535
2021-01-08,1.3766302575563931,1.3350111815351595,0.000909334475619028,0.0017383209673433875
2021-01-11,1.3714555847719236,1.331277725222613,-0.003758941630162105,-0.002796573065592889
2021-01-12,1.3825477570384246,1.3337236882511427,0.00808788296876961,0.0018373048554694016
2021-01-13,1.3875204715913951,1.3332519008343229,0.003596775972225741,-0.0003537370003816598
2021-01-14,1.3907882678622352,1.330763218602557,0.002355133735138404,-0.0018666256768195
2021-01-15,1.3748603724010218,1.3230257029164247,-0.01145242293832116,-0.005814344413769934
2021-01-19,1.3840073156353985,1.328177119268817,0.006652997946549721,0.003893663094403088
2021-01-20,1.3992119837367847,1.3386978776387584,0.010985973794803039,0.007921201334753603
2021-01-21,1.3996217308552479,1.3391270901739747,0.00029284134443230414,0.00032061941860495047
2021-01-22,1.3889510930306221,1.3309677223558865,-0.00762394409102618,-0.006093049627595937
2021-01-25,1.384396120018407,1.3295946463437651,-0.0032794336928569923,-0.0010316373485683705
2021-01-26,1.3790812718934768,1.328478895802488,-0.0038391093763390227,-0.0008391659400444063
2021-01-27,1.3549993951158252,1.3021566505274444,-0.01746226075899593,-0.019813822679616733
2021-01-28,1.365375716026956,1.314223093582042,0.007657804828941517,0.009266506491143023
2021-01-29,1.3351180065203598,1.2873429008755437,-0.022160720416678936,-0.020453295059085996
2021-02-01,1.3466783468727865,1.2968321925376196,0.008658665598073823,0.007371223048359576
2021-02-02,1.3695731267656959,1.3174429092043278,0.0170009267217186,0.01589312540613097
2021-02-03,1.3715522338923485,1.3193326566609933,0.0014450540011152757,0.0014344055772457232
2021-02-04,1.394891838779753,1.3339743749268895,0.017016927471416032,0.011097821456911294
2021-02-05,1.4011651608159978,1.3377105733504546,0.004497353745888111,0.0028008022446233127
2021-02-08,1.414751243554525,1.3478008202904865,0.009696275013443278,0.007542922318958478
2021-02-09,1.412906135961362,1.34792926654346,-0.0013041922398508987,9.530061937912393e-05
2021-02-10,1.4128673085156382,1.3504199692780814,-2.7480555668479845e-05,0.001847799284756535
2021-02-11,1.4142682401896467,1.351192667298777,0.0009915521900498714,0.0005721909022928795
2021-02-12,1.4204369878747138,1.352738784948331,0.0043617946792327,0.0011442614269399076
2021-02-16,1.4265309681349967,1.3550573119753153,0.004290215132598529,0.001713950285733068
2021-02-17,1.4288221276994326,1.35943761784497,0.0016061057317469096,0.003232561332235706
2021-02-18,1.4207442273688886,1.3549707189957827,-0.005653538095431343,-0.0032858431976220404
2021-02-19,1.429981948720514,1.3548044604750802,0.006502029833148182,-0.00012270266683378495
2021-02-22,1.4378659695694551,1.3560513993803491,0.005513370889748126,0.0009203829346942083
2021-02-23,1.4432088952562216,1.356825251974105,0.0037158718544305636,0.0005706661223237042
2021-02-24,1.469940950378935,1.374636273290893,0.01852265130195674,0.013126982484202632
2021-02-25,1.4443156239275194,1.3507598467227468,-0.017432895140998328,-0.017369268534567106
2021-02-26,1.4186573186876186,1.3312716637140456,-0.017765026435238807,-0.014427570567769
2021-03-01,1.448480890861169,1.357685986190659,0.021022393343827384,0.019841421699701378
2021-03-02,1.441898509397635,1.3516633001425364,-0.004544334347152179,-0.004435993380929482
2021-03-03,1.4391466265888513,1.3465007710244377,-0.0019085135263323671,-0.0038193898713935193
2021-03-04,1.423398657428591,1.3318307657185608,-0.010942574487762258,-0.010894910438644323
2021-03-05,1.4558593028316982,1.3561798456333225,0.022805027413576484,0.018282412857180574
2021-03-08,1.4681663572835302,1.369128959792622,0.008453464169164038,0.009548227840867396
2021-03-09,1.4668281667746175,1.370677963874827,-0.0009114706261139638,0.0011313792401554945
2021-03-10,1.4880303663154406,1.3909838732535806,0.014454453507968923,0.014814500498242511
2021-03-11,1.4912259427283683,1.3995878960215686,0.002147520968164285,0.006185566154597311
2021-03-12,1.4987217452372918,1.4124084196062623,0.005026604147731817,0.009160213246439897
2021-03-15,1.5103653632263847,1.4200656924646944,0.007769032527948916,0.005421429631923935
2021-03-16,1.5066130113915874,1.414774139807092,-0.0024844000836867774,-0.003726273147559911
2021-03-17,1.5175222987671204,1.4229913805998347,0.007240935325161235,0.005808164399911275
2021-03-18,1.502913817888451,1.4169249650970484,-0.009626534575826518,-0.004263142831005151
2021-03-19,1.4868514541740805,1.4053759150951577,-0.010687481559612966,-0.008150784470862704
2021-03-22,1.496049699056892,1.4106790134833644,0.0061863912881068295,0.0037734376484228616
2021-03-23,1.4797127334885252,1.3969709118584621,-0.010920068750834622,-0.00971737829362973
2021-03-24,1.4856870705129321,1.3970562059433014,0.004037497879958218,6.10564501488664e-05
2021-03-25,1.498138470877834,1.4061523654782997,0.008380903766365133,0.006510947445279358
2021-03-26,1.5260596600102723,1.4252065733379102,0.01863725528393778,0.013550599726886103
2021-03-29,1.5288974521574434,1.4297326440564446,0.0018595551809239552,0.0031757296122583156
2021-03-30,1.5211966900521132,1.4261111813307603,-0.005036807468325355,-0.002532964985264341
2021-03-31,1.5168308549915275,1.423352329002853,-0.0028700003682207154,-0.0019345282219391802
2021-04-01,1.5236846082722058,1.4288274587770644,0.004518469055481145,0.00384664405477686
2021-04-05,1.5437197720244078,1.4449927805178358,0.013149154125092322,0.011313697564720115
2021-04-06,1.5345207642859717,1.4414147586035504,-0.0059589880917134685,-0.0024761521043745738
2021-04-07,1.536850473711226,1.4414147586035504,0.001518200000596437,0.0
2021-04-08,1.5347520721512857,1.4446911483057974,-0.001365390840445957,0.0022730374326269676
2021-04-09,1.5412667553702328,1.4564594228675378,0.004244778904136215,0.0081458757295918
2021-04-12,1.5362874285185097,1.455123437514983,-0.003230671675992225,-0.0009172829201958832
2021-04-13,1.5314343512244493,1.4518474807776336,-0.0031589643994811567,-0.0022513256627521017
2021-04-14,1.534692377107387,1.4550375661436132,0.002127434245113413,0.002197259290811271
2021-04-15,1.5436204823161819,1.4675824354101281,0.005817521049803265,0.008621680675752863
2021-04-16,1.550009919626447,1.4741880365321374,0.004139254035213202,0.004501008572076026
2021-04-19,1.545136315161447,1.4694014652668423,-0.003144240822777755,-0.00324692043801611
2021-04-20,1.5372423486047417,1.4580599497725648,-0.0051089127083784325,-0.007718459360742447
2021-04-21,1.555365611785088,1.4717733912978717,0.011789463903850717,0.009405265899695037
2021-04-22,1.5346082300317403,1.4580599497725648,-0.013345660721870156,-0.009317631101628865
2021-04-23,1.5416267213792327,1.4680214618163583,0.004573474330544558,0.0068320318690238135
2021-04-26,1.5377017223417682,1.4656068165820928,-0.002546011289913941,-0.00164482965479118
2021-04-27,1.5344618729272372,1.4654343522311903,-0.002106942697311265,-0.00011767436460530245
2021-04-28,1.5294106449682905,1.4591380323677452,-0.003291856283995309,-0.004296555389095902
2021-04-29,1.5428564203819506,1.4686258808134953,0.008791474976257208,0.006502365256256137
2021-04-30,1.5321254050859172,1.4615958297701444,-0.006955290948834292,-0.004786822250100187
2021-05-03,1.5485891412389585,1.4709536444249636,0.010745684457936333,0.006402463980956341
2021-05-04,1.5557857366359793,1.4725925608842498,0.004647194795168952,0.0011141863412880149
2021-05-05,1.5644419818074982,1.4759995616639585,0.0055639057279417425,0.0023136072191365376
2021-05-06,1.579309748991715,1.4899280424217713,0.00950355932473701,0.009436642882272084
2021-05-07,1.586638457794072,1.5001480345094693,0.004640450555716491,0.006859386357401576
2021-05-10,1.5866577938846989,1.4995441927988624,1.2186828405535977e-05,-0.000402521415697743
2021-05-11,1.5635751500661248,1.4787164163967927,-0.014547966113133692,-0.013889404861883503
2021-05-12,1.538617379841619,1.4489184732449445,-0.015961989561838696,-0.020151222250211598
2021-05-13,1.5599201378886205,1.4681077661526258,0.013845390235481592,0.013243873455975441
2021-05-14,1.576629084982142,1.484537052159339,0.010711411877878163,0.011190790203207124
2021-05-17,1.578039372903514,1.4819073676925676,0.0008944956900804879,-0.0017713835184823834
2021-05-18,1.5647885432166868,1.4709536444249636,-0.008397020958004542,-0.007391638307770676
2021-05-19,1.5560690978201648,1.4637524279254028,-0.005572283510331566,-0.0048956107671060956
2021-05-20,1.5629561553738756,1.472722306031916,0.004425932989324588,0.006128002205418204
2021-05-21,1.5666850278991045,1.478007219894421,0.0023857819123127566,0.0035885338606329586
2021-05-24,1.5750729071548921,1.4863031159769058,0.005353902735022453,0.005612892799723657
2021-05-25,1.566874150829188,1.482932051283703,-0.005205318616338772,-0.0022680869446923824
2021-05-26,1.5624270814861951,1.4833214310483345,-0.002838179020720588,0.0002625742455930613
2021-05-27,1.5675779193448742,1.4890686070999106,0.0032966900789888065,0.0038745317982187277
2021-05-28,1.5679575107056833,1.4935627827376508,0.00024215151038098348,0.0030181118696022136
2021-06-01,1.5691433049481147,1.4945573031075823,0.0007562668212213186,0.0006658711514682114
2021-06-02,1.5746022306343828,1.4966742128138883,0.003478921057786133,0.0014164125402915673
2021-06-03,1.5760237477872057,1.4952047299512206,0.0009027785717350412,-0.0009818321516377182
2021-06-04,1.5859116270433102,1.5033288832909657,0.006273940522779187,0.0054334722041777805
2021-06-07,1.5791633815709054,1.4976672899674943,-0.004255120750319419,-0.003766037748890616
2021-06-08,1.579134607037519,1.4965879084776208,-1.8221378308425074e-05,-0.0007207084624896165
2021-06-09,1.5741833524905706,1.4898903744756746,-0.003135422733997917,-0.0044752025350512925
2021-06-10,1.5796562687982922,1.4907105543134804,0.003476670172545493,0.0005504967693308327
2021-06-11,1.5800250175256267,1.4913159835620458,0.00023343605480397045,0.0004061346763886142
2021-06-14,1.5756801304897965,1.4877727431612058,-0.0027498849623498467,-0.002375915258667649
2021-06-15,1.574871241301547,1.483926715975267,-0.0005133587538468376,-0.0025850905009637826
2021-06-16,1.5586276453213193,1.4724758046835134,-0.010314237478108557,-0.007716628569644612
2021-06-17,1.549902122286556,1.463357708260367,-0.005598208822328643,-0.006192357384850911
2021-06-18,1.5220710614564308,1.4408679239378022,-0.017956657023649014,-0.015368617116385486
2021-06-21,1.5492179009484925,1.4660543579646437,0.017835461286600962,0.01748004352682697
2021-06-22,1.5535353661617664,1.4689533465977613,0.0027868676256777025,0.0019774086938648683
2021-06-23,1.5466104044384335,1.4660543579646437,-0.004457550097776042,-0.0019735062654181457
2021-06-24,1.556956781955711,1.4799021629298585,0.00668971157027376,0.00944562859486342
2021-06-25,1.5624264724456571,1.4905912003233581,0.003513065072413557,0.00722280003452247
2021-06-28,1.5579610253414196,1.4834505989094702,-0.002858020638403458,-0.00479044919380911
2021-06-29,1.5570211246412815,1.4837096562399055,-0.0006032889686261589,0.0001746315857269476
2021-06-30,1.564838801582689,1.492754870238612,0.0050209189956935685,0.006096350428580033
2021-07-01,1.5665095356878522,1.4988560672548437,0.0010676717010553727,0.004087206237187724
2021-07-02,1.5735775125447085,1.5056935932403674,0.0045119271193920785,0.004561829607860002
2021-07-06,1.5628859365655352,1.49651950002379,-0.006794438719376017,-0.006092935015306833
2021-07-07,1.5707234933803644,1.501280237716858,0.005014797709455676,0.0031812065883485285
2021-07-08,1.5578970607729348,1.4902876919300967,-0.00816593923850073,-0.0073221144930800675
2021-07-09,1.5772769135655234,1.5091122840723132,0.012439751817089562,0.01263151554169828
2021-07-12,1.5784685080128422,1.5147379413092787,0.0007554757424459435,0.0037277923560363746
2021-07-13,1.5778217967147887,1.5102807120094726,-0.00040970807765283723,-0.0029425745392985814
2021-07-14,1.5815900059555732,1.5120547135168296,0.002388235001335559,0.0011746170716810944
2021-07-15,1.5807425798524282,1.5143482729013822,-0.0005358064352670722,0.001516849465862391
2021-07-16,1.5683748365100207,1.501388334619641,-0.007824008475536881,-0.008558096254113856
2021-07-19,1.5404044560364354,1.471685210780381,-0.017833989568351916,-0.019783771562861485
2021-07-20,1.559482773895168,1.4942006843535405,0.012385265300921322,0.015299109760857244
2021-07-21,1.5714045326126578,1.5068014060918542,0.0076446876599427505,0.008433085240999949
2021-07-22,1.5712960536251595,1.5079696897073809,-6.903313898298791e-05,0.0007753401415764305
2021-07-23,1.5793742507349802,1.51797276638135,0.00514110443489213,0.006633473300057036
2021-07-26,1.5872606336749273,1.5216096715217178,0.004993359196705294,0.002395896172127987
2021-07-27,1.583202146068548,1.5181885272220188,-0.002556913162385266,-0.0022483718155377197
2021-07-28,1.5725429456358313,1.5127333138330998,-0.0067326844264239405,-0.0035932384490487967
2021-07-29,1.5805834032904655,1.5190553229471395,0.005113028980828993,0.004179196065974278
2021-07-30,1.5753070288809363,1.513252294423765,-0.003338244852214012,-0.0038201561429086484
2021-08-02,1.5689023244747557,1.5083602240450729,-0.004065686427318416,-0.003232818741936816
2021-08-03,1.5843377812931545,1.5202244724924618,0.009838379724222968,0.007865659845876838
2021-08-04,1.5655172710525749,1.5068014060918542,-0.011879102084669135,-0.00882966077937164
2021-08-05,1.5747535186903314,1.5181455193755173,0.005899805647973766,0.007528605453777759
2021-08-06,1.5770175216616138,1.5245544101123552,0.001437687196384374,0.004221525970365514
2021-08-09,1.5722404128384393,1.520483818466162,-0.003029204658513307,-0.0026700205772867136
2021-08-10,1.5818682772472599,1.5273258184222949,0.006123659161920925,0.004499883440413743
2021-08-11,1.5928562061205422,1.5368944869822756,0.006946171834486314,0.006264981868678854
2021-08-12,1.5919206893403943,1.538150662472028,-0.0005873202970571034,0.0008173466040723998
2021-08-13,1.5946031049694878,1.5388431176650235,0.0016850183850585232,0.0004501868444295454
2021-08-16,1.6026687792321648,1.5439534023521377,0.005058107711906956,0.003320861385056828
2021-08-17,1.5946465113830235,1.532088432296586,-0.005005568182955944,-0.007684798024005124
2021-08-18,1.5763762363498601,1.5160238470553373,-0.011457257080327965,-0.010485416443728357
2021-08-19,1.5747466111953128,1.513252294423765,-0.0010337793205514867,-0.0018281721867078327
2021-08-20,1.5854306282101576,1.5231902820414522,0.006784594384194431,0.006567303849006612
2021-08-23,1.5934243780005848,1.5331235070452651,0.005042005401050931,0.006521329029554934
2021-08-24,1.5939354562372756,1.5343812700729755,0.0003207420720725551,0.0008203925006240453
2021-08-25,1.593714180363933,1.536290212306771,-0.00013882360949857286,0.0012441120541732964
2021-08-26,1.5799937383629146,1.5275275800646055,-0.008609098275002669,-0.0057037610289844
2021-08-27,1.5892793266176084,1.5379812288754093,0.005876977882402823,0.006843509045094676
2021-08-30,1.5899133125474432,1.5358559485144152,0.00039891409849523995,-0.0013818636541800267
2021-08-31,1.588913274484562,1.5351626273916243,-0.0006289890492701122,-0.0004514232753803915
2021-09-01,1.5861850586438317,1.5335570492294581,-0.0017170325684485732,-0.0010458684529691675
2021-09-02,1.593677640359989,1.5392825770361513,0.004723649157660992,0.003733495150747723
2021-09-03,1.592719851621402,1.5361161604179105,-0.0006009927693850781,-0.0020570729932756215
2021-09-07,1.5766041361820207,1.524404892901029,-0.010118361633387973,-0.007623946559936923
2021-09-08,1.5772200833764183,1.5213250692623208,0.0003906796768204934,-0.0020203448919972056
2021-09-09,1.5668975864103614,1.5151658549498022,-0.006544741012908695,-0.004048585300382435
2021-09-10,1.5600098164016347,1.5038448331273473,-0.004395801020094736,-0.007471803687676082
2021-09-13,1.5698182433534686,1.5151229914249336,0.006287413610292836,0.007499549188284549
2021-09-14,1.5593993195077462,1.5028469933598672,-0.0066370255855005,-0.008102311254297057
2021-09-15,1.5684885909478248,1.5130410075537055,0.00582870040173411,0.00678313510216233
2021-09-16,1.563540173230676,1.5102638263784636,-0.00315489557635773,-0.001835496302728834
2021-09-17,1.5540779673744212,1.50242283208179,-0.006051783010284528,-0.005191804345520135
2021-09-20,1.5337000185702572,1.4752985914946424,-0.01311256528434801,-0.018053666390016043
2021-09-21,1.532527770339145,1.474038230677546,-0.0007643269328542202,-0.0008543089679354798
2021-09-22,1.5423862755095574,1.4887736136829697,0.006432839496429477,0.009996608431689369
2021-09-23,1.5572374713953037,1.5107692407356688,0.009628713715596149,0.014774326231028256
2021-09-24,1.554128009578427,1.5121161945322978,-0.0019967807569456486,0.0008915681894430261
2021-09-27,1.556090791962722,1.515332257792137,0.0012629476929815198,0.002126862519870043
2021-09-28,1.5375201103457505,1.4906001482645765,-0.011934189002910323,-0.016321245324504408
2021-09-29,1.5449070756206689,1.4942944934147009,0.004804467418157765,0.002478428003932054
2021-09-30,1.5239629354160764,1.4704737749967205,-0.013556893184774932,-0.01594111369810791
2021-10-01,1.5453075524101074,1.4917291763960487,0.014005994829660029,0.014454798011868997
2021-10-04,1.5343740030206081,1.477949924206297,-0.007075322561160724,-0.009237100411913723
2021-10-05,1.543551519508636,1.491513126912115,0.005981277361295723,0.009177038060407705
2021-10-06,1.5448898594581437,1.495815932065088,0.0008670523352105608,0.002884859057111333
2021-10-07,1.559366471401697,1.5110730377721955,0.009370643385950395,0.010199855062410057
2021-10-08,1.5566429518601337,1.5106381966933093,-0.001746555150127893,-0.0002877697292033021
2021-10-11,1.5484279537799512,1.4995538623482436,-0.005277381091383759,-0.007337517593113074
2021-10-12,1.5398309022303975,1.4943379342260996,-0.0055521159564233535,-0.003478319954427045
2021-10-13,1.5433461588937223,1.4948156388298544,0.0022828848662752588,0.0003196764217874293
2021-10-14,1.567954902812588,1.5175930561660997,0.015945057936001428,0.015237609739001456
2021-10-15,1.5778616108489325,1.5342773584975364,0.006318235313129028,0.010993923742367517
2021-10-18,1.574060230123474,1.5327554868822515,-0.0024091978024696203,-0.0009919142760310695
2021-10-19,1.5858396953422864,1.5412784008927443,0.007483490779694124,0.00556051769733279
2021-10-20,1.5938890368823748,1.5481048141125613,0.005075759904188182,0.0044290591601510165
2021-10-21,1.5905022552178025,1.5478001511462394,-0.002124854106027807,-0.00019679737673095055
2021-10-22,1.5814100073613615,1.55119199815453,-0.005716589100463687,0.0021913985508907885
2021-10-25,1.5848951407155367,1.5547140232753842,0.0022038138989586287,0.002270528164820762
2021-10-26,1.5875690579885622,1.5544966748967575,0.0016871256680226487,-0.00013979958717347252
2021-10-27,1.5779683572398202,1.5435393435883396,-0.006047422441519457,-0.0070487968777068755
2021-10-28,1.59005549558627,1.5536267040957203,0.007659937089988578,0.0065352143755079695
2021-10-29,1.5961334009658121,1.5576708848831562,0.003822448585230731,0.0026030582357876586
2021-11-01,1.59995195621705,1.5615841659498653,0.002392378512301896,0.002512264371560491
2021-11-02,1.609618189217252,1.5678458486214975,0.006041577037761092,0.004009827205069927
2021-11-03,1.6190856478123092,1.572150529955694,0.005881803932435092,0.0027456024059899775
2021-11-04,1.6195773795348933,1.571237984273053,0.00030370951854741257,-0.0005804442165385781
2021-11-05,1.619507756447064,1.5797160142558213,-4.298842939476355e-05,0.005395764402100323
2021-11-08,1.6192993474947341,1.5841518839540094,-0.0001286866033830547,0.002808017174072752
2021-11-09,1.6175498731704054,1.579629998562819,-0.0010803896926380174,-0.002854451922819301
2021-11-10,1.612667086846103,1.5700200540159277,-0.003018631082287504,-0.006083668046083401
2021-11-11,1.6066829401104794,1.5630190116207199,-0.003710714247493474,-0.004459205713519321
2021-11-12,1.6141273978657784,1.5709334656283636,0.004633433000033715,0.005063568612282632
2021-11-15,1.6111068587394555,1.5707589807746056,-0.0018713139559595193,-0.00011107081081129788
2021-11-16,1.6139132648316512,1.5737592831937763,0.0017419118272461454,0.0019100972560992524
2021-11-17,1.607675875209234,1.5647153680897627,-0.003864761358825519,-0.005746695317761619
2021-11-18,1.601347666964908,1.5625413070169654,-0.003936246317997605,-0.001389429104573514
2021-11-19,1.5974116574910708,1.5506079285075827,-0.002457935621998475,-0.007637160346285254
2021-11-22,1.6003451757404226,1.5518710314356976,0.001836419707841097,0.0008145856247043781
2021-11-23,1.6060657896337702,1.5598002062498617,0.003574612514891218,0.005109428975440311
2021-11-24,1.607376347752696,1.5598437913828933,0.0008160052517056648,2.794276655238015e-05
2021-11-26,1.5771079110612756,1.5205898948660894,-0.0188309581223709,-0.025165274070170218
2021-11-29,1.5909977901203838,1.5300438277281896,0.008807183682035591,0.006217279816220778
2021-11-30,1.5629207778568874,1.5026396031738862,-0.01764742379772377,-0.01791074481506405
2021-12-01,1.548876607264994,1.4832968963708002,-0.008985849309106508,-0.01287248569931887
2021-12-02,1.5642675019342558,1.5100897744896031,0.009936811361906273,0.018063058167489876
2021-12-03,1.5679143786797451,1.5084784234621347,0.0023313638754112187,-0.001067056445709036
2021-12-06,1.5939669899672049,1.53714502933639,0.016616093099036,0.019003656551124015
2021-12-07,1.6112015220413214,1.5585802554898807,0.010812351938650266,0.013944830022151189
2021-12-08,1.6129832967449438,1.559670028137298,0.0011058670683012917,0.0006992085544383908
2021-12-09,1.613509901281452,1.5601924724471445,0.0003264786049370638,0.00033497105183877274
2021-12-10,1.6276827833619207,1.5694284796440876,0.00878388293075405,0.005919787051950287
2021-12-13,1.6177352077116511,1.5555311723589065,-0.006111495281484247,-0.008855011531543444
2021-12-14,1.619482353841527,1.5517405646798685,0.001079995120058852,-0.0024368574197646264
2021-12-15,1.6380394836076246,1.5675987699865646,0.011458679819560169,0.010219624122520532
2021-12-16,1.6446310029487503,1.565986408707668,0.00402402958359005,-0.0010285548252314536
2021-12-17,1.6255880568217365,1.5435169737352936,-0.011578856347029043,-0.014348422724126508
2021-12-20,1.6141145301059194,1.5244873005532174,-0.00705807764006916,-0.012328774808368137
2021-12-21,1.6324939512535532,1.5491042414179994,0.011386689608963385,0.016147685097703812
2021-12-22,1.6416599894414923,1.5599287968244677,0.005614745574340718,0.006987622341386057
2021-12-23,1.6481098823159737,1.5685270467271537,0.003928884736160043,0.005511950237850227
2021-12-27,1.6672606720840848,1.5840657239393745,0.011619850092276618,0.009906540817796738
2021-12-28,1.6719858159608323,1.5887368378986262,0.0028340762520602247,0.0029488132270389933
2021-12-29,1.6784293488967041,1.5924463368201687,0.003853820334097202,0.0023348731099159803
2021-12-30,1.6734913517442571,1.5890853746412448,-0.0029420345608786036,-0.0021105654245373584
2021-12-31,1.6703784397613013,1.5858118713716487,-0.0018601303076417608,-0.002059992069548211
2022-01-03,1.680713873374302,1.5961129722168426,0.006187480254161715,0.006495789968001597
2022-01-04,1.6901351459750589,1.605671971227442,0.005605518434760315,0.005988923827442427
2022-01-05,1.6753892989578447,1.5891729778722052,-0.008724655571082818,-0.010275444580766013
2022-01-06,1.6693369637756035,1.581752392491162,-0.003612494830906532,-0.004669463604257129
2022-01-07,1.6726252621651343,1.5814032784620133,0.001969823026079398,-0.00022071345098384487
2022-01-10,1.6716454422989804,1.574769245978391,-0.0005857976011228727,-0.004195028917654775
2022-01-11,1.6811558637178403,1.5824077570245911,0.005689257529264413,0.004850558941068339
2022-01-12,1.6812969677504093,1.5841972009466314,8.39327486608088e-05,0.0011308361666559907
2022-01-13,1.6722904082244794,1.576558834222064,-0.005356911776258522,-0.004821600947156779
2022-01-14,1.6726299015448964,1.56756687490577,0.00020301098346764412,-0.0057035355237667895
2022-01-18,1.6506136424098032,1.5444770012350446,-0.013162660260203518,-0.014729753505485
2022-01-19,1.6329921262037044,1.52920084507244,-0.010675736437251615,-0.009890827866254503
2022-01-20,1.6169874371870117,1.5160189401198303,-0.009800836611441377,-0.00862012664659828
2022-01-21,1.5968470861259039,1.4953929253600715,-0.012455477759397371,-0.0136053806544979
2022-01-24,1.6022734499972329,1.5017704983026448,0.0033981737628328013,0.004264814173196463
2022-01-25,1.604491684928241,1.498057824305186,0.0013844296870872963,-0.0024721979834168017
2022-01-26,1.6016906179488344,1.4915051892223243,-0.0017457659679500637,-0.0043740868853984205
2022-01-27,1.6003483426838874,1.4918991872791976,-0.000838036540830811,0.00026416137182772026
2022-01-28,1.6250155470581433,1.5161847656756353,0.01541364696443992,0.01627829722243357
2022-01-31,1.6370550887808872,1.5335263087217241,0.007408877868608554,0.011437618579659858
2022-02-01,1.652957540377654,1.5460187892356219,0.009714060147242298,0.008146244666849434
2022-02-02,1.6636289306893792,1.5551481427461076,0.006455937343246676,0.005905072806391631
2022-02-03,1.637734029383334,1.5330894471399823,-0.015565310766334717,-0.014184305018796195
2022-02-04,1.6359546180035955,1.5326085674603114,-0.0010865081556670209,-0.00031366707309088415
2022-02-07,1.6347706376560636,1.5327396115026708,-0.0007237244447384494,8.550392131545514e-05
2022-02-08,1.6523528035450696,1.5486399587260726,0.010755127039849155,0.010373808508682858
2022-02-09,1.6673133056382288,1.5623109696914086,0.009054060404692033,0.008827752950777423
2022-02-10,1.6404134406928774,1.5399468895107986,-0.01613365937546718,-0.01431474310458658
2022-02-11,1.6210527733348026,1.516971318573056,-0.011802309635976505,-0.014919716448819398
2022-02-14,1.61142749226745,1.5108561223584664,-0.005937672866473953,-0.004031187761903032
2022-02-15,1.6332363150869917,1.5297693279830713,0.013533853011812758,0.012518204311262382
2022-02-16,1.6297588814903428,1.5273676716957356,-0.0021291674478005618,-0.0015699466863426936
2022-02-17,1.6056130158740236,1.5012031699650739,-0.014815606093975586,-0.017130454058656985
2022-02-18,1.5949091336362389,1.4916622111585436,-0.006666539279365558,-0.006355541340052118
2022-02-22,1.5756374389021004,1.469919291284447,-0.012083255608550503,-0.014576302671909458
2022-02-23,1.5571854140840762,1.4502776943803408,-0.011710831668788946,-0.013362364192759824
2022-02-24,1.5618500788851317,1.4538648085574772,0.0029955744247702754,0.0024733981574949215
2022-02-25,1.5995286358124614,1.4897371049019021,0.024124310928885784,0.024673749672789347
2022-02-28,1.5955728239065863,1.4844874055177402,-0.0024731110261528855,-0.0035239099347718073
2022-03-01,1.5700951575423434,1.4574516340913486,-0.01596772393118573,-0.01821219319604961
2022-03-02,1.6047056670127098,1.4829998824510036,0.02204357443184657,0.017529397039362626
2022-03-03,1.6065537450292413,1.4791936880356498,0.0011516616751108266,-0.0025665507195207216
2022-03-04,1.6032586593419258,1.4719318564504162,-0.002051027360591373,-0.0049093175856348426
2022-03-07,1.574527219646536,1.4369353037723307,-0.01792065149810751,-0.02377593264574096
2022-03-08,1.572646357411071,1.4284480372050792,-0.0011945568244208227,-0.005906505703471954
2022-03-09,1.604362774715708,1.4585020069330785,0.020167545713741797,0.021039596082755185
2022-03-10,1.6016188171569012,1.4528585981353088,-0.0017103099137245614,-0.0038693185000386876
2022-03-11,1.5934657905008323,1.4437155340697305,-0.005090491300883793,-0.006293154803442724
2022-03-14,1.5887113386263885,1.4439350472728456,-0.0029837175688279816,0.0001520474068019695
2022-03-15,1.6045026360208616,1.4707072873981932,0.009939689489549597,0.018541166499083328
2022-03-16,1.6241327575129372,1.4933237861141408,0.012234396535961922,0.015377974196318922
2022-03-17,1.6490159385024374,1.5112162048316893,0.015320903340195091,0.011981606992350402
2022-03-18,1.6625134764756668,1.5222298215768035,0.008185207709688447,0.007287915991041727
2022-03-21,1.6602761954635983,1.5145569619820556,-0.0013457220309643914,-0.005040539533511468
2022-03-22,1.6704751738782906,1.5263949438923199,0.006142940820665244,0.00781613515200652
2022-03-23,1.6535562674999886,1.5056569355456988,-0.010128199833716711,-0.013586266404774006
2022-03-24,1.6727551311162594,1.521660039771479,0.011610650325977412,0.01062865241608324
2022-03-25,1.6830844670827014,1.5281485960494867,0.006175043659587542,0.004264130034578706
2022-03-28,1.6858099552923562,1.5323132854001054,0.0016193413123102296,0.002725317002145733
2022-03-29,1.6988621840328773,1.5475724116100686,0.00774240815196614,0.00995822874822827
2022-03-30,1.6965213444163205,1.543845449770987,-0.001377886704735487,-0.0024082632974854468
2022-03-31,1.6690877321578046,1.5206520974897202,-0.016170508168852016,-0.01502310499066295
2022-04-01,1.674270110084412,1.525825017765363,0.003104916432348004,0.003401777621707236
2022-04-04,1.682836824085307,1.5312178842090185,0.0051166857422206835,0.0035343937744274356
2022-04-05,1.6692366385171238,1.5185030040593546,-0.008081701905694683,-0.008303769359533142
2022-04-06,1.6596521766667944,1.5115322692069832,-0.005741823315622785,-0.0045905308278855195
2022-04-07,1.6666992234940456,1.516880684587812,0.004246098626161654,0.0035384063508183683
2022-04-08,1.6727284886953029,1.5230192609068753,0.0036174884563859866,0.0040468419048604876
2022-04-11,1.649938550360464,1.5047361635300025,-0.013624409752604039,-0.012004508311986961
2022-04-12,1.6460027034216527,1.5004395642072292,-0.00238545062054063,-0.002855383838648362
2022-04-13,1.6623592001605463,1.515959768250483,0.009937101989500041,0.010343771527681733
2022-04-14,1.6599481547010984,1.5100650954904364,-0.001450375742628407,-0.003888409760932854
2022-04-18,1.6587437659170556,1.5092322153489655,-0.0007255580727818511,-0.0005515524754252654
2022-04-19,1.6776357367474453,1.5312499236114452,0.011389324390283395,0.014588681608143972
2022-04-20,1.6971933791303209,1.541820184301353,0.011657859900381817,0.006903027733694778
2022-04-21,1.6847579747137338,1.5250655973348624,-0.007327040377071992,-0.010866758093508011
2022-04-22,1.6366514032025263,1.4836617414578974,-0.02855399543034154,-0.02714890162713035
2022-04-25,1.6435920334879424,1.4937056611538795,0.004240750517694236,0.006769683018254868
2022-04-26,1.6062254385675148,1.4581345640565953,-0.022734714064736705,-0.023813993628306718
2022-04-27,1.6114352679700792,1.4606790987601597,0.003243523155261885,0.0017450616467697966
2022-04-28,1.6451066707697577,1.4881351347805496,0.020895287244205862,0.01879676107072048
2022-04-29,1.5943021830543238,1.446029442804473,-0.03088218449181901,-0.028294266422441372
2022-05-02,1.6001556776192098,1.4506350347425452,0.0036715088438705745,0.0031849918139563727
2022-05-03,1.6018866163406176,1.4528714427606062,0.0010817314500193298,0.001541675172941126
2022-05-04,1.6483027782086448,1.4938369938395037,0.028975934622677224,0.028196266973944173
2022-05-05,1.598480169322971,1.4484419232142505,-0.03022661221248457,-0.030388235672606734
2022-05-06,1.595571080065329,1.4433095573173553,-0.0018199095074630245,-0.0035433701653054817
2022-05-09,1.5640627547806363,1.4149326049596367,-0.01974736549085787,-0.01966102989746854
2022-05-10,1.5624817504528459,1.4115554787578666,-0.0010108317731868377,-0.002386775306422728
2022-05-11,1.5510169184684979,1.396774057151658,-0.007337578170769188,-0.010471725574127455
2022-05-12,1.54872521563052,1.3931778507116708,-0.0014775485751894468,-0.002574651513302606
2022-05-13,1.5726076026476639,1.4133094195582987,0.015420674226848341,0.014450106880714575
2022-05-16,1.5800651221615698,1.4157214670031784,0.004742136246416617,0.0017066662200790894
2022-05-17,1.6076055676508936,1.4346693098195962,0.017429943299835493,0.013383877590361637
2022-05-18,1.5504312259158433,1.3840114065416187,-0.03556490652032018,-0.0353098117672479
2022-05-19,1.5283772927642967,1.3736157750271019,-0.014224386598328032,-0.007511232541423607
2022-05-20,1.5323390261543288,1.3735495313977595,0.002592117410267658,-4.8225734260443076e-05
2022-05-23,1.5577750116248978,1.401774657398031,0.016599450275964767,0.02054904126504198
2022-05-24,1.5599293794772042,1.4041939209245382,0.0013829775392655286,0.0017258576574625817
2022-05-25,1.5711249936364977,1.4125028059539528,0.0071770006428404365,0.005917191995777893
2022-05-26,1.5933604513863837,1.435232741473088,0.014152570826602595,0.016091957781127597
2022-05-27,1.6223574917369157,1.4599411822529094,0.0181986695636267,0.01721563344106891
2022-05-31,1.6120060718955305,1.451719467489558,-0.006380480192625604,-0.005631538354623378
2022-06-01,1.6106667325924384,1.4436300956632584,-0.0008308525175200199,-0.005572269303716348
2022-06-02,1.6282200072988668,1.463018408102232,0.010898141962723429,0.013430249547454753
2022-06-03,1.6122616934417051,1.4479831247443604,-0.009801079575011307,-0.010276892809144234
2022-06-06,1.6137403239038537,1.4484224397938557,0.0009171156693501548,0.0003033979070528048
2022-06-07,1.6270842125281533,1.4603806416240375,0.008268919371128503,0.008256018066030268
2022-06-08,1.6147408547794782,1.4481148903948824,-0.0075861824812964995,-0.00839900973729335
2022-06-09,1.5829920508116582,1.4200648265348992,-0.019661857117101222,-0.019370054162162753
2022-06-10,1.5455861250848337,1.382123246622911,-0.023629888544067557,-0.026718202720765527
2022-06-13,1.4965061749449207,1.3434782430738534,-0.03175491119087215,-0.027960606004915234
2022-06-14,1.4902581720924688,1.3378507096556647,-0.004175059854117702,-0.004188778975172003
2022-06-15,1.4992214949557157,1.3507328585774592,0.006014610777581808,0.00962898836829873
2022-06-16,1.4573777922252946,1.31850583802809,-0.027910287353275276,-0.0238589150657883
2022-06-17,1.4563983044489441,1.316355590024664,-0.0006720891326709166,-0.0016308217539954262
2022-06-21,1.4891161534559896,1.3453073754448464,0.02246490462609052,0.021993894081188126
2022-06-22,1.4796875372346079,1.342310825388122,-0.006331686215007126,-0.0022274092236604925
2022-06-23,1.4896066191426354,1.3516969270829218,0.006703497636105782,0.0069924949700721495
2022-06-24,1.5270381384014629,1.3881843222252928,0.025128459270925996,0.026993769395565526
2022-06-27,1.5259137446048878,1.3852759526860592,-0.0007363233231044708,-0.0020950888816921864
2022-06-28,1.4978068163435716,1.363154044204875,-0.018419735952109217,-0.01596931531099599
2022-06-29,1.497471863538232,1.3662827928770191,-0.00022362884297544294,0.002295227516981857
2022-06-30,1.4821924749441273,1.3564560772380314,-0.010203456215866713,-0.007192299932501811
2022-07-01,1.49147465347332,1.3698088590035853,0.006262465021314334,0.00984387330310188
2022-07-05,1.4903206467997057,1.364784734331106,-0.0007737353571024563,-0.0036677560080418115
2022-07-06,1.4945799643919826,1.3678690319404232,0.002857987374343507,0.0022599150853110928
2022-07-07,1.516881623987407,1.3834687572032145,0.01492169045936409,0.011404399762352968
2022-07-08,1.5129703985932865,1.3813097055802026,-0.0025784644841559956,-0.0015606074309740814
2022-07-11,1.503128391913774,1.3735541496900012,-0.0065050887239190835,-0.005614639395401744
2022-07-12,1.4906535659828588,1.3659302151286892,-0.008299241766721033,-0.005550516201369038
2022-07-13,1.4817337944484186,1.356147950552528,-0.0059837991455505835,-0.007161613725075622
2022-07-14,1.4755853162543087,1.3501990128586405,-0.004149516071743964,-0.00438664357488705
2022-07-15,1.5035373063647006,1.3783606373405886,0.018942984727813972,0.020857387847087905
2022-07-18,1.4957179581333602,1.369499722066654,-0.005200634662166359,-0.0064285899015738
2022-07-19,1.5308454299342606,1.4023870140849588,0.02348535805823926,0.02401409177993541
2022-07-20,1.5379299087765805,1.4051633293304053,0.004627821139737254,0.0019797068979978683
2022-07-21,1.5403603636279362,1.4125263303800593,0.001580341755164305,0.0052399610037949795
2022-07-22,1.5267166609203977,1.4065747948967862,-0.008857474542777855,-0.004213397906481342
2022-07-25,1.5324586826500277,1.4105424852189683,0.0037610264409955185,0.002820817162782596
2022-07-26,1.5155422393510782,1.3998743744621889,-0.011038759798532638,-0.0075631261508039005
2022-07-27,1.5406139706686202,1.4195794728846192,0.01654307657454468,0.014076333406703556
2022-07-28,1.5532649887863683,1.4337750929842898,0.008211672981426776,0.009999876985277156
2022-07-29,1.5732211540705165,1.4488961033918988,0.012847881995808663,0.010546291731247548
2022-08-01,1.5676459341533924,1.4461622187064231,-0.003543824657263883,-0.0018868742065600852
2022-08-02,1.5466709122173066,1.428528712997677,-0.013379948545213627,-0.012193311013559138
2022-08-03,1.563780508966541,1.4466917347762647,0.01106220891211196,0.012714495419888117
2022-08-04,1.5598913882674112,1.443164947041536,-0.0024869990876789094,-0.002437829462870411
2022-08-05,1.5640101441111123,1.4458543806641848,0.0026404119380873947,0.0018635663429618088
2022-08-08,1.5661041923413384,1.4478377928603783,0.0013388968339564933,0.0013717925004883558
2022-08-09,1.559201331518017,1.4455899834333454,-0.004407663843234766,-0.0015525284932589312
2022-08-10,1.5866664119474698,1.4689110603594229,0.01761483900396188,0.016132566767437684
2022-08-11,1.5921360274582816,1.4711591584297208,0.003447237219888155,0.001530452136256466
2022-08-12,1.6137530155269657,1.4893221802083085,0.01357734998509752,0.012346061725894142
2022-08-15,1.6177991181944524,1.4961107811603964,0.002507262653303588,0.004558181595830657
2022-08-16,1.631379518142343,1.506558945749163,0.00839436725806042,0.006983550095577051
2022-08-17,1.62232390873165,1.4997697675105448,-0.00555089070935777,-0.004506413942696574
2022-08-18,1.6237801578179178,1.5014447643779698,0.000897631526250775,0.0011168359995716859
2022-08-19,1.6078260871656809,1.4887065041238319,-0.009825265184713494,-0.008484001913593664
2022-08-22,1.5727183192960719,1.4609683193117984,-0.021835550592102848,-0.018632406545680102
2022-08-23,1.5721270780299568,1.4536799325461751,-0.0003759358931990642,-0.004988737037813773
2022-08-24,1.5705869403070325,1.456992691299826,-0.00097965218235041,0.0022788776810369615
2022-08-25,1.5856336826749144,1.4715244364817157,0.009580330755163624,0.009973794150556436
2022-08-26,1.5332854655181989,1.4263825059999624,-0.033014067327584606,-0.030676983244453337
2022-08-29,1.5228831334762962,1.4182993400038626,-0.006784341387066517,-0.005666899279890614
2022-08-30,1.504836424637137,1.4047837634367877,-0.011850357025075087,-0.009529424562122468
2022-08-31,1.49019535641405,1.3942272133019729,-0.00972934199583686,-0.007514715367287761
2022-09-01,1.4934231867953895,1.4004544031034245,0.0021660451211624743,0.0044664095938162784
2022-09-02,1.478724871573045,1.3858787841452382,-0.009842029608422287,-0.010407778308159532
2022-09-06,1.4672112405294613,1.3789888694070973,-0.007786188806938599,-0.004971513249905524
2022-09-07,1.4871294351894029,1.3972306907970597,0.013575546662765392,0.013228403647525866
2022-09-08,1.4943908126120542,1.4056667231847546,0.004882814670214897,0.006037680422609659
2022-09-09,1.5196943352910524,1.423511948728458,0.01693233287132556,0.012695203812801648
2022-09-12,1.5347055583308162,1.4336264417027589,0.009877791007814052,0.007105309501149959
2022-09-13,1.4690722947963488,1.376912225436274,-0.04276602973006216,-0.03955996807587048
2022-09-14,1.470229219131347,1.3783703068899698,0.0007875203549179144,0.0010589501834321613
2022-09-15,1.4538596816575473,1.3708611080265385,-0.01113400363752215,-0.005447882057452613
2022-09-16,1.4470674143613558,1.3642751346465567,-0.0046718864150958606,-0.004804260140885308
2022-09-19,1.4582910523199524,1.3735760865781494,0.0077561265268004664,0.006817504545373332
2022-09-20,1.4407431947797364,1.3597139937713114,-0.012033165472900342,-0.010091973020126765
2022-09-21,1.4144385440146463,1.3366401398017995,-0.018257695653465578,-0.01696963778795424
2022-09-22,1.4092008898748087,1.330926735012241,-0.0037029916654924833,-0.004274452501782378
2022-09-23,1.3846917178734979,1.3102891745218777,-0.017392248456136183,-0.015506158188469676
2022-09-26,1.3714682708455932,1.2963830636171108,-0.009549740824775221,-0.01061300907858087
2022-09-27,1.371607913148788,1.2900939598352932,0.00010181956532506753,-0.004851269627258126
2022-09-28,1.3967314326629574,1.3141424177894443,0.018316837686138454,0.018640857722658666
2022-09-29,1.3726526118225448,1.2941241414243714,-0.017239406429412685,-0.015232958082843306
2022-09-30,1.3442550119512102,1.2723794896906842,-0.02068811848442087,-0.016802601108850457
2022-10-03,1.3847987386547966,1.3055505180385907,0.03016074059098095,0.026070074703868684
2022-10-04,1.425701099790423,1.3425303385912368,0.02953668283620714,0.028325078226925537
2022-10-05,1.4250433224436647,1.3409804685792368,-0.00046137114354116715,-0.0011544394695961468
2022-10-06,1.4081957925788962,1.3252146291173754,-0.011822468551958454,-0.011756949360019586
2022-10-07,1.3699668113385377,1.2974901548604345,-0.02714749003073491,-0.020920742684078286
2022-10-10,1.3649431295829138,1.2930164728945173,-0.003667009823920875,-0.0034479506061442233
2022-10-11,1.3648014250904543,1.294478162389027,-0.00010381714035423428,0.00113044924419059
2022-10-12,1.3616104148433779,1.2939028963616657,-0.002338076579063486,-0.0004443999474657012
2022-10-13,1.404336632791058,1.3311043949419152,0.03137917974327098,0.028751383650857276
2022-10-14,1.3804630491654906,1.3145406011736613,-0.016999900926973455,-0.01244364741878623
2022-10-17,1.4044363012936647,1.3377478083316536,0.017366094762671258,0.01765423383444542
2022-10-18,1.4198231094890754,1.3528496239621326,0.010955860498078396,0.011288985514626093
2022-10-19,1.4125063946725558,1.3478894337728748,-0.0051532580133538675,-0.003666475638830158
2022-10-20,1.4122478458468044,1.3432835531915377,-0.00018304258779044957,-0.0034171056363613284
2022-10-21,1.4434276592577053,1.3776358541019011,0.02207814549166831,0.025573380116763245
2022-10-24,1.4615966264117104,1.3961143629692525,0.012587376331245181,0.013413202634304122
2022-10-25,1.4838779971325404,1.4113589126943278,0.015244541700627723,0.010919270032186512
2022-10-26,1.4871449999024609,1.4108713942195594,0.0022016653500043226,-0.00034542487412903
2022-10-27,1.4862126641030373,1.420088206639373,-0.000626929989667957,0.006532709116915614
2022-10-28,1.531220969493668,1.456071486319232,0.030283893064384726,0.025338763825814015
2022-10-31,1.5201853571867283,1.4509306054460163,-0.007207067122773858,-0.0035306514285305957
2022-11-01,1.517156363925759,1.4464550472988758,-0.0019925157459579346,-0.0030846121312361197
2022-11-02,1.4874230617367115,1.4240766792766428,-0.019598047304834387,-0.015471181122443056
2022-11-03,1.4724106840742206,1.4174736759440194,-0.01009287676699222,-0.004636690866939408
2022-11-04,1.500486310513377,1.4363962624747406,0.01906779592326102,0.013349515304486248
2022-11-07,1.5183944541211782,1.455362722781758,0.01193489302923001,0.013204197756920166
2022-11-08,1.531853944665173,1.469941661137493,0.00886429116456755,0.010017391628575512
2022-11-09,1.4971162077524263,1.4417137930262027,-0.02267692493381912,-0.019203393479878983
2022-11-10,1.5692632576381917,1.4945362321492293,0.0481906811990751,0.036638644492781536
2022-11-11,1.593599789925531,1.496884778075785,0.015508253423308194,0.0015714212048096865
2022-11-14,1.5817022417635858,1.4879330844949736,-0.007465831909090004,-0.0059802155195395335
2022-11-15,1.5913055282896948,1.4898827254291493,0.006071488218541976,0.0013103014876756358
2022-11-16,1.5791291593396672,1.4892627196956958,-0.00765181087701905,-0.00041614398426892407
2022-11-17,1.5811663077713853,1.4893953512760136,0.0012900454783382198,8.905855129781592e-05
2022-11-18,1.5871711801417994,1.4980592675215116,0.0037977487509697205,0.005817069482642934
2022-11-21,1.5804227809164666,1.4966378437624845,-0.004251840828366049,-0.0009488434735821505
2022-11-22,1.6076869236928184,1.513999880480396,0.017251170449809505,0.011600693374332893
2022-11-23,1.6087997755738093,1.5183954844431016,0.0006922068374075607,0.002903305356477759
2022-11-25,1.6099456894072484,1.5253673738685334,0.0007122787128872599,0.004591616279726374
2022-11-28,1.583731315880346,1.503031869371169,-0.01628276885324864,-0.014642705016509217
2022-11-29,1.5881890244074939,1.5029879955948726,0.002814687366758273,-2.919018364844206e-05
2022-11-30,1.6254670365688604,1.53704559173156,0.023472024795835544,0.02265992558590435
2022-12-01,1.617338951485677,1.5293194774543992,-0.005000461344538021,-0.005026600589288277
2022-12-02,1.6156117522980062,1.5307841977031929,-0.0010679265382709247,0.0009577594939362832
2022-12-05,1.5895182167557123,1.5098706942513858,-0.016150870099316372,-0.013661954103776353
2022-12-06,1.5700701879115273,1.4940186947748897,-0.012235172040921505,-0.010498911951102974
2022-12-07,1.5684089414661808,1.493929215362706,-0.0010580714531980284,-5.989176206211422e-05
2022-12-08,1.5770978488580132,1.5028985161826889,0.005539950176329578,0.0060038325295119765
2022-12-09,1.5621222422603822,1.4891780028973869,-0.009495673720229192,-0.00912936777670903
2022-12-12,1.5883222054617678,1.5124902762038783,0.016772031338260884,0.015654457197953775
2022-12-13,1.5961526832317399,1.5177744684582206,0.004930031037182037,0.0034937032901822818
2022-12-14,1.583616589750639,1.5107138212287679,-0.007853943806753527,-0.004651973910606788
2022-12-15,1.5438027491926398,1.4777667800545855,-0.02514108580048935,-0.021808922849057
2022-12-16,1.5278667170218971,1.4640591113945807,-0.010322583101420646,-0.00927593504267199
2022-12-19,1.5183092462324823,1.4569827331071796,-0.006255434903408408,-0.004833396570074644
2022-12-20,1.5213030037332196,1.4614333236118884,0.0019717705784680906,0.00305466249089803
2022-12-21,1.5487355004604328,1.484664343839252,0.01803223727284764,0.015896052082587486
2022-12-22,1.5331397234798014,1.469799792972692,-0.010070006773910012,-0.010012061600483402
2022-12-23,1.54011943749854,1.4772316354410744,0.004552562243248515,0.0050563638013252366
2022-12-27,1.5434246661648605,1.4791905129597334,0.0021460859371327246,0.0013260462825614994
2022-12-28,1.5209854130466116,1.4622786154137588,-0.014538612483112945,-0.01143321120423857
2022-12-29,1.5412138661948656,1.4778105095092495,0.013299570774801373,0.01062170637782045
2022-12-30,1.539650049300569,1.474561396595555,-0.0010146657310822205,-0.0021985991389202875
2023-01-03,1.5481820975427198,1.4740725792260938,0.0055415503321853965,-0.0003315001807248086
2023-01-04,1.56211683937849,1.4800359490832364,0.009000712421289192,0.004045506266912247
2023-01-05,1.5484928135154508,1.465171253895044,-0.008721515266719604,-0.010043469009924921
2023-01-06,1.587183660489952,1.4965912278751696,0.02498613273294037,0.021444574411761064
2023-01-09,1.577963112080276,1.4921858100414505,-0.005809377099326829,-0.002943634675698248
2023-01-10,1.5881985255834417,1.5008192744224795,0.006486471974412655,0.00578578372943328
2023-01-11,1.5969883486175218,1.5120788152294662,0.0055344611473249206,0.007502262929905079
2023-01-12,1.6042864949531521,1.522047976319785,0.004569943382459973,0.006593016838745802
2023-01-13,1.6104432751055595,1.526676226754168,0.003837706152719944,0.0030408045648955273
2023-01-17,1.5860804621405362,1.5094084320623145,-0.015128016827184676,-0.011310711720825206
2023-01-18,1.5530389820097834,1.4818610404485177,-0.02083215884656997,-0.01825045562794325
2023-01-19,1.538811175046275,1.4714467914434015,-0.009161268408791834,-0.007027817535417591
2023-01-20,1.550432673900926,1.4862351404879726,0.007552257900844461,0.010050209855066994
2023-01-23,1.5631468120491803,1.4973701317260646,0.008200380682293895,0.007492079102931148
2023-01-24,1.56485628874319,1.5015124512236377,0.0010936123727038893,0.002766396503981472
2023-01-25,1.5635785774476112,1.5024925394303137,-0.0008165039210118463,0.0006527339855737502
2023-01-26,1.5645075158840946,1.511578596451033,0.0005941104910760497,0.006047322553870638
2023-01-27,1.561115252542586,1.5126926151327196,-0.002168262732564541,0.0007369902460263589
2023-01-30,1.553240314985804,1.5013340696858006,-0.00504443060431059,-0.007508825873340008
2023-01-31,1.5674479859329613,1.5181261802767554,0.009147117036610641,0.011184792865234217
2023-02-01,1.567021194440511,1.5183048504578573,-0.0002722843094511429,0.00011769125875260578
2023-02-02,1.5660093955772276,1.5163453956526682,-0.0006456829472843983,-0.0012905542682012383
2023-02-03,1.5586247495430805,1.5098870025958644,-0.004715582202126645,-0.00425918334656461
2023-02-06,1.5540183147813469,1.5076595425190218,-0.0029554482328629783,-0.0014752495206681315
2023-02-07,1.5616867680623066,1.5211999424068963,0.004934596463902485,0.008981072653346578
2023-02-08,1.549975526940588,1.5118464574010537,-0.007499097361405971,-0.006148754509576859
2023-02-09,1.535372837192326,1.5014235490979844,-0.009421238912775132,-0.006894157969577708
2023-02-10,1.5479907043297652,1.5087731282358106,0.008218112781331222,0.0048950738399178295
2023-02-13,1.5656764295089312,1.525787782784164,0.011424955672988624,0.011277145801402488
2023-02-14,1.5583415366009346,1.519507193978667,-0.004684807645917721,-0.004116292499102614
2023-02-15,1.5635213347400785,1.5218235561811633,0.003323917137216359,0.0015244167396346597
2023-02-16,1.5495107629250304,1.502804562799896,-0.008960908625770148,-0.012497502291916929
2023-02-17,1.5596324504962846,1.5092821506338294,0.00653218281113932,0.004310332823228125
2023-02-21,1.5273658243723285,1.477873433741043,-0.0206886091102354,-0.020810367948495334
2023-02-22,1.5205464658684071,1.4746162388159259,-0.004464784005969058,-0.002203974204253778
2023-02-23,1.5226455388029816,1.479747594461393,0.0013804727324631116,0.0034797905450894007
2023-02-24,1.5087934703331007,1.4639088725750917,-0.009097369096664809,-0.010703664561162007
2023-02-27,1.5111404081111073,1.4681025705738537,0.0015555063195551444,0.002864726129697681
2023-02-28,1.5029233752351723,1.4569937015512537,-0.005437636920983535,-0.0075668207693810885
2023-03-01,1.5045055211660943,1.458912024691165,0.0010527123052261889,0.0013166310450545282
2023-03-02,1.515271284091588,1.4742600530267818,0.007155681899491784,0.010520187698682903
2023-03-03,1.5310694390294721,1.4910792960846568,0.010425958113074785,0.011408599875811332
2023-03-06,1.5303552765318253,1.493176433727303,-0.0004664468373815067,0.0014064561476729853
2023-03-07,1.5020938721948103,1.4672549696258625,-0.018467217887510823,-0.017359947234590778
2023-03-08,1.4998421904789854,1.4655591904433498,-0.0014990286276415077,-0.0011557494897734832
2023-03-09,1.4752623681035757,1.441423273579871,-0.01638827240055163,-0.01646874245739427
2023-03-10,1.470480491639245,1.4264770366692852,-0.003241373580536444,-0.010369082548158048
2023-03-13,1.4644107622387181,1.422416836180636,-0.004127718412476611,-0.002846313248847987
2023-03-14,1.4769004729841633,1.4374521195385077,0.00852883020768802,0.010570237201524835
2023-03-15,1.4655773364827207,1.4256287141131314,-0.007666824345017309,-0.008225251655110566
2023-03-16,1.4823725535895171,1.4421812507940461,0.011459795869321887,0.011610692543613466
2023-03-17,1.4632610955804968,1.4247712992941264,-0.012892479668989099,-0.012071958008283645
2023-03-20,1.4825958071758147,1.4417695011763687,0.013213439251350767,0.011930477467270606
2023-03-21,1.4889171927711387,1.4566213517392639,0.0042637282290480805,0.010301126879696865
2023-03-22,1.462403372304113,1.4322864153444925,-0.01780745134501316,-0.016706425706114025
2023-03-23,1.4661771627056714,1.4352390916249205,0.002580540002183218,0.0020615124522547212
2023-03-24,1.4738572216441705,1.4418588362669198,0.005238152069103608,0.004612293993821348
2023-03-27,1.4860918710227518,1.4507614604926626,0.008301108953371106,0.006174407647833613
2023-03-28,1.488500727891095,1.4485250524746016,0.0016209340184907273,-0.001541540824569143
2023-03-29,1.506086165551903,1.4631526272205073,0.01181419486823021,0.010098254580351629
2023-03-30,1.513715993517791,1.469415175821935,0.0050659969797228754,0.00428017452514462
2023-03-31,1.5313183562003034,1.4879349606761967,0.011628576799010748,0.012603507272137993
2023-04-03,1.5411387079764496,1.5026524477991838,0.006413004674294953,0.0098912166942422
2023-04-04,1.5296234964967743,1.4938398802721549,-0.007471885184685889,-0.005864674522665592
2023-04-05,1.529335740658033,1.497776830086603,-0.00018812200479423336,0.002635456360778665
2023-04-06,1.522760545318659,1.4981344590920722,-0.0042993798971472375,0.00023877322594745287
2023-04-10,1.5325835240309102,1.5028758576863779,0.006450770439547782,0.00316486852400355
2023-04-11,1.5391111066241605,1.5070811014157444,0.004259201858102912,0.0027981311349563054
2023-04-12,1.5365236826132882,1.505783794260714,-0.0016811158075179522,-0.0008608077918379475
2023-04-13,1.550377128796918,1.5226041918916493,0.009016096751641278,0.011170526402957792
2023-04-14,1.5494567081593968,1.5157593055028653,-0.000593675319652931,-0.0044955126389610855
2023-04-17,1.5580381233968987,1.5205909051175168,0.005538338175124391,0.0031875770758000854
2023-04-18,1.558928229202027,1.5200537400011502,0.0005712991176285431,-0.00035326077155850566
2023-04-19,1.5559874779072016,1.516429968129345,-0.0018863929972777749,-0.002383976155871048
2023-04-20,1.546687811023566,1.5117779046255906,-0.005976697766323702,-0.0030677733898210047
2023-04-21,1.5482305078054215,1.5133179607665772,0.000997419628486318,0.0010187052848666944
2023-04-24,1.5517444855779685,1.5161820235646166,0.0022696735110381283,0.0018925717346198745
2023-04-25,1.5300486339855117,1.5008749825726455,-0.013981587686696884,-0.010095780555413492
2023-04-26,1.516924790897109,1.4902228915170797,-0.008577402571980586,-0.007097254054636237
2023-04-27,1.5386327509048974,1.5137209067646686,0.01431050513384391,0.015768121253101564
2023-04-28,1.551888293269603,1.5263875834890595,0.008615143774178602,0.008367907629329041
2023-05-01,1.5489305365035484,1.5233881469996842,-0.0019059082917772807,-0.0019650556135415442
2023-05-02,1.5255640870686884,1.507767639421805,-0.01508553733313689,-0.010253793564459546
2023-05-03,1.5116424846302454,1.495414429283322,-0.009125544155403342,-0.008193046339169396
2023-05-04,1.4960237659493614,1.482971884054288,-0.010332283486134242,-0.008320466210157584
2023-05-05,1.5205740775240844,1.5071411392148868,0.01641037537872503,0.016297851240795413
2023-05-08,1.5189904791677014,1.504858403952776,-0.0010414476872849798,-0.001514612800828985
2023-05-09,1.5175953763372516,1.5028439626055834,-0.0009184407997172572,-0.0013386251768945368
2023-05-10,1.5137609190770156,1.501591250835012,-0.002526666409257583,-0.0008335607699414549
2023-05-11,1.505661959995849,1.4919232889918341,-0.005350223393338016,-0.006438477740065229
2023-05-12,1.5034669804257101,1.491341817134273,-0.001457816979147708,-0.00038974648485723407
2023-05-15,1.5070108606372552,1.4938927019896697,0.002357138705195716,0.0017104629040032293
2023-05-16,1.489859143902682,1.478585516676066,-0.011381282764823863,-0.010246509199232756
2023-05-17,1.511710838948855,1.497652424839341,0.014666953675186,0.012895370574262266
2023-05-18,1.5209241986917774,1.5041424243336743,0.006094657460635089,0.004333448393427863
2023-05-19,1.5166777443002408,1.4990109243665746,-0.002792022373757419,-0.0034115785075159444
2023-05-22,1.508713232348098,1.4932246371525761,-0.005251288206788662,-0.0038600700768365304
2023-05-23,1.5018883277325037,1.4829528335987907,-0.004523659280811332,-0.006878940581487303
2023-05-24,1.4860843637742003,1.4712907797586103,-0.010522729064792458,-0.007864076035297263
2023-05-25,1.47942230840308,1.470124516645939,-0.0044829590657967655,-0.0007926802293036772
2023-05-26,1.492247435945871,1.4839848775931863,0.008669010511700881,0.009428018368722535
2023-05-30,1.4895572880017667,1.4825487330276388,-0.0018027492487525665,-0.0009677622644489459
2023-05-31,1.4821837357062837,1.4780640826176474,-0.004950163619000247,-0.003024959861408938
2023-06-01,1.4884489727141317,1.4844335735487977,0.004227031276161197,0.004309346939727954
2023-06-02,1.5259229336686562,1.516414381393029,0.02517651706003199,0.021544115152135612
2023-06-05,1.5134599197831855,1.507712941523067,-0.008167525115771568,-0.005738167598996702
2023-06-06,1.520126618362863,1.507892621955597,0.004404938969664096,0.00011917416610396359
2023-06-07,1.533233735148638,1.5123779939737512,0.00862238489047118,0.002974596435346255
2023-06-08,1.5363906451597524,1.5197343562283077,0.0020589880973420627,0.004864102945076443
2023-06-09,1.5367767798841372,1.5217975782873034,0.00025132587574727694,0.0013576201989118353
2023-06-12,1.5458485378031634,1.5303196263680008,0.005903107099074045,0.005599987936824258
2023-06-13,1.5534213463183952,1.5368237693823241,0.004898803686157693,0.004250185975697152
2023-06-14,1.550770495218669,1.5269559220780582,-0.0017064598127281005,-0.006420936154723833
2023-06-15,1.567107324540012,1.5464679181561307,0.010534653175123365,0.012778362358697448
2023-06-16,1.5669310724324166,1.5417740013789356,-0.00011246971080758339,-0.0030352500185013565
2023-06-20,1.5487686271335015,1.5305802712363934,-0.0115910939660675,-0.007260292450469885
2023-06-21,1.5409114984010261,1.5259495673342574,-0.005073145591163897,-0.0030254564162096598
2023-06-22,1.5359453404595813,1.5255450337982077,-0.0032228703248682322,-0.0002651028216852369
2023-06-23,1.526281266885301,1.5157444403747122,-0.006291938469235259,-0.00642432259052661
2023-06-26,1.5297083557660802,1.5156545279976308,0.002245384880974699,-5.931895554844857e-05
2023-06-27,1.532242212235813,1.525050876528342,0.001656431083860932,0.006199531857121077
2023-06-28,1.5334026723137124,1.5223532165726374,0.0007573607283708483,-0.0017688983346217935
2023-06-29,1.547142321996304,1.5337266271477095,0.008960235905850045,0.007470940680033289
2023-06-30,1.5574321964991675,1.545819914025962,0.006650890714169133,0.00788490377893658
2023-07-03,1.5569162271603865,1.5468096717820192,-0.0003312948967799656,0.0006402801174163475
2023-07-05,1.5506570702938414,1.5411451920258967,-0.004020227137050858,-0.0036620405596485828
2023-07-06,1.5371760927440496,1.525050876528342,-0.008693719461284388,-0.010443088412973034
2023-07-07,1.5258096896651052,1.5169584739477586,-0.007394340266282717,-0.005306316467949546
2023-07-10,1.5298808878959655,1.5266238380015509,0.0026682215078566163,0.006371541620805887
2023-07-11,1.5457307154864843,1.5403805760166243,0.010360170988420458,0.009011216563395097
2023-07-12,1.548138324508607,1.5448308778780677,0.001557586323414073,0.0028890924299707077
2023-07-13,1.5505576065670643,1.5461348238281956,0.0015627040685948224,0.0008440703566974239
2023-07-14,1.5489011398747188,1.5517542752349613,-0.0010683038703818148,0.003634515774537883
2023-07-17,1.5498808203132213,1.5548112960557259,0.0006325003018474717,0.001970041822698887
2023-07-18,1.5615755367357795,1.5715800265422069,0.007545558516037998,0.01078505830837484
2023-07-19,1.5706064338570933,1.5765703799526685,0.005783195822977261,0.00317537339885976
2023-07-20,1.5708852606064618,1.5843924681154775,0.00017752808301163547,0.004961458278217812
2023-07-21,1.5713109757198571,1.5842940407620754,0.00027100331518226106,-6.212308842845626e-05
2023-07-24,1.5734901372560812,1.592976863141438,0.0013868429419108264,0.005480562418316071
2023-07-25,1.5778862312527024,1.5941018502671986,0.0027938490954175776,0.0007062168646581046
2023-07-26,1.5873342266784207,1.5982861673598447,0.005987754527915001,0.0026248743717001144
2023-07-27,1.5771873770449776,1.5871280846605438,-0.006392383823711767,-0.00698127965264983
2023-07-28,1.5925356392239405,1.5948217265703795,0.009731413275523071,0.004847524269902426
2023-07-31,1.5942819901151348,1.599725631322941,0.0010965851238629032,0.0030748921154386544
2023-08-01,1.588771639559793,1.6025595308997767,-0.0034563211461379195,0.0017714910115504967
2023-08-02,1.570764904951454,1.5869931439341054,-0.011333746247716436,-0.00971345317632677
2023-08-03,1.569550475194692,1.5836190484866188,-0.0007731454611277222,-0.0021260932729187942
2023-08-04,1.5578906976922935,1.5775900122866644,-0.007428736881464282,-0.003807125334666872
2023-08-07,1.571564865823133,1.5954514018532138,0.008777360408592783,0.011321946403970884
2023-08-08,1.562873630992057,1.5882532161079368,-0.0055303061426762445,-0.004511692262713751
2023-08-09,1.5549902714485857,1.5804239118635,-0.00504414393278052,-0.004929506306068032
2023-08-10,1.557536457761167,1.5831690536363148,0.0016374290947873682,0.0017369654762930953
2023-08-11,1.5619795164463137,1.5881628707659579,0.002852619380437016,0.00315431704414193
2023-08-14,1.5671777808447538,1.589107311529393,0.003327997802600402,0.000594675005202383
2023-08-15,1.545545168721922,1.5729113936025199,-0.013803546979316739,-0.010191833999735223
2023-08-16,1.5372902137889284,1.5646325274726767,-0.005341128231030612,-0.0052634027342644
2023-08-17,1.5259114420330187,1.5524405245977568,-0.007401837111721821,-0.007792246844448125
2023-08-18,1.5306459185918404,1.5550088723706927,0.003102720399365877,0.0016543936674169313
2023-08-21,1.53257942302224,1.5529811534333051,0.0012631951040502631,-0.001303991876455468
2023-08-22,1.5253155215029681,1.5452766874010277,-0.004739657475596015,-0.004961081475615137
2023-08-23,1.5359298899230465,1.5537021843095462,0.006958801815390547,0.0054524196069307695
2023-08-24,1.5176252692044319,1.5365807317531026,-0.011917614754884176,-0.011019777618483717
2023-08-25,1.5306091070550432,1.54770922851773,0.00855536482824748,0.007242376879170509
2023-08-28,1.5419077444485396,1.5576671325207099,0.007381791563513929,0.006433963059402803
2023-08-29,1.5562630952212566,1.5707790414815306,0.0093101230111865,0.008417657846835569
2023-08-30,1.5606264135005783,1.5742928402693295,0.002803715061238554,0.00223697840052961
2023-08-31,1.5594046271818562,1.5671290030726004,-0.0007828819941484433,-0.004550511196826368
2023-09-01,1.567589703706503,1.5724006393449104,0.005248847144591728,0.003363881506866395
2023-09-05,1.5563555620676672,1.5633894852514867,-0.007166506396586447,-0.005730825762814473
2023-09-06,1.551069227527036,1.5544682435351445,-0.00339661107620437,-0.005706346243531946
2023-09-07,1.550012187942473,1.557577364465261,-0.000681490913367,0.0020001186534668314
2023-09-08,1.5489338444540115,1.5612719982586505,-0.0006957000060063834,0.0023720387042589497
2023-09-11,1.556225667345758,1.5651464568062023,0.004707639979496303,0.0024816038152692954
2023-09-12,1.5519108115230775,1.564425570251594,-0.0027726414704620783,-0.0004605872833648439
2023-09-13,1.5440030924269106,1.5614518230128132,-0.005095472650523125,-0.0019008556848776337
2023-09-14,1.5553586319493264,1.5767262473158268,0.0073546093127099255,0.009782193774984238
2023-09-15,1.5430516377937846,1.5637296513394172,-0.007912640790836423,-0.008242772642704788
2023-09-18,1.5421613848143927,1.5637743910455089,-0.0005769430896459538,2.861089578587439e-05
2023-09-19,1.5341063113022309,1.5588954539353792,-0.005223236420960786,-0.0031199750667790793
2023-09-20,1.5242134194854486,1.5555066376813724,-0.0064486351069011905,-0.0021738572945683154
2023-09-21,1.5047141099724801,1.5386111928015087,-0.012793030991389065,-0.010861698992842617
2023-09-22,1.4985776029013227,1.5340934927376624,-0.0040781880295318595,-0.0029362194198135905
2023-09-25,1.4974276787084873,1.5359011211854046,-0.0007673437735951083,0.0011783039666743989
2023-09-26,1.48128856123968,1.5181012126343234,-0.01077789445078714,-0.011589228177230071
2023-09-27,1.4773981547533306,1.5153455353823322,-0.002626366386771828,-0.001815213128780413
2023-09-28,1.4817770439741158,1.5207215161949788,0.002963919513975899,0.0035476930423596897
2023-09-29,1.4804623260001157,1.5131769585315717,-0.0008872576204002058,-0.004961169802005783
2023-10-02,1.4761753211148634,1.509291387218313,-0.0028957203503009454,-0.002567823473223818
2023-10-03,1.469961448763284,1.490724697833471,-0.00420944061501205,-0.012301593676394829
2023-10-04,1.471513140985273,1.4952871376034091,0.0010556006236044357,0.0030605515401798122
2023-10-05,1.4703051222657688,1.496100534324485,-0.000820936412905815,0.0005439735958536751
2023-10-06,1.4749114082087482,1.5093368485325676,0.0031328775729768665,0.008847209064101413
2023-10-09,1.4797272564364503,1.5183272203109035,0.0032651779631638345,0.005956504531825724
2023-10-10,1.4830600979675062,1.5244711365303714,0.0022523350276606457,0.004046503373765331
2023-10-11,1.4830717713733441,1.527091007126129,7.871161697314832e-06,0.0017185439153151183
2023-10-12,1.4798094827483221,1.519140039745449,-0.002199683581058931,-0.0052066100471922505
2023-10-13,1.4791519126979615,1.520992696542548,-0.00044436128976510503,0.0012195431287620462
2023-10-16,1.4860435975968895,1.5354935568950714,0.004659213729006018,0.009533813269114289
2023-10-17,1.486579610353477,1.5359454279265987,0.0003606978674477457,0.00029428389946550837
2023-10-18,1.4801233440913129,1.5207669775092334,-0.004343034316627636,-0.009882154757187567
2023-10-19,1.4767707639274565,1.5094274825178116,-0.002265068095331335,-0.007456431628989013
2023-10-20,1.4704994641730553,1.497028378100176,-0.004246630491060666,-0.008214441939902284
2023-10-23,1.4635031143055517,1.4885761816896355,-0.004757805111774149,-0.005645982757699675
2023-10-24,1.4734525343881777,1.4981591380912391,0.006798359351184002,0.006437666086210214
2023-10-25,1.4673145826509884,1.4932315645909386,-0.004165693562526607,-0.003289085501676836
2023-10-26,1.4628733729890375,1.4817956627489706,-0.0030267603923944675,-0.007658491899815156
2023-10-27,1.4571485630449064,1.4653878806655078,-0.003913400879280382,-0.0110729046493655
2023-10-30,1.46657337172013,1.4881694833290975,0.00646798062616849,0.01554646586352515
2023-10-31,1.4691019405599763,1.4938195309219648,0.0017241338814713014,0.003796642557289953
2023-11-01,1.4742870443387508,1.5037635800482192,0.003529437703144067,0.006656794157803736
2023-11-02,1.4863700109451377,1.5295733392060626,0.008195803288637338,0.017163442113032
2023-11-03,1.4892239404260206,1.5396081666391936,0.0019200666454970428,0.006560540234271883
2023-11-06,1.4905206466457348,1.5415520347080671,0.0008707261443454684,0.0012625732384341504
2023-11-07,1.4918158975880096,1.5438122557954996,0.0008689922848030829,0.001466198374458827
2023-11-08,1.4896844262552054,1.5419137047192482,-0.0014287763900695527,-0.0012297810625121475
2023-11-09,1.4843550456524017,1.532828224985059,-0.003577523204831179,-0.005892339958054493
2023-11-10,1.4945358282690742,1.5504565351150332,0.006858724701001462,0.011500512479241332
2023-11-13,1.493628374251489,1.552988369514933,-0.0006071811731914734,0.0016329605780995848
2023-11-14,1.5050465558716857,1.5749109698215593,0.007644593405584432,0.014116396965338396
2023-11-15,1.5103156889257843,1.5832726765684886,0.003500976786094734,0.0053093202772449555
2023-11-16,1.5090153707447331,1.5821430711504865,-0.0008609578716459731,-0.0007134623332542
2023-11-17,1.508939355585554,1.5826727315419606,-5.0374012520282285e-05,0.00033477401704828935
2023-11-20,1.513446504271704,1.5921395090293582,0.0029869647640021757,0.005981512980371084
2023-11-21,1.5114105725976528,1.5889689070837734,-0.0013452287003899999,-0.0019914096268597303
2023-11-22,1.514191673767983,1.5968495898293995,0.0018400699457530312,0.0049596204875332894
2023-11-24,1.5168679115203998,1.6024657218386165,0.001767436579384274,0.00351700751591566
2023-11-27,1.5160738913602128,1.600292238052349,-0.0005234603185659825,-0.0013563371475888708
2023-11-28,1.519196456128685,1.6038702599666343,0.0020596389043219254,0.0022358553201757836
2023-11-29,1.520189491213838,1.6063159343518993,0.0006536581106064698,0.001524857992762918
2023-11-30,1.5306144090919966,1.6305472478144967,0.006857643694033522,0.015085023403178743
2023-12-01,1.5355183192680477,1.6443621474474892,0.003203883451587508,0.008472554016149658
2023-12-04,1.5322034152090147,1.6425050166797808,-0.002158817656186085,-0.0011293927986552044
2023-12-05,1.5305425228184326,1.639198752399595,-0.0010839894847483045,-0.0020129401411931314
2023-12-06,1.527525283172926,1.6360733231249998,-0.0019713530336619156,-0.001906681096493057
2023-12-07,1.5300896817345357,1.6388366494235163,0.0016787928748931424,0.0016889990561292922
2023-12-08,1.5315708773702452,1.6446789334309457,0.0009680449802329516,0.0035648970929986756
2023-12-11,1.5354242052617284,1.65178994891016,0.002515931811200023,0.0043236496404681635
2023-12-12,1.537199334199253,1.6595805749570722,0.0011561162911470912,0.0047164750288331
2023-12-13,1.546595963220026,1.683721687399323,0.006112824024652408,0.01454651422566533
2023-12-14,1.5503377166820977,1.6909227595772507,0.002419347748898515,0.004276877961375103
2023-12-15,1.5513555690820318,1.6915273228960208,0.0006565359205168431,0.0003575345564106325
2023-12-18,1.5526195687922257,1.6931160154271783,0.0008147711171990757,0.0009392059529003127
2023-12-19,1.5573145337098153,1.7045549480234299,0.0030238991005644422,0.00675614222062948
2023-12-20,1.547408645977007,1.6832201697261968,-0.006360877984751601,-0.012516333557901715
2023-12-21,1.5544525799483928,1.6972010392366268,0.004552083891801173,0.008306025415976359
2023-12-22,1.557702198774508,1.6968382146523855,0.0020905229712593343,-0.00021377820060997088
2023-12-26,1.5635890698493395,1.703874327204304,0.003779201877908811,0.004146601892367263
2023-12-27,1.5657216997171792,1.709366775574422,0.0013639324480856363,0.0032235055616629538
2023-12-28,1.5658947167910968,1.7115001379468393,0.00011050308234783479,0.0012480424932210799
2023-12-29,1.564901216912365,1.7107743444567236,-0.0006344614794842052,-0.0004240686132730431
2024-01-02,1.5695447410842664,1.711772472867469,0.002967295393292213,0.0005834366256307622
2024-01-03,1.558422577567306,1.698699242104173,-0.007086235406884356,-0.007637247923140467
2024-01-04,1.5553928989338883,1.700196723363556,-0.001944067467340549,0.0008815458453541591
2024-01-05,1.5592352601557453,1.7006510478628367,0.002470347668740658,0.0002672187830017325
2024-01-08,1.5694598705746754,1.7106375275490622,0.006557452028059352,0.005872150961701017
2024-01-09,1.560884493536514,1.703102350791771,-0.005463903345946264,-0.00440489386906362
2024-01-10,1.5640573605752486,1.7111373133625978,0.002032736600224405,0.004717838929111373
2024-01-11,1.5629434586085595,1.7121355860949756,-0.0007121874138167339,0.0005833972087347927
2024-01-12,1.560747574053325,1.7064161197968497,-0.0014049673666310936,-0.0033405451907992934
2024-01-16,1.5522800989356225,1.6962024778609839,-0.005425268799689409,-0.005985434512352006
2024-01-17,1.543886298154524,1.6919353201512517,-0.005407400885222957,-0.0025157124608810033
2024-01-18,1.553468464024457,1.701422591310472,0.006206523033067235,0.005607348606193829
2024-01-19,1.570945744432037,1.7196045192229243,0.011250489348398451,0.010686309212838419
2024-01-22,1.5777450751829367,1.7262808379448848,0.004328176689105234,0.0038824733520574917
2024-01-23,1.5767203011686,1.7216029408689033,-0.0006495181195339539,-0.0027098123162569987
2024-01-24,1.569254321850933,1.7172877240555307,-0.0047351323580558935,-0.002506511060671568
2024-01-25,1.5888335532720932,1.7281434529346305,0.012476773935576446,0.006321438584247829
2024-01-26,1.585632287396204,1.7309141396364074,-0.0020148528895908013,0.0016032735575695067
2024-01-29,1.5929022053130124,1.7409976034597092,0.00458487000712271,0.005825513578287644
2024-01-30,1.5976245885163853,1.7463568429629797,0.002964641010365643,0.0030782578290864393
2024-01-31,1.5816087416363698,1.7321860461841083,-0.010024787421986536,-0.008114490939221897
2024-02-01,1.597839589349225,1.749127385343124,0.010262239506884763,0.009780323075766706
2024-02-02,1.5979436245225886,1.7551232275675912,6.510989842611892e-05,0.00342790483684019
2024-02-05,1.586400556147005,1.7422236157282578,-0.007223701886875045,-0.0073496901167509066
2024-02-06,1.5960840249192756,1.7490368956795124,0.0061040502884022185,0.003910680517556164
2024-02-07,1.5990255600604373,1.7562587501725282,0.0018429701038518154,0.004129046397394642
2024-02-08,1.602927102558145,1.7593473774308221,0.002439950051555284,0.001758640210612672
2024-02-09,1.600470169472937,1.7564853351356384,-0.0015327790523267382,-0.001626763612404436
2024-02-12,1.6087045013838157,1.762798684951725,0.005144945571581738,0.0035943082983946884
2024-02-13,1.587498616226896,1.7387714422775595,-0.013181964207023888,-0.01363016825419483
2024-02-14,1.594472385389106,1.745448771250948,0.004392929285686575,0.0038402568681725757
2024-02-15,1.6107059888436452,1.7634347103863917,0.010181175668700915,0.010304478384979054
2024-02-16,1.6044623830301776,1.7568480153982473,-0.0038763162592758693,-0.0037351510375459585
2024-02-20,1.6048411855468498,1.7545730735042944,0.00023609311173555803,-0.0012948996578040495
2024-02-21,1.6057166932040519,1.7562112683554179,0.0005455416181281425,0.0009336714873047214
2024-02-22,1.6186171458767107,1.776636531724294,0.008034077697054443,0.01163029968940088
2024-02-23,1.621659902372169,1.7800031224468873,0.0018798494154157463,0.0018949237294618726
2024-02-26,1.6159015509725203,1.7774098070315196,-0.003550899538938612,-0.0014569162169798533
2024-02-27,1.6165502622769143,1.772633482602136,0.00040145471981478664,-0.0026872387057212954
2024-02-28,1.6154613635039532,1.7723602817517108,-0.0006735941333660955,-0.0001541214543822056
2024-02-29,1.6180381413188125,1.7739527266453146,0.0015950723880329143,0.0008984882532065974
2024-03-01,1.6205758847519722,1.7801396507112837,0.0015684076712130235,0.003487648781751451
2024-03-04,1.6207404546488022,1.7752266536958712,0.00010155025653446614,-0.0027598941540621924
2024-03-05,1.6071301717462294,1.7568480153982473,-0.00839757091490756,-0.010352840443985656
2024-03-06,1.6107472022530753,1.761351138977206,0.0022506145242211506,0.002563183348525344
2024-03-07,1.6160321218425984,1.7671283339283532,0.003281036019886052,0.0032799791156361557
2024-03-08,1.6130473934169898,1.7650363918644791,-0.0018469486993893947,-0.001183808795156227
2024-03-11,1.618237316789958,1.7669925272721196,0.003217464901619671,0.0011082691646795428
2024-03-12,1.6278419700419269,1.777773930510454,0.005935256313963411,0.006101555650027901
2024-03-13,1.6298871787032099,1.7797297772748295,0.0012563926344952847,0.0011001661858174305
2024-03-14,1.6218477003768466,1.7744986953812674,-0.004932536700337664,-0.0029392562625839558
2024-03-15,1.614776073860456,1.764754098751203,-0.004360228469508898,-0.005491464522024203
2024-03-18,1.6184453907522687,1.7680824442411696,0.0022723379118694265,0.0018860109135441228
2024-03-19,1.6279719027789459,1.7825375546361732,0.0058862115960856,0.008175586179301586
2024-03-20,1.6447360379005003,1.8011889608193243,0.010297558018623088,0.010463401533752137
2024-03-21,1.651176668088407,1.813774384464587,0.003915905068954562,0.006987286686199745
2024-03-22,1.639078576459202,1.7990911015685154,-0.007326951660000858,-0.008095429631070683
2024-03-25,1.6350564174833304,1.7918858440632435,-0.0024539146772086795,-0.004004943106544201
2024-03-26,1.6321337169525894,1.7914299320260043,-0.0017875227420223183,-0.00025443140741898684
2024-03-27,1.6553326469001155,1.8129080217043638,0.014213866000416742,0.011989355148302794
2024-03-28,1.658429432678311,1.8138198457788417,0.0018707936341344489,0.0005029621269041495
2024-04-01,1.6535271569991996,1.80273911947459,-0.0029559748413259257,-0.006109055609926695
2024-04-02,1.6423275436692826,1.7858669103775675,-0.006773165643219281,-0.009359207283381132
2024-04-03,1.6351126459525573,1.784179790493008,-0.004393093049274266,-0.0009447063914762577
2024-04-04,1.6148221240973295,1.7602848907558948,-0.012409250154999163,-0.013392652390996074
2024-04-05,1.623992423512543,1.7732355924531524,0.005678829437848698,0.0073571623350674464
2024-04-08,1.6217978986176613,1.7743296947495464,-0.0013513147371310152,0.00061700898687711
2024-04-09,1.624101140216047,1.773144092538113,0.001420177939772227,-0.0006681972436924921
2024-04-10,1.608323493115851,1.7533993056667303,-0.00971469492232313,-0.011135466629290991
2024-04-11,1.6105656662832128,1.7535356896094942,0.0013941058356474745,7.778259197621651e-05
2024-04-12,1.5891940614976499,1.7322401667963159,-0.01326962646290808,-0.01214433383897695
2024-04-15,1.5809166590211017,1.7205661342606333,-0.005208553616634859,-0.006739269045627272
2024-04-16,1.579226845349622,1.7236215675434399,-0.0010688821968173334,0.0017758301886603434
2024-04-17,1.5755990582875354,1.721204468841421,-0.002297191864974568,-0.0014023372343059393
2024-04-18,1.5763925433443673,1.7229832329626524,0.0005036084863456747,0.0010334414960175842
2024-04-19,1.5849525217583507,1.7328289990571373,0.005430105876943037,0.005714371391505102
2024-04-22,1.5929595959812746,1.7445544100940096,0.00505193317339292,0.006766629046058403
2024-04-23,1.6020883550956395,1.7566450991828764,0.005730690933652749,0.0069305313832059845
2024-04-24,1.6020528029587846,1.7539989620499934,-2.219112119616895e-05,-0.0015063584181652656
2024-04-25,1.5908628295750882,1.7379389951009865,-0.006984771889559482,-0.009156200942238124
2024-04-26,1.5920093838075904,1.7442807762786867,0.0007207121891259494,0.003649024042602589
2024-04-29,1.5984334315528927,1.7510790467801554,0.0040351820853832265,0.003897463409516133
2024-04-30,1.5775718160022336,1.7252092498231695,-0.013051288304444353,-0.014773631724138703
2024-05-01,1.5807974553542672,1.728677154331816,0.002044686219235148,0.002010135587321882
2024-05-02,1.5914866859396333,1.7439157868699566,0.006761922945384802,0.008815198662141643
2024-05-03,1.606380734115368,1.7646296935039412,0.009358575417136583,0.011877813590507547
2024-05-06,1.613422663782552,1.7722946154088985,0.004383723931463912,0.00434364327721215
2024-05-07,1.6127550175676608,1.773617178849626,-0.0004138073859244473,0.0007462435586209626
2024-05-08,1.6184111654595488,1.7815563118564364,0.0035071339603820473,0.004476238221801543
2024-05-09,1.6300273504233571,1.7976162788054435,0.007177523988788126,0.009014571609174737
2024-05-10,1.633479603507614,1.803000052986248,0.0021179111401783413,0.002994951839433879
2024-05-13,1.6341875564822186,1.7997147153427826,0.0004334017841938209,-0.0018221506083840877
2024-05-14,1.6382846668173026,1.8048248557082645,0.002507123688974433,0.002839416893087199
2024-05-15,1.6477075424433307,1.8217060127465048,0.0057516717435524,0.009353349154544777
2024-05-16,1.6532779272994216,1.8213867732952949,0.003380687842109875,-0.00017524202531926658
2024-05-17,1.6575836311062369,1.8274821974462248,0.0026043436107856532,0.003346584174377165
2024-05-20,1.6499273813667878,1.8190289907842558,-0.004618922144120963,-0.004625602741182178
2024-05-21,1.6503998524818457,1.8221360912115165,0.00028635873335614015,0.0017081093500994626
2024-05-22,1.6439066715084485,1.8124493675561064,-0.003934307776162771,-0.0053161362107533305
2024-05-23,1.6166665267452762,1.7850334529495666,-0.01657037180716392,-0.01512644441124844
2024-05-24,1.6202611561746285,1.7849420973561596,0.0022234823136897397,-5.117864500303604e-05
2024-05-28,1.6124867604260986,1.7756209403960095,-0.004798236209578088,-0.005222106069410648
2024-05-29,1.5972195846504944,1.7572521159693992,-0.009468093723492,-0.010345014529122176
2024-05-30,1.5931852688717498,1.7430876693423603,-0.002525836658600289,-0.008060565981578005
2024-05-31,1.6171304940781814,1.770731900771601,0.01502978070051375,0.015859346558093845
2024-06-03,1.6127126031510521,1.764837372333187,-0.0027319322363330567,-0.0033288655588378235
2024-06-04,1.618455133417058,1.7706401122132964,0.0035607896005684925,0.003287974275181016
2024-06-05,1.6201745781367782,1.7753009793366366,0.0010623987555897774,0.0026323063005242453
2024-06-06,1.624392418170177,1.7789565019676037,0.002603324413501973,0.0020591002165351036
2024-06-07,1.6237961876118,1.7751178351849253,-0.00036704835094514277,-0.002157819361200075
2024-06-10,1.62628967067459,1.7787735021375248,0.0015355886913721584,0.0020593939625528357
2024-06-11,1.6221345102975089,1.7727421567914496,-0.0025549940161382345,-0.0033907326249392744
2024-06-12,1.6157742514953113,1.7714626011972232,-0.0039209194809812775,-0.0007217945313278129
2024-06-13,1.6125449987935465,1.7677616172520014,-0.0019985791324352853,-0.002089224995616923
2024-06-14,1.6096305194019958,1.7658424281822949,-0.0018073786429100291,-0.0010856605613430714
2024-06-17,1.6184713906582384,1.7755288631944397,0.005492484858902413,0.005485446978480191
2024-06-18,1.6207493858160575,1.7780882630261572,0.001407497945881353,0.0014414859058460294
2024-06-20,1.6322607630439505,1.7914759706267893,0.00710250290923109,0.007529270553671807
2024-06-21,1.6359183334529643,1.7921356648091948,0.002240800300923107,0.00036824059782092355
2024-06-24,1.6460117993354342,1.8042257766115313,0.00616990816477081,0.0067462034486232
2024-06-25,1.6336793919932429,1.7906699343089736,-0.007492295831154072,-0.0075133846762884815
2024-06-26,1.634143180117556,1.7916780209123653,0.0002838917639447214,0.0005629661748807191
2024-06-27,1.6369502949937287,1.7931430298044235,0.001717790038428868,0.0008176741998053849
2024-06-28,1.6238208143403505,1.7911740497714856,-0.008020695981748482,-0.001098060779430754
2024-07-01,1.6271204588946326,1.7926848086210638,0.002032025039426788,0.000843446146269855
2024-07-02,1.6322262413433066,1.8010655658234906,0.00313792529665724,0.004674975300802187
2024-07-03,1.6313133985540191,1.7989593359179934,-0.0005592624148330616,-0.001169435441698785
2024-07-05,1.6360892234154387,1.8029434789062868,0.002927594946288581,0.0022146931888598065
2024-07-08,1.6362481148819061,1.8018444696743858,9.71166267667023e-05,-0.000609563885257014
2024-07-09,1.6327144328165382,1.799463018415608,-0.002159624835150975,-0.001321674150493224
2024-07-10,1.6483036750250408,1.8192461948412497,0.009548051940479363,0.01099393331409515
2024-07-11,1.6488731594437551,1.8209406751290695,0.0003454972693097691,0.0009314188990059424
2024-07-12,1.6588572333098581,1.8332595367190045,0.006055089082456222,0.00676510869255087
2024-07-15,1.6620346794184404,1.8426014759942426,0.0019154427787873018,0.005095808361077703
2024-07-16,1.685984244422758,1.876031994637482,0.014409786571178973,0.018143108577073352
2024-07-17,1.697221017275239,1.8864273375087335,0.006664814863871049,0.005541133040889434
2024-07-18,1.679976015171025,1.8625679408932287,-0.010160728584365342,-0.012647927720881191
2024-07-19,1.662311925571128,1.846184404844035,-0.010514489159595963,-0.008796208551370643
2024-07-22,1.6644158132585125,1.8516821931145575,0.0012656395319197156,0.002977919354154146
2024-07-23,1.659634731439958,1.8486582219476477,-0.002872528475438063,-0.0016330940472152333
2024-07-24,1.6425658123921079,1.8265742700558256,-0.010284744422672132,-0.011945935505891181
2024-07-25,1.645729328430435,1.8303313951161109,0.001925959991654791,0.00205692433200122
2024-07-26,1.6750579501125877,1.8600208084002783,0.017821048197594003,0.016220785680335137
2024-07-29,1.6740876211586042,1.857912990956823,-0.0005792808266235072,-0.0011332225069395907
2024-07-30,1.6781167649763233,1.866618183189232,0.002406769972368883,0.0046854681972623435
2024-07-31,1.6826546057459928,1.8715663946829875,0.0027041269501490994,0.002650896438446404
2024-08-01,1.6633216894522014,1.8474671355141774,-0.011489533400243057,-0.012876518427171302
2024-08-02,1.6289016014994326,1.8195186740835123,-0.020693584512869956,-0.015127988419066818
2024-08-05,1.5866134737486006,1.7722360208260814,-0.025961130931361986,-0.025986352286956893
2024-08-06,1.5966667698935562,1.786668472724774,0.006336323440644387,0.008143639858964713
2024-08-07,1.5875398471582063,1.776634222578173,-0.005716235164058947,-0.005616179106411434
2024-08-08,1.615173281136762,1.8075607608965956,0.01740645063367774,0.017407375094657063
2024-08-09,1.6166575602894413,1.810447193547681,0.0009189596992555948,0.0015968661820549013
2024-08-12,1.6089203400315872,1.8041243185038456,-0.004785936396121349,-0.0034924382585527214
2024-08-13,1.6257116595149272,1.8225429338936874,0.010436389587199946,0.010209171951695906
2024-08-14,1.6324583505173276,1.8330808665379024,0.00414999238205227,0.005781994184192785
2024-08-15,1.6615768390519443,1.859608048531173,0.017837201497599597,0.01447136483584166
2024-08-16,1.6691828633064631,1.8650511389029574,0.004577594051478728,0.00292700947174529
2024-08-19,1.6793980636678774,1.8759184135126616,0.006119880922560439,0.0058267971226229065
2024-08-20,1.6765471471235056,1.8733963929837756,-0.001697582369569517,-0.0013444190913204368
2024-08-21,1.6822127692653164,1.8753682594493646,0.0033793395858454645,0.0010525623263575312
2024-08-22,1.6736966522332128,1.8684444291275735,-0.005062449404555913,-0.0036919843806165753
2024-08-23,1.6906231400323621,1.8883904003547367,0.01011323514124518,0.010675174983115099
2024-08-26,1.6954497624639842,1.8924715274801063,0.002854936926705909,0.0021611670577244
2024-08-27,1.6959624628373526,1.8932514415824298,0.00030239785614361026,0.00041211404821606124
2024-08-28,1.6877296415829437,1.8861440341440294,-0.004854365255605564,-0.0037540747532508467
2024-08-29,1.6983643154038468,1.8979283284069834,0.006301171442914644,0.006247823098145311
2024-08-30,1.7131925751018102,1.9084743430626219,0.008730906298179963,0.005556592679392791
2024-09-03,1.6868112488742,1.8811457430437772,-0.015398926315123962,-0.014319605667314939
2024-09-04,1.6830288308409649,1.8819255128244683,-0.002242348120312543,0.0004145185366815074
2024-09-05,1.6756605688169843,1.8729381718004159,-0.004377977304345304,-0.004775609322902441
2024-09-06,1.657643175591548,1.8546425184415107,-0.010752412249072973,-0.009768423557365957
2024-09-09,1.676913208257144,1.875643336481013,0.011624958223424242,0.011323377864295825
2024-09-10,1.674944021059681,1.872021152147166,-0.001174292854136172,-0.0019311690359228306
2024-09-11,1.6809730049717901,1.8766525776574652,0.00359951367705702,0.0024740241342824376
2024-09-12,1.6894352886016275,1.889032631619603,0.0050341579578070395,0.0065968811220196155
2024-09-13,1.7003450040767536,1.9026509651890569,0.006457610746462006,0.007209157397020549
2024-09-16,1.716107167883746,1.9138396440744596,0.009269979780104132,0.0058805735208984355
2024-09-17,1.716736922113707,1.9132894900111626,0.0003669667266394949,-0.0002874608983048921
2024-09-18,1.7116996872206398,1.9083828431475824,-0.0029341915049309053,-0.0025645083450238637
2024-09-19,1.7270575268658006,1.9323182972634434,0.008972274610914877,0.012542270646482612
2024-09-20,1.7358280017350227,1.9341952000948117,0.00507827604627531,0.0009713217713802624
2024-09-23,1.741095624570029,1.9366783981045406,0.0030346456156606916,0.0012838404363775258
2024-09-24,1.7464610187038572,1.9413692841274524,0.003081619445889583,0.002422129573760312
2024-09-25,1.7388900032726469,1.9275265304193767,-0.004335061218159408,-0.007130407296156105
2024-09-26,1.7496162011356788,1.9390236246335475,0.0061684165432229765,0.005964687921400147
2024-09-27,1.7544595841939592,1.9451408413509927,0.0027682545778533463,0.0031547922571604214
2024-09-30,1.7529098053790158,1.9459221986696416,-0.0008833368570615452,0.00040169704015169394
2024-10-01,1.7465503475201645,1.9384720273539249,-0.003627943570933656,-0.0038286069817231594
2024-10-02,1.7412092445346317,1.9403577338048792,-0.003058087041760027,0.000972779810255231
2024-10-03,1.732038162782372,1.9314818090811587,-0.005267076189174991,-0.0045743754201013065
2024-10-04,1.746570552978126,1.9472563078409733,0.008390340644924832,0.008167044952558378
2024-10-07,1.7283990050361804,1.9297802570333442,-0.01040413048929556,-0.008974704941131062
2024-10-08,1.7343496181641245,1.9352529333398023,0.0034428468835061565,0.002835906464744964
2024-10-09,1.7500094678427762,1.9547982677149944,0.009029234656405816,0.010099627825630675
2024-10-10,1.745449513870477,1.9530052157521403,-0.0026056738869648655,-0.0009172567791100317
2024-10-11,1.7620490915037852,1.971722865564634,0.009510202100603271,0.009584024487761189
2024-10-14,1.7680230919434428,1.9816565235333445,0.0033903711698288763,0.0050380599333699205
2024-10-15,1.7628072545247628,1.9662500449365434,-0.0029500957552237583,-0.007774545393634091
2024-10-16,1.7750321936435014,1.9808748775714307,0.006934926712696354,0.00743793124000125
2024-10-17,1.7816358168394157,1.9888314734957806,0.003720283620523901,0.004016707978095502
2024-10-18,1.784470703279508,1.990390580092264,0.001591170548603582,0.0007839309751787038
2024-10-21,1.771599783013595,1.9753467817580719,-0.007212738344349767,-0.007558214194067769
2024-10-22,1.7680346069400374,1.9750704058317303,-0.0020124048940065586,-0.000139912611240689
2024-10-23,1.7531339449816685,1.9559785300260233,-0.008427811254304363,-0.00966642796597783
2024-10-24,1.7432081609040528,1.9496293884450633,-0.005661737430860958,-0.0032460180331711497
2024-10-25,1.7319415024691496,1.937484434422356,-0.006463174443297803,-0.006229365485916016
2024-10-28,1.7412739041526888,1.950963497616395,0.005388404672002078,0.006956991733488405
2024-10-29,1.733922896278767,1.943741065836849,-0.004221626394555589,-0.0037019820147173865
2024-10-30,1.7285677328851319,1.9402901912808437,-0.0030884668546266036,-0.0017753777067623933
2024-10-31,1.7154156318128655,1.9215204413589981,-0.007608669780219901,-0.00967368180604733
2024-11-01,1.729844921532646,1.934171819990338,0.008411541466794015,0.006584045820710704
2024-11-04,1.719680100233999,1.9232684649724954,-0.005876145989804016,-0.005637221525591762
2024-11-05,1.733678896716576,1.9428205824644178,0.008140349173472616,0.010166088535227935
2024-11-06,1.7774458700994593,2.0115069997594426,0.02524514399164346,0.035353968305142036
2024-11-07,1.7810576903836013,2.0122433287287347,0.0020320282855870175,0.0003660583678706253
2024-11-08,1.7874451452555502,2.0247567358793526,0.0035863267688838185,0.0062186351779451865
2024-11-11,1.7913558738427586,2.038098693522465,0.002187887330466376,0.006589412647301618
2024-11-12,1.777134740317412,2.021444554412232,-0.007938753953361521,-0.008171409541237407
2024-11-13,1.7832691071438136,2.0233767324288685,0.0034518298963115424,0.0009558402244667086
2024-11-14,1.7778002315344021,2.0136695151016357,-0.0030667696689764545,-0.004797533337047022
2024-11-15,1.7709299557249514,2.000209502363094,-0.0038644813334967054,-0.006684320658180254
2024-11-18,1.773720023178076,1.9987359784947152,0.0015754815395747634,-0.0007366847655898567
2024-11-19,1.7681321293136294,1.9925216333185605,-0.003150381002315461,-0.003109137596469802
2024-11-20,1.7735214702679114,1.9991965088241956,0.003048041978839011,0.0033499638819569633
2024-11-21,1.7906507059282513,2.020740264845367,0.009658318744656835,0.010776207304324492
2024-11-22,1.8108446453684193,2.0400285623929806,0.011277430809544686,0.009545164157497288
2024-11-25,1.8279501849336293,2.0602830932705447,0.009446166245658194,0.009928552595266371
2024-11-26,1.831529292903186,2.0663594669659773,0.001957989883453193,0.0029492906655788076
2024-11-27,1.8293972566923564,2.0611117880846717,-0.0011640743170697743,-0.00253957695415441
2024-11-29,1.8361610670195927,2.0719298490176747,0.0036972889854800517,0.0052486531761850586
2024-12-02,1.8347224386975627,2.065715215198255,-0.0007834978901742895,-0.0029994421975078067
2024-12-03,1.8317546772830278,2.061802511418076,-0.001617553343186695,-0.001894115777137051
2024-12-04,1.8401076905608227,2.0758425527978535,0.004560115708389878,0.006809595633929577
2024-12-05,1.8387206712918411,2.065393089314394,-0.0007537707037998942,-0.005033842026879953
2024-12-06,1.8351687069661615,2.058395799281633,-0.0019317585216378497,-0.003387873266819108
2024-12-09,1.8230379224838735,2.048866963492237,-0.006610174005387326,-0.004629253417987589
2024-12-10,1.8189580391170141,2.0424683195913107,-0.002237958583604538,-0.0031230158008990205
2024-12-11,1.8186305652750365,2.037036053341968,-0.00018003375280528644,-0.0026596575316428783
2024-12-12,1.81428502889317,2.0267249943041277,-0.0023894552664187607,-0.005061795062941465
2024-12-13,1.8101958846882102,2.022581375911862,-0.0022538598620606143,-0.0020444897082292357
2024-12-16,1.8060399757987349,2.017978381763176,-0.0022958337960155006,-0.002275801707414926
2024-12-17,1.8007662702884883,2.0050891610813864,-0.0029200380838271256,-0.006387194629175363
2024-12-18,1.7585271886338512,1.9528404004477633,-0.02345617104871156,-0.026058073450182184
2024-12-19,1.7624478850094436,1.9542678857153575,0.0022295341243137035,0.0007309789715876924
2024-12-20,1.777916361031769,1.97842660539678,0.00877669981273943,0.01236203074205422
2024-12-23,1.7800962515934953,1.9800422860732252,0.001226092863255479,0.0008166492868817432
2024-12-24,1.7956536930122409,1.996708692522225,0.008739663040590706,0.008417197231707751
2024-12-26,1.7974936892951867,1.9999862367975325,0.0010246943996530256,0.0016414734345486792
2024-12-27,1.7843336388645514,1.9851671472452272,-0.00732133331483098,-0.007409595766035948
2024-12-30,1.7658599462788191,1.9656386985010437,-0.010353272607407593,-0.00983718110149201
2024-12-31,1.766809960511017,1.9643921925606724,0.0005379895694446191,-0.0006341480462924709
2025-01-02,1.7608171113968039,1.956543982182371,-0.0033919036275298353,-0.003995235985982504
2025-01-03,1.7727536717908006,1.9720558155709367,0.006778989320775031,0.007928180265727391
2025-01-06,1.769992588008554,1.9719171224820522,-0.0015575112471533092,-7.032919037552876e-05
2025-01-07,1.7645164961078261,1.9636075158444748,-0.0030938501877508795,-0.004213973570612373
2025-01-08,1.766510831679754,1.967300273456641,0.001130244787355128,0.0018805986340799663
2025-01-10,1.7425367467693254,1.935907287621803,-0.013571433857346937,-0.01595739412961039
2025-01-13,1.7541843511202675,1.952665338307475,0.006684280473589377,0.00865643246080161
2025-01-14,1.7596891478791965,1.9627760789193296,0.003138094782006995,0.005177917799584764
2025-01-15,1.7807787523289396,1.9955082251826386,0.011984846570862073,0.016676454647506667
2025-01-16,1.7813166880217888,1.9923689410313181,0.000302078903482883,-0.0015731752501462193
2025-01-17,1.7937116761451801,2.0077114851448976,0.006958329311536726,0.007700654129670248
2025-01-21,1.81349667062018,2.0325581860487065,0.011030197739203773,0.01237563319612911
2025-01-22,1.8198544103044378,2.0380082038588534,0.0035057906569431196,0.0026813588154845913
2025-01-23,1.8344492661153338,2.0569436350148718,0.008019793082488569,0.00929114569812084
2025-01-24,1.8288063896628344,2.051124009503753,-0.003076060241474443,-0.0028292586204369252
2025-01-27,1.840132146158267,2.0649797521587585,0.006192977320863768,0.006755195000792691
2025-01-28,1.8428379338463805,2.0709372048289665,0.0014704311827618,0.0028849932615464535
2025-01-29,1.8403391062209964,2.0652567053716306,-0.001355967108929934,-0.0027429607445799142
2025-01-30,1.8536214671345341,2.0728307046480787,0.007217344275649351,0.003667340363427307
2025-01-31,1.8381586749767176,2.0569896736156563,-0.008341936275543915,-0.007642221333802546
2025-02-03,1.8363886173669532,2.051816897661646,-0.0009629514763118685,-0.002514731124010905
2025-02-04,1.8396623344231742,2.0576362345294994,0.0017826929579398687,0.0028361872224005324
2025-02-05,1.851786557768696,2.0721378164901854,0.006590461259469826,0.007047689828421966
2025-02-06,1.8450617966272207,2.0660875650102453,-0.0036314990587135165,-0.002919811332910305
2025-02-07,1.8267952938312353,2.046505861583649,-0.009900211922102886,-0.009477673530501662
2025-02-10,1.8360632583468162,2.054172226704932,0.005073345955552311,0.00374607533024629
2025-02-11,1.8447354405025624,2.0603149883513394,0.004723248023357662,0.002990382971081784
2025-02-12,1.8397666643766255,2.0488614792701996,-0.0026934898180214217,-0.005559105838619849
2025-02-13,1.8554538959329525,2.0656263130726016,0.008526750625543311,0.008182512079037085
2025-02-14,1.8498050388926977,2.0588371348339836,-0.003044461009048427,-0.0032867407796133286
2025-02-18,1.8552583509197569,2.0594372241821444,0.0029480469089453454,0.00029147004297125356
2025-02-19,1.8624043371602053,2.0629013763283446,0.0038517472442076706,0.0016820867883340362
2025-02-20,1.8489942414360971,2.0431343639255486,-0.007200421227839149,-0.009582141264541821
2025-02-21,1.8273656594823917,2.00806983575853,-0.011697484756310939,-0.017162125402094497
2025-02-24,1.8322420193727367,2.009827673243041,0.0026685189496917783,0.0008753866290944767
2025-02-25,1.8415693779653044,2.0172286308820566,0.005090680430831274,0.0036823841852438033
2025-02-26,1.8316508968864116,2.0089490431440504,-0.005385885102982879,-0.00410443695437035
2025-02-27,1.825139867691725,1.9997447867062692,-0.00355473262167727,-0.004581627627237572
2025-02-28,1.848809296131716,2.02758904791823,0.012968555922196812,0.013923907389113754
2025-03-03,1.8277813087737034,1.9985418658989293,-0.011373800100426656,-0.014325971058644305
2025-03-04,1.7973792060537848,1.9683851391685514,-0.016633337136112814,-0.015089364523676707
2025-03-05,1.8135098703888841,1.9910488310583443,0.008974547096555652,0.011513850332850017
2025-03-06,1.7991704695576298,1.9699111961111804,-0.007906988026582629,-0.010616331763158349
2025-03-07,1.811917808158894,1.9808269627894226,0.00708511995775396,0.005541248102854057
2025-03-10,1.7814015898489188,1.9402632031355562,-0.016841944028897715,-0.02047819441873111
2025-03-11,1.7553070903356305,1.9182934096550845,-0.014648296971319863,-0.011323099590286212
2025-03-12,1.7496658169404173,1.9146393302404425,-0.0032138384367458306,-0.0019048594945123565
2025-03-13,1.7334718015338717,1.8907265346208926,-0.009255490534108679,-0.012489451794843731
2025-03-14,1.7577568746309253,1.9211607918506726,0.01400949993854228,0.016096593913768942
2025-03-17,1.7726876686656905,1.9389684937699116,0.00849423162569063,0.009269240760469977
2025-03-18,1.761371519207739,1.9265725644281926,-0.006383611539684919,-0.006393053513529701
2025-03-19,1.776980345717389,1.9445648537154687,0.008861745713176328,0.009339014589682115
2025-03-20,1.773145756502553,1.9431772012184594,-0.0021579243822688055,-0.0007136056657395251
2025-03-21,1.7707942117678042,1.9445720697970967,-0.0013261993415516482,0.000717828810343546
2025-03-24,1.7910599079906873,1.9717742440658235,0.011444410699000152,0.01398877145837285
2025-03-25,1.7873676482404794,1.9733037647276335,-0.002061494277067477,0.0007757078004306805
2025-03-26,1.7848861652402377,1.9659354237775752,-0.0013883450350489213,-0.0037340125133117352
2025-03-27,1.7811914190692744,1.9599571887922795,-0.002070017821257597,-0.0030409111677780487
2025-03-28,1.7548972641588987,1.9260356879550908,-0.014762116316569207,-0.017307266215386585
2025-03-31,1.7726857341749984,1.9457771554289247,0.010136473729489559,0.010249793187785405
2025-04-01,1.7709173355549683,1.9444332323865792,-0.0009975815712496283,-0.0006906870288798661
2025-04-02,1.7772303556459168,1.9557402550106762,0.003564830477516434,0.005815073737563514
2025-04-03,1.7016570130067865,1.877840921979917,-0.04252309915765751,-0.03983112421558965
2025-04-04,1.6079742266151977,1.775889811597458,-0.05505385966473564,-0.05429166506551897
2025-04-07,1.595681754329909,1.7589751719404647,-0.007644694847606104,-0.00952459975080211
2025-04-08,1.5753474146618252,1.7446558682016948,-0.012743355379546295,-0.008140708275588215
2025-04-09,1.7005375200717057,1.8818259308980056,0.07946825204696495,0.07862299104160808
2025-04-10,1.6532785513887762,1.8336311649228318,-0.027790606278970342,-0.025610639742951857
2025-04-11,1.6801873737090471,1.8625016972638861,0.016276036665247462,0.015745005262423728
2025-04-14,1.694305562299246,1.8787674668609153,0.008402746509773351,0.008733291154002343
2025-04-15,1.68737367429933,1.8708430546606254,-0.004091285630030694,-0.004217878124923136
2025-04-16,1.6550191295186878,1.838682277740599,-0.01917449897046497,-0.01719052639926577
2025-04-17,1.6552161208947804,1.8145125896151022,0.00011902664602425617,-0.013145113986303691
2025-04-21,1.620084699281373,1.7693540621456054,-0.021224673424770635,-0.024887414795549012
2025-04-22,1.6611353406016947,1.816877299564504,0.025338577259899076,0.026859088542894316
2025-04-23,1.6771511101852776,1.835608804253723,0.009641459784837103,0.010309724654333552
2025-04-24,1.6967711572612876,1.8591153344776328,0.01169843728263853,0.012805849573960026
2025-04-25,1.6992062967266601,1.8593006434538324,0.0014351608081923928,9.967589033510471e-05
2025-04-28,1.703746726795709,1.865096311573947,0.0026720887733264753,0.0031171226345345637
2025-04-29,1.7177547964444393,1.8787269124821677,0.008221920211741729,0.007308255784773898
2025-04-30,1.7229775635183089,1.8839662207087857,0.0030404613537857728,0.002788754550652417
2025-05-01,1.7238114412711019,1.8889734597502559,0.00048397481804118847,0.0026578178453680046
2025-05-02,1.7477047655039555,1.9150305861862973,0.013860752783515062,0.013794331678691929
2025-05-05,1.7415871862302146,1.9114138860744871,-0.003500350513707562,-0.0018885860820702094
2025-05-06,1.7282150799060854,1.8927756131598985,-0.0076781147850967235,-0.009751039819463903
2025-05-07,1.7456998832725037,1.905803671252205,0.010117261196082472,0.006883044139900374
2025-05-08,1.754182839484368,1.9189249611191421,0.004859343976103103,0.006884911633272095
2025-05-09,1.749822739417316,1.9121556992658164,-0.002485544818311869,-0.003527632393388491
2025-05-12,1.8004145868164512,1.9669119039434373,0.028912555688916264,0.028635850468999413
2025-05-13,1.7966954191794582,1.95430079104758,-0.002065728451783655,-0.006411630775416732
2025-05-14,1.7927705987441973,1.9498500562212386,-0.002184466211336611,-0.002277405221719042
2025-05-15,1.8108872095708795,1.96343490717194,0.010105370335375063,0.006967125963023291
2025-05-16,1.8247067190653123,1.9791734698452483,0.007631347453002091,0.008015831141546581
2025-05-19,1.8280193015711217,1.9860869090094957,0.0018154054408843212,0.003493094096894911
2025-05-20,1.8240402704173349,1.9811223891712613,-0.0021766899016695263,-0.0024996488399947614
2025-05-21,1.7924645145879583,1.9429817897279809,-0.01731088745214604,-0.01925201575215918
2025-05-22,1.7935256647242113,1.9433069463661257,0.0005920062169246787,0.00016734929779782526
2025-05-23,1.7832977802239818,1.9317532780719935,-0.005702669719979903,-0.0059453645836736735
2025-05-27,1.813539288990701,1.9666453418881096,0.016958193467229377,0.018062381056726196
2025-05-28,1.8020009971662938,1.9553707916313372,-0.006362305958548364,-0.005732884326742904
2025-05-29,1.8094108607467863,1.9601958967725244,0.0041120196893036365,0.002467616455067212
2025-05-30,1.811737404322998,1.9620055457231227,0.0012858017085468632,0.0009231980097386128
2025-06-02,1.8164599012962912,1.965996038863248,0.00260661228389103,0.002033884740450409
2025-06-03,1.825999285486511,1.9766680463041062,0.005251634887955436,0.0054282954949536055
2025-06-04,1.8223247501720004,1.9717029491793416,-0.0020123421425828347,-0.002511851766940909
2025-06-05,1.8158920026616796,1.967202134746504,-0.0035299677018125752,-0.002282704113573897
2025-06-06,1.8348943673751767,1.987664777418212,0.010464479542640293,0.010401901416370984
2025-06-09,1.836098809043684,1.987571689965214,0.0006564092679788303,-4.683257159632248e-05
2025-06-10,1.8443039059280388,1.99337139909104,0.004468766519503564,0.0029179873888862673
2025-06-11,1.8392079594727009,1.9933252161686226,-0.0027630730699850226,-2.3168247742733072e-05
2025-06-12,1.8405393781003203,1.9974548353625305,0.0007239086916528414,0.0020717237510523567
2025-06-13,1.811905789426078,1.9618199481036576,-0.015557172541342701,-0.017840146684671043
2025-06-16,1.8261265082782068,1.977920469431412,0.007848486899880935,0.008206931193312395
2025-06-17,1.810487005469136,1.9632120745712762,-0.008564304136747247,-0.007436292352221874
2025-06-18,1.8088938982542904,1.9619593628007053,-0.000879932973853581,-0.0006380929430889193
2025-06-20,1.8108048382839088,1.9625129805831831,0.0010564135527586505,0.00028217596805246714
2025-06-23,1.8277580655492964,1.98093924501955,0.009362260861559335,0.009389117228101762
2025-06-24,1.846124739625341,2.0045309250066667,0.01004874464636818,0.01190934050422321
2025-06-25,1.8418017347967763,2.000203440854527,-0.0023416645342405618,-0.002158851279445928
2025-06-26,1.857257958534009,2.019141758443196,0.008391904212718071,0.009468195685423897
2025-06-27,1.8825553408213533,2.038080220353498,0.01362082319857838,0.009379461264227285
2025-06-30,1.891503620212344,2.0504109163173023,0.004753262332828134,0.006050152413365595
2025-07-01,1.9102447731191818,2.0701404050956342,0.009908071391760753,0.009622212124078766
2025-07-02,1.9113226712302087,2.069302762340289,0.0005642722473031547,-0.0004046308903895568
2025-07-03,1.9241283536683198,2.085030212247891,0.006699906107360043,0.007600361916017873
2025-07-07,1.909617831791238,2.06599909584949,-0.0075413481899051504,-0.009127501504107016
2025-07-08,1.9037827241018341,2.0584610326595474,-0.0030556416012991194,-0.003648628503800433
2025-07-09,1.9120019738348146,2.0684186480192617,0.004317325516680626,0.004837407753524037
2025-07-10,1.9184271392125867,2.0776319967198944,0.0033604386740697656,0.0044542958986835135
2025-07-11,1.9060106369222662,2.0639983650573894,-0.006472230316454275,-0.0065621013172830756
2025-07-14,1.9073386884941674,2.068697621734989,0.0006967702835307676,0.002276773449609193
2025-07-15,1.89145078029182,2.0480841629572626,-0.00832988304499338,-0.009964461969283911
2025-07-16,1.9013148081613085,2.058367800884917,0.005215059240381903,0.005021101238733117
2025-07-17,1.91211664042257,2.0716759872660115,0.0056812434294915,0.006465407385100486
2025-07-18,1.9041070660898463,2.0633948119900474,-0.004188852376157182,-0.003997331304154805
2025-07-21,1.9070897208669546,2.0642324547453925,0.0015664322822106502,0.00040595369847684637
2025-07-22,1.9168410988450515,2.071307822781366,0.0051132245491123385,0.0034276023612109796
2025-07-23,1.9361057871961351,2.095747103716474,0.010050227096388475,0.011798961345248271
2025-07-24,1.9243084241638884,2.0813165279990047,-0.006093346298670865,-0.006885647458072963
2025-07-25,1.9309337816629297,2.0902077508157757,0.003442981081330565,0.004271922457329991
2025-07-28,1.9294884110395223,2.08704220012733,-0.0007485345365715323,-0.0015144670127694715
2025-07-29,1.92073241723315,2.078383768103869,-0.0045379872489905715,-0.004148661691140143
2025-07-30,1.9103719043337473,2.070377236894656,-0.005394042817441047,-0.003852287210902139
2025-07-31,1.8930974984817792,2.0544100687553812,-0.009042430854840577,-0.007712202324646755
2025-08-01,1.8737233934985342,2.028295502309583,-0.010234076691127969,-0.012711467317534586
2025-08-04,1.8958618196416044,2.0566448892354843,0.011815205072363666,0.013976951037765417
2025-08-05,1.8943604488950265,2.053525521469456,-0.000791919923183948,-0.0015167264812486758
2025-08-06,1.901221691809413,2.0573894445378316,0.0036219310418925676,0.0018816046004679343
2025-08-07,1.8974880519969008,2.0469158793417357,-0.00196381086361308,-0.0050907061975563606
2025-08-08,1.9085197201703612,2.0571566537445216,0.005813827476726763,0.0050030265074103575
2025-08-11,1.9009615193218576,2.048266008214281,-0.0039602424688747195,-0.00432181259218023
2025-08-12,1.9164166754490024,2.070004742761033,0.008130178317685255,0.010613237958142063
2025-08-13,1.9362457533752073,2.092069644197358,0.010346955430013294,0.010659348251972789
2025-08-14,1.9323714439897657,2.0908593629867585,-0.0020009388677486584,-0.000578509044360187
2025-08-15,1.9360924390034395,2.0938218531382,0.0019256106403595652,0.0014168768133737686
2025-08-18,1.9363272902016064,2.0915857337634036,0.000121301645229277,-0.0010679606631504024
2025-08-19,1.9382398418373978,2.092703937772434,0.000987721262551755,0.0005346202123011068
2025-08-20,1.9404474850933595,2.093029816018742,0.0011389938480828032,0.00015572114164164041
2025-08-21,1.9346587204448786,2.0864624601293595,-0.0029832111886307633,-0.003137726868064683
2025-08-22,1.9642911184144962,2.126938616552266,0.015316602177154914,0.01939941752913077
2025-08-25,1.9495902087252401,2.1103104553358927,-0.007484078888022494,-0.007817884863704938
2025-08-26,1.9545232552933247,2.11692442711259,0.002530299211602083,0.0031341226405690037
2025-08-27,1.9595813141674534,2.1240975008938023,0.002587873467573276,0.003388441122102792
2025-08-28,1.9606709250160546,2.1276374218970937,0.0005560426815276465,0.0016665529721691108
2025-08-29,1.9597424088256639,2.1243769075744274,-0.0004735706428569131,-0.0015324576871557083
2025-09-02,1.9511602477689531,2.1128254041047834,-0.0043792291364728175,-0.005437596044495341
2025-09-03,1.9490602584111236,2.111195579908348,-0.0010762772356759376,-0.0007713955887074242
2025-09-04,1.9619165185627703,2.128848280394224,0.0065961327240477985,0.0083614709380182
2025-09-05,1.952482672385777,2.1192532009754856,-0.0048084850133705,-0.004507169208395334
2025-09-08,1.9547513531863814,2.12488953801326,0.0011619467013410656,0.0026595864218490473
2025-09-09,1.959719762482289,2.1333199418572857,0.002541709096560485,0.003967455104469941
2025-09-10,1.9504535301063637,2.123631630663917,-0.0047283456304937355,-0.004541424379567616
2025-09-11,1.9730884447958938,2.1515321773125744,0.011604949484900429,0.013138129158461798
2025-09-12,1.9590186095292665,2.1394214275167824,-0.007130869020969155,-0.005628895502236553
2025-09-15,1.9593504153285954,2.142915021276024,0.00016937348002454833,0.0016329619374226834
2025-09-16,1.9550970104038141,2.1369063344262593,-0.0021708240095827946,-0.0028039781279738385
2025-09-17,1.9641586418406654,2.148457549252638,0.004634875603937161,0.005405578447817305
2025-09-18,1.9655655351522012,2.154838874557658,0.0007162829323283937,0.0029701891513935763
2025-09-19,1.969152159027173,2.1624434700202073,0.0018247287158981162,0.0035290784625880978
2025-09-22,1.970177697117199,2.1658535015542,0.0005208018513573887,0.0015769344176017608
2025-09-23,1.967287934294197,2.1621164372008397,-0.0014667523783414849,-0.0017254465044282963
2025-09-24,1.9623701387161283,2.1534747464867547,-0.0024997843438880896,-0.00399686648017572
2025-09-25,1.9548882382261084,2.146047666632247,-0.0038126856612865634,-0.0034488817974878128
2025-09-26,1.9653513039076544,2.159360615627216,0.0053522577285749495,0.006203473111042523
2025-09-29,1.9679976872633504,2.1629104948231532,0.001346519245915001,0.0016439492182300786
2025-09-30,1.9776053797975073,2.16618010140867,0.004881963325636285,0.001511669851037567
2025-10-01,1.9866867082210438,2.1686093231278236,0.004592083191271579,0.0011214310931828564
2025-10-02,1.9889618209521072,2.1725797555610242,0.0011451794194066167,0.0018308657031289588
2025-10-03,1.9940788735051682,2.1837905156562076,0.002572725378213514,0.005160114406151495
2025-10-06,1.9875429399002746,2.180660901054268,-0.0032776705534244277,-0.001433111179622082
2025-10-07,1.9854450190002833,2.17659680388154,-0.0010555348807189668,-0.0018636997484401396
2025-10-08,1.9863078656675588,2.1770639730061183,0.000434586029337547,0.00021463282668854333
2025-10-09,1.9749321419238797,2.165059299610254,-0.005727069776192972,-0.005514157390280272
2025-10-10,1.9382847169328201,2.1247478141700924,-0.01855629579017304,-0.01861911378012515
2025-10-13,1.9582980941976547,2.151886631242128,0.010325303135291675,0.012772723845646539
2025-10-14,1.9689450619622488,2.161369284109106,0.005436847329903793,0.004406669352048809
2025-10-15,1.9685665045585614,2.161369284109106,-0.00019226407633243792,0.0
2025-10-16,1.9569564292627493,2.1466552607053004,-0.00589773079493483,-0.006807732261204347
2025-10-17,1.971229633127113,2.1577527283189286,0.007293572637046886,0.0051696552384392636
2025-10-20,1.9921650024040376,2.182237759211556,0.010620461931527103,0.011347468396762705
2025-10-21,2.006914524834903,2.192517500455132,0.007403765457713929,0.0047106421837783685
2025-10-22,1.996869164499399,2.1764436786293997,-0.0050053752719392275,-0.007331217115665312
2025-10-23,2.000985068325158,2.183499563244978,0.0020611785183186626,0.0032419330143298453
2025-10-24,2.012756925185689,2.2064887004161813,0.005883030836598913,0.010528574201791097
2025-10-27,2.0246222097986637,2.221161159189811,0.005895041007935031,0.006649686794617304
2025-10-28,2.0280706630830507,2.229571935291809,0.0017032576584892212,0.003786657292830453
2025-10-29,2.018236485615816,2.2259273811049156,-0.004849030976211144,-0.0016346430133981071
2025-10-30,2.013598088152332,2.2195726109802862,-0.0022982427958974094,-0.002854886542378976
2025-10-31,2.0203163115565586,2.222656331303073,0.0033364271866145323,0.0013893306790377924
2025-11-03,2.0092079835390533,2.212376445737865,-0.005498311305988879,-0.004625045006027229
2025-11-04,1.9969723171405926,2.2003677313362893,-0.006089795829353872,-0.005427970644286462
2025-11-05,2.005127595837285,2.210694232788813,0.004083821606686078,0.004693079845454751
2025-11-06,1.9909003124995828,2.1927980617088174,-0.007095450367965994,-0.008095271980430918
2025-11-07,1.9960666522818304,2.1955081333249216,0.0025949766293227317,0.0012358965758991758
2025-11-10,2.0112932033384268,2.2140118984779704,0.007628277862961053,0.008428010296197996
2025-11-11,2.0379476603022573,2.240132526432335,0.013252397472227395,0.01179787153462053
2025-11-12,2.048047470717854,2.2557857950208042,0.004955873309375747,0.006987652919534515
2025-11-13,2.026578946029394,2.2183108069468642,-0.010482435097529774,-0.016612830950819224
2025-11-14,2.017551623384692,2.204573119387288,-0.004454463845284251,-0.006192859682491392
2025-11-17,1.9968816629278439,2.178966853731346,-0.010245071410946993,-0.011615067529744061
2025-11-18,1.982593398720267,2.1555099701490352,-0.007155288404334992,-0.010765140159035624
2025-11-19,1.9816929882470162,2.157659352222666,-0.00045415790944935974,0.0009971571012876712
2025-11-20,1.9669822969322939,2.1405572387649845,-0.0074232948302124235,-0.007926234250121067
2025-11-21,1.990761655535378,2.1641653714182127,0.012089259084929527,0.01102896583454549
2025-11-24,1.9938263540782248,2.1729141487836525,0.0015394603037111043,0.004042564159367545
2025-11-25,2.021852232749688,2.204447703888598,0.014056328734013412,0.01451210353736121
2025-11-26,2.031031169271935,2.219279060779671,0.004539865165993806,0.006727924125807361
2025-11-28,2.042556391452435,2.232519271671832,0.005674566867741149,0.0059659964022324985
2025-12-01,2.0299791977007535,2.214460017147051,-0.006157574794171561,-0.008089181918352284
2025-12-02,2.0353657214987915,2.2235365489400216,0.002653487190479087,0.004098756230723977
2025-12-03,2.050055442958166,2.2429525711324456,0.007217239292286681,0.008732045444308056
2025-12-04,2.0477810684189026,2.2413618580984327,-0.0011094209900887053,-0.0007092049357110275
2025-12-05,2.0474247821504346,2.245853002981889,-0.000173986503715029,0.0020037571654165642
2025-12-08,2.0360854931292303,2.2370574654075015,-0.0055383177541177275,-0.0039163460665988525
2025-12-09,2.0264417549227316,2.2289636196105924,-0.0047364112356977905,-0.0036180768362312765
2025-12-10,2.0458521051187266,2.252028958603784,0.00957853841534928,0.01034801052393175
2025-12-11,2.067003524444665,2.2825329231820874,0.010338684440100776,0.013545103166530792
2025-12-12,2.0656217802431027,2.2709770900634667,-0.0006684769451148487,-0.0050627235214248945
2025-12-15,2.0666994999663553,2.2699010279711422,0.0005217410726205962,-0.0004738322095069192
2025-12-16,2.053563937391854,2.254976150662175,-0.006355816399391978,-0.00657512249435277
2025-12-17,2.0473167335694056,2.244777085211197,-0.003042127741287981,-0.004522914997563521
2025-12-18,2.04881020246752,2.248099080549331,0.0007294762327814119,0.0014798776056739182
2025-12-19,2.0491997186433735,2.255994484101478,0.00019011823319914356,0.0035120353993549625
2025-12-22,2.057001379525136,2.266825822624676,0.0038071744841576827,0.004801136970648212
2025-12-23,2.059834259979671,2.2704361725846534,0.0013771893800038626,0.0015926896208537933
2025-12-24,2.073437111364142,2.283470725150425,0.006603857236846533,0.005740990529997214
2025-12-26,2.07424453014425,2.2835646785332178,0.00038941078833909515,4.11449911565942e-05
2025-12-29,2.0685324221686683,2.2721241583990084,-0.0027538257387543785,-0.0050099391717505215
2025-12-30,2.065670678627446,2.267435437200585,-0.0013834656447985205,-0.00206358494147052
2025-12-31,2.055798509771511,2.2532753202225226,-0.004779159116735321,-0.006244992358214407
